This is LuaTeX, Version 1.10.0 (TeX Live 2019/Debian)  (format=lualatex 2024.7.26)  16 JUN 2026 22:53
 restricted system commands enabled.
**poster.tex
(./poster.tex
LaTeX2e <2020-02-02> patch level 2
[\directlua]:1: module 'luaotfload-main' not found:
	no field package.preload['luaotfload-main']
	[kpse lua searcher] file not found: 'luaotfload-main'
	[kpse C searcher] file not found: 'luaotfload-main'
Error in luaotfload: reverting to OT1 L3 programming layer <2020-02-14>
(/usr/share/texlive/texmf-dist/tex/latex/beamer/beamer.cls
Document Class: beamer 2019/09/29 v3.57 A class for typesetting presentations
(/usr/share/texlive/texmf-dist/tex/latex/beamer/beamerbasemodes.sty
(/usr/share/texlive/texmf-dist/tex/latex/etoolbox/etoolbox.sty
Package: etoolbox 2019/09/21 v2.5h e-TeX tools for LaTeX (JAW)
\etb@tempcnta=\count163
)
\beamer@tempbox=\box45
\beamer@tempcount=\count164
\c@beamerpauses=\count165

(/usr/share/texlive/texmf-dist/tex/latex/beamer/beamerbasedecode.sty
\beamer@slideinframe=\count166
\beamer@minimum=\count167
\beamer@decode@box=\box46
)
\beamer@commentbox=\box47
\beamer@modecount=\count168
)
(/usr/share/texlive/texmf-dist/tex/generic/iftex/ifpdf.sty
Package: ifpdf 2019/10/25 v3.4 ifpdf legacy package. Use iftex instead.

(/usr/share/texlive/texmf-dist/tex/generic/iftex/iftex.sty
Package: iftex 2019/11/07 v1.0c TeX engine tests
))
\headdp=\dimen134
\footheight=\dimen135
\sidebarheight=\dimen136
\beamer@tempdim=\dimen137
\beamer@finalheight=\dimen138
\beamer@animht=\dimen139
\beamer@animdp=\dimen140
\beamer@animwd=\dimen141
\beamer@leftmargin=\dimen142
\beamer@rightmargin=\dimen143
\beamer@leftsidebar=\dimen144
\beamer@rightsidebar=\dimen145
\beamer@boxsize=\dimen146
\beamer@vboxoffset=\dimen147
\beamer@descdefault=\dimen148
\beamer@descriptionwidth=\dimen149
\beamer@lastskip=\skip47
\beamer@areabox=\box48
\beamer@animcurrent=\box49
\beamer@animshowbox=\box50
\beamer@sectionbox=\box51
\beamer@logobox=\box52
\beamer@linebox=\box53
\beamer@sectioncount=\count169
\beamer@subsubsectionmax=\count170
\beamer@subsectionmax=\count171
\beamer@sectionmax=\count172
\beamer@totalheads=\count173
\beamer@headcounter=\count174
\beamer@partstartpage=\count175
\beamer@sectionstartpage=\count176
\beamer@subsectionstartpage=\count177
\beamer@animationtempa=\count178
\beamer@animationtempb=\count179
\beamer@xpos=\count180
\beamer@ypos=\count181
\beamer@ypos@offset=\count182
\beamer@showpartnumber=\count183
\beamer@currentsubsection=\count184
\beamer@coveringdepth=\count185
\beamer@sectionadjust=\count186
\beamer@tocsectionnumber=\count187

(/usr/share/texlive/texmf-dist/tex/latex/beamer/beamerbaseoptions.sty
(/usr/share/texlive/texmf-dist/tex/latex/graphics/keyval.sty
Package: keyval 2014/10/28 v1.15 key=value parser (DPC)
\KV@toks@=\toks14
))
\beamer@paperwidth=\skip48
\beamer@paperheight=\skip49

(/usr/share/texlive/texmf-dist/tex/latex/geometry/geometry.sty
Package: geometry 2020/01/02 v5.9 Page Geometry

(/usr/share/texlive/texmf-dist/tex/generic/iftex/ifvtex.sty
Package: ifvtex 2019/10/25 v1.7 ifvtex legacy package. Use iftex instead.
)
\Gm@cnth=\count188
\Gm@cntv=\count189
\c@Gm@tempcnt=\count190
\Gm@bindingoffset=\dimen150
\Gm@wd@mp=\dimen151
\Gm@odd@mp=\dimen152
\Gm@even@mp=\dimen153
\Gm@layoutwidth=\dimen154
\Gm@layoutheight=\dimen155
\Gm@layouthoffset=\dimen156
\Gm@layoutvoffset=\dimen157
\Gm@dimlist=\toks15
)
(/usr/share/texlive/texmf-dist/tex/latex/base/size11.clo
File: size11.clo 2019/12/20 v1.4l Standard LaTeX file (size option)
LaTeX Font Info:    Trying to load font information for OT1+lmr on input line 54
.

(/usr/share/texmf/tex/latex/lm/ot1lmr.fd
File: ot1lmr.fd 2009/10/30 v1.6 Font defs for Latin Modern
))
(/usr/share/texlive/texmf-dist/tex/latex/pgf/basiclayer/pgfcore.sty
(/usr/share/texlive/texmf-dist/tex/latex/graphics/graphicx.sty
Package: graphicx 2019/11/30 v1.2a Enhanced LaTeX Graphics (DPC,SPQR)

(/usr/share/texlive/texmf-dist/tex/latex/graphics/graphics.sty
Package: graphics 2019/11/30 v1.4a Standard LaTeX Graphics (DPC,SPQR)

(/usr/share/texlive/texmf-dist/tex/latex/graphics/trig.sty
Package: trig 2016/01/03 v1.10 sin cos tan (DPC)
)
(/usr/share/texlive/texmf-dist/tex/latex/graphics-cfg/graphics.cfg
File: graphics.cfg 2016/06/04 v1.11 sample graphics configuration
)
Package graphics Info: Driver file: luatex.def on input line 105.

(/usr/share/texlive/texmf-dist/tex/latex/graphics-def/luatex.def
File: luatex.def 2018/01/08 v1.0l Graphics/color driver for luatex
))
\Gin@req@height=\dimen158
\Gin@req@width=\dimen159
)
(/usr/share/texlive/texmf-dist/tex/latex/pgf/systemlayer/pgfsys.sty
(/usr/share/texlive/texmf-dist/tex/latex/pgf/utilities/pgfrcs.sty
(/usr/share/texlive/texmf-dist/tex/generic/pgf/utilities/pgfutil-common.tex
\pgfutil@everybye=\toks16
\pgfutil@tempdima=\dimen160
\pgfutil@tempdimb=\dimen161

(/usr/share/texlive/texmf-dist/tex/generic/pgf/utilities/pgfutil-common-lists.t
ex)) (/usr/share/texlive/texmf-dist/tex/generic/pgf/utilities/pgfutil-latex.def
\pgfutil@abb=\box54
(/usr/share/texlive/texmf-dist/tex/latex/ms/everyshi.sty
Package: everyshi 2001/05/15 v3.00 EveryShipout Package (MS)
))
(/usr/share/texlive/texmf-dist/tex/generic/pgf/utilities/pgfrcs.code.tex
(/usr/share/texlive/texmf-dist/tex/generic/pgf/pgf.revision.tex)
Package: pgfrcs 2020/01/08 v3.1.5b (3.1.5b)
))
(/usr/share/texlive/texmf-dist/tex/generic/pgf/systemlayer/pgfsys.code.tex
Package: pgfsys 2020/01/08 v3.1.5b (3.1.5b)

(/usr/share/texlive/texmf-dist/tex/generic/pgf/utilities/pgfkeys.code.tex
\pgfkeys@pathtoks=\toks17
\pgfkeys@temptoks=\toks18

(/usr/share/texlive/texmf-dist/tex/generic/pgf/utilities/pgfkeysfiltered.code.t
ex
\pgfkeys@tmptoks=\toks19
))
\pgf@x=\dimen162
\pgf@y=\dimen163
\pgf@xa=\dimen164
\pgf@ya=\dimen165
\pgf@xb=\dimen166
\pgf@yb=\dimen167
\pgf@xc=\dimen168
\pgf@yc=\dimen169
\pgf@xd=\dimen170
\pgf@yd=\dimen171
\w@pgf@writea=\write3
\r@pgf@reada=\read2
\c@pgf@counta=\count191
\c@pgf@countb=\count192
\c@pgf@countc=\count193
\c@pgf@countd=\count194
\t@pgf@toka=\toks20
\t@pgf@tokb=\toks21
\t@pgf@tokc=\toks22
\pgf@sys@id@count=\count195
 (/usr/share/texlive/texmf-dist/tex/generic/pgf/systemlayer/pgf.cfg
File: pgf.cfg 2020/01/08 v3.1.5b (3.1.5b)
)
Driver file for pgf: pgfsys-luatex.def

(/usr/share/texlive/texmf-dist/tex/generic/pgf/systemlayer/pgfsys-luatex.def
File: pgfsys-luatex.def 2020/01/08 v3.1.5b (3.1.5b)

(/usr/share/texlive/texmf-dist/tex/generic/pgf/systemlayer/pgfsys-common-pdf.de
f
File: pgfsys-common-pdf.def 2020/01/08 v3.1.5b (3.1.5b)
)))
(/usr/share/texlive/texmf-dist/tex/generic/pgf/systemlayer/pgfsyssoftpath.code.
tex
File: pgfsyssoftpath.code.tex 2020/01/08 v3.1.5b (3.1.5b)
\pgfsyssoftpath@smallbuffer@items=\count196
\pgfsyssoftpath@bigbuffer@items=\count197
)
(/usr/share/texlive/texmf-dist/tex/generic/pgf/systemlayer/pgfsysprotocol.code.
tex
File: pgfsysprotocol.code.tex 2020/01/08 v3.1.5b (3.1.5b)
)) (/usr/share/texlive/texmf-dist/tex/latex/xcolor/xcolor.sty
Package: xcolor 2016/05/11 v2.12 LaTeX color extensions (UK)

(/usr/share/texlive/texmf-dist/tex/latex/graphics-cfg/color.cfg
File: color.cfg 2016/01/02 v1.6 sample color configuration
)
Package xcolor Info: Driver file: luatex.def on input line 225.
Package xcolor Info: Model `cmy' substituted by `cmy0' on input line 1348.
Package xcolor Info: Model `hsb' substituted by `rgb' on input line 1352.
Package xcolor Info: Model `RGB' extended on input line 1364.
Package xcolor Info: Model `HTML' substituted by `rgb' on input line 1366.
Package xcolor Info: Model `Hsb' substituted by `hsb' on input line 1367.
Package xcolor Info: Model `tHsb' substituted by `hsb' on input line 1368.
Package xcolor Info: Model `HSB' substituted by `hsb' on input line 1369.
Package xcolor Info: Model `Gray' substituted by `gray' on input line 1370.
Package xcolor Info: Model `wave' substituted by `hsb' on input line 1371.
)
(/usr/share/texlive/texmf-dist/tex/generic/pgf/basiclayer/pgfcore.code.tex
Package: pgfcore 2020/01/08 v3.1.5b (3.1.5b)

(/usr/share/texlive/texmf-dist/tex/generic/pgf/math/pgfmath.code.tex
(/usr/share/texlive/texmf-dist/tex/generic/pgf/math/pgfmathcalc.code.tex
(/usr/share/texlive/texmf-dist/tex/generic/pgf/math/pgfmathutil.code.tex)
(/usr/share/texlive/texmf-dist/tex/generic/pgf/math/pgfmathparser.code.tex
\pgfmath@dimen=\dimen172
\pgfmath@count=\count198
\pgfmath@box=\box55
\pgfmath@toks=\toks23
\pgfmath@stack@operand=\toks24
\pgfmath@stack@operation=\toks25
)
(/usr/share/texlive/texmf-dist/tex/generic/pgf/math/pgfmathfunctions.code.tex
(/usr/share/texlive/texmf-dist/tex/generic/pgf/math/pgfmathfunctions.basic.code
.tex)
(/usr/share/texlive/texmf-dist/tex/generic/pgf/math/pgfmathfunctions.trigonomet
ric.code.tex)
(/usr/share/texlive/texmf-dist/tex/generic/pgf/math/pgfmathfunctions.random.cod
e.tex)
(/usr/share/texlive/texmf-dist/tex/generic/pgf/math/pgfmathfunctions.comparison
.code.tex)
(/usr/share/texlive/texmf-dist/tex/generic/pgf/math/pgfmathfunctions.base.code.
tex)
(/usr/share/texlive/texmf-dist/tex/generic/pgf/math/pgfmathfunctions.round.code
.tex)
(/usr/share/texlive/texmf-dist/tex/generic/pgf/math/pgfmathfunctions.misc.code.
tex)
(/usr/share/texlive/texmf-dist/tex/generic/pgf/math/pgfmathfunctions.integerari
thmetics.code.tex)))
(/usr/share/texlive/texmf-dist/tex/generic/pgf/math/pgfmathfloat.code.tex
\c@pgfmathroundto@lastzeros=\count199
))
(/usr/share/texlive/texmf-dist/tex/generic/pgf/math/pgfint.code.tex)
(/usr/share/texlive/texmf-dist/tex/generic/pgf/basiclayer/pgfcorepoints.code.te
x
File: pgfcorepoints.code.tex 2020/01/08 v3.1.5b (3.1.5b)
\pgf@picminx=\dimen173
\pgf@picmaxx=\dimen174
\pgf@picminy=\dimen175
\pgf@picmaxy=\dimen176
\pgf@pathminx=\dimen177
\pgf@pathmaxx=\dimen178
\pgf@pathminy=\dimen179
\pgf@pathmaxy=\dimen180
\pgf@xx=\dimen181
\pgf@xy=\dimen182
\pgf@yx=\dimen183
\pgf@yy=\dimen184
\pgf@zx=\dimen185
\pgf@zy=\dimen186
)
(/usr/share/texlive/texmf-dist/tex/generic/pgf/basiclayer/pgfcorepathconstruct.
code.tex
File: pgfcorepathconstruct.code.tex 2020/01/08 v3.1.5b (3.1.5b)
\pgf@path@lastx=\dimen187
\pgf@path@lasty=\dimen188
)
(/usr/share/texlive/texmf-dist/tex/generic/pgf/basiclayer/pgfcorepathusage.code
.tex
File: pgfcorepathusage.code.tex 2020/01/08 v3.1.5b (3.1.5b)
\pgf@shorten@end@additional=\dimen189
\pgf@shorten@start@additional=\dimen190
)
(/usr/share/texlive/texmf-dist/tex/generic/pgf/basiclayer/pgfcorescopes.code.te
x
File: pgfcorescopes.code.tex 2020/01/08 v3.1.5b (3.1.5b)
\pgfpic=\box56
\pgf@hbox=\box57
\pgf@layerbox@main=\box58
\pgf@picture@serial@count=\count266
)
(/usr/share/texlive/texmf-dist/tex/generic/pgf/basiclayer/pgfcoregraphicstate.c
ode.tex
File: pgfcoregraphicstate.code.tex 2020/01/08 v3.1.5b (3.1.5b)
\pgflinewidth=\dimen191
)
(/usr/share/texlive/texmf-dist/tex/generic/pgf/basiclayer/pgfcoretransformation
s.code.tex
File: pgfcoretransformations.code.tex 2020/01/08 v3.1.5b (3.1.5b)
\pgf@pt@x=\dimen192
\pgf@pt@y=\dimen193
\pgf@pt@temp=\dimen194
)
(/usr/share/texlive/texmf-dist/tex/generic/pgf/basiclayer/pgfcorequick.code.tex
File: pgfcorequick.code.tex 2020/01/08 v3.1.5b (3.1.5b)
)
(/usr/share/texlive/texmf-dist/tex/generic/pgf/basiclayer/pgfcoreobjects.code.t
ex
File: pgfcoreobjects.code.tex 2020/01/08 v3.1.5b (3.1.5b)
)
(/usr/share/texlive/texmf-dist/tex/generic/pgf/basiclayer/pgfcorepathprocessing
.code.tex
File: pgfcorepathprocessing.code.tex 2020/01/08 v3.1.5b (3.1.5b)
)
(/usr/share/texlive/texmf-dist/tex/generic/pgf/basiclayer/pgfcorearrows.code.te
x
File: pgfcorearrows.code.tex 2020/01/08 v3.1.5b (3.1.5b)
\pgfarrowsep=\dimen195
)
(/usr/share/texlive/texmf-dist/tex/generic/pgf/basiclayer/pgfcoreshade.code.tex
File: pgfcoreshade.code.tex 2020/01/08 v3.1.5b (3.1.5b)
\pgf@max=\dimen196
\pgf@sys@shading@range@num=\count267
\pgf@shadingcount=\count268
)
(/usr/share/texlive/texmf-dist/tex/generic/pgf/basiclayer/pgfcoreimage.code.tex
File: pgfcoreimage.code.tex 2020/01/08 v3.1.5b (3.1.5b)

(/usr/share/texlive/texmf-dist/tex/generic/pgf/basiclayer/pgfcoreexternal.code.
tex
File: pgfcoreexternal.code.tex 2020/01/08 v3.1.5b (3.1.5b)
\pgfexternal@startupbox=\box59
))
(/usr/share/texlive/texmf-dist/tex/generic/pgf/basiclayer/pgfcorelayers.code.te
x
File: pgfcorelayers.code.tex 2020/01/08 v3.1.5b (3.1.5b)
)
(/usr/share/texlive/texmf-dist/tex/generic/pgf/basiclayer/pgfcoretransparency.c
ode.tex
File: pgfcoretransparency.code.tex 2020/01/08 v3.1.5b (3.1.5b)
)
(/usr/share/texlive/texmf-dist/tex/generic/pgf/basiclayer/pgfcorepatterns.code.
tex
File: pgfcorepatterns.code.tex 2020/01/08 v3.1.5b (3.1.5b)
)
(/usr/share/texlive/texmf-dist/tex/generic/pgf/basiclayer/pgfcorerdf.code.tex
File: pgfcorerdf.code.tex 2020/01/08 v3.1.5b (3.1.5b)
))) (/usr/share/texlive/texmf-dist/tex/latex/pgf/utilities/xxcolor.sty
Package: xxcolor 2003/10/24 ver 0.1
\XC@nummixins=\count269
\XC@countmixins=\count270
)
(/usr/share/texlive/texmf-dist/tex/generic/atbegshi/atbegshi.sty
Package: atbegshi 2019/12/05 v1.19 At begin shipout hook (HO)

(/usr/share/texlive/texmf-dist/tex/generic/infwarerr/infwarerr.sty
Package: infwarerr 2019/12/03 v1.5 Providing info/warning/error messages (HO)
)
(/usr/share/texlive/texmf-dist/tex/generic/ltxcmds/ltxcmds.sty
Package: ltxcmds 2019/12/15 v1.24 LaTeX kernel commands for general use (HO)
))
(/usr/share/texlive/texmf-dist/tex/latex/hyperref/hyperref.sty
Package: hyperref 2020/01/14 v7.00d Hypertext links for LaTeX

(/usr/share/texlive/texmf-dist/tex/latex/pdftexcmds/pdftexcmds.sty
Package: pdftexcmds 2019/11/24 v0.31 Utility functions of pdfTeX for LuaTeX (HO)

Package pdftexcmds Info: \pdf@primitive is available.
Package pdftexcmds Info: \pdf@ifprimitive is available.
Package pdftexcmds Info: \pdfdraftmode found.
\pdftexcmds@toks=\toks26
)
(/usr/share/texlive/texmf-dist/tex/generic/kvsetkeys/kvsetkeys.sty
Package: kvsetkeys 2019/12/15 v1.18 Key value parser (HO)
)
(/usr/share/texlive/texmf-dist/tex/generic/kvdefinekeys/kvdefinekeys.sty
Package: kvdefinekeys 2019-12-19 v1.6 Define keys (HO)
)
(/usr/share/texlive/texmf-dist/tex/generic/pdfescape/pdfescape.sty
Package: pdfescape 2019/12/09 v1.15 Implements pdfTeX's escape features (HO)
)
(/usr/share/texlive/texmf-dist/tex/latex/hycolor/hycolor.sty
Package: hycolor 2020-01-27 v1.10 Color options for hyperref/bookmark (HO)
)
(/usr/share/texlive/texmf-dist/tex/latex/letltxmacro/letltxmacro.sty
Package: letltxmacro 2019/12/03 v1.6 Let assignment for LaTeX macros (HO)
)
(/usr/share/texlive/texmf-dist/tex/latex/auxhook/auxhook.sty
Package: auxhook 2019-12-17 v1.6 Hooks for auxiliary files (HO)
)
(/usr/share/texlive/texmf-dist/tex/latex/kvoptions/kvoptions.sty
Package: kvoptions 2019/11/29 v3.13 Key value format for package options (HO)
)
\@linkdim=\dimen197
\Hy@linkcounter=\count271
\Hy@pagecounter=\count272

(/usr/share/texlive/texmf-dist/tex/latex/hyperref/pd1enc.def
File: pd1enc.def 2020/01/14 v7.00d Hyperref: PDFDocEncoding definition (HO)
)
(/usr/share/texlive/texmf-dist/tex/generic/intcalc/intcalc.sty
Package: intcalc 2019/12/15 v1.3 Expandable calculations with integers (HO)
)
(/usr/share/texlive/texmf-dist/tex/generic/etexcmds/etexcmds.sty
Package: etexcmds 2019/12/15 v1.7 Avoid name clashes with e-TeX commands (HO)
)
\Hy@SavedSpaceFactor=\count273
Package hyperref Info: Option `final' set `true' on input line 4421.
Package hyperref Info: Option `bookmarks' set `true' on input line 4421.
Package hyperref Info: Option `bookmarksopen' set `true' on input line 4421.
Package hyperref Info: Option `implicit' set `false' on input line 4421.
Package hyperref Info: Hyper figures OFF on input line 4547.
Package hyperref Info: Link nesting OFF on input line 4552.
Package hyperref Info: Hyper index ON on input line 4555.
Package hyperref Info: Plain pages OFF on input line 4562.
Package hyperref Info: Backreferencing OFF on input line 4567.
Package hyperref Info: Implicit mode OFF; no redefinition of LaTeX internals.
Package hyperref Info: Bookmarks ON on input line 4800.
\c@Hy@tempcnt=\count274

(/usr/share/texlive/texmf-dist/tex/latex/url/url.sty
\Urlmuskip=\muskip16
Package: url 2013/09/16  ver 3.4  Verb mode for urls, etc.
)
LaTeX Info: Redefining \url on input line 5159.
\XeTeXLinkMargin=\dimen198

(/usr/share/texlive/texmf-dist/tex/generic/bitset/bitset.sty
Package: bitset 2019/12/09 v1.3 Handle bit-vector datatype (HO)

(/usr/share/texlive/texmf-dist/tex/generic/bigintcalc/bigintcalc.sty
Package: bigintcalc 2019/12/15 v1.5 Expandable calculations on big integers (HO)

))
\Fld@menulength=\count275
\Field@Width=\dimen199
\Fld@charsize=\dimen256
Package hyperref Info: Hyper figures OFF on input line 6430.
Package hyperref Info: Link nesting OFF on input line 6435.
Package hyperref Info: Hyper index ON on input line 6438.
Package hyperref Info: backreferencing OFF on input line 6445.
Package hyperref Info: Link coloring OFF on input line 6450.
Package hyperref Info: Link coloring with OCG OFF on input line 6455.
Package hyperref Info: PDF/A mode OFF on input line 6460.
LaTeX Info: Redefining \ref on input line 6500.
LaTeX Info: Redefining \pageref on input line 6504.
\Hy@abspage=\count276


Package hyperref Message: Stopped early.

)
Package hyperref Info: Driver (autodetected): hluatex.
 (/usr/share/texlive/texmf-dist/tex/latex/hyperref/hluatex.def
File: hluatex.def 2020/01/14 v7.00d Hyperref driver for luaTeX

(/usr/share/texlive/texmf-dist/tex/latex/hyperref/puenc.def
File: puenc.def 2020/01/14 v7.00d Hyperref: PDF Unicode definition (HO)
)
(/usr/share/texlive/texmf-dist/tex/generic/stringenc/stringenc.sty
Package: stringenc 2019/11/29 v1.12 Convert strings between diff. encodings (HO)

)
(/usr/share/texlive/texmf-dist/tex/latex/atveryend/atveryend.sty
Package: atveryend 2019-12-11 v1.11 Hooks at the very end of document (HO)
)
\Fld@listcount=\count277
\c@bookmark@seq@number=\count278

(/usr/share/texlive/texmf-dist/tex/latex/rerunfilecheck/rerunfilecheck.sty
Package: rerunfilecheck 2019/12/05 v1.9 Rerun checks for auxiliary files (HO)

(/usr/share/texlive/texmf-dist/tex/generic/uniquecounter/uniquecounter.sty
Package: uniquecounter 2019/12/15 v1.4 Provide unlimited unique counter (HO)
)
Package uniquecounter Info: New unique counter `rerunfilecheck' on input line 28
6.
))
(/usr/share/texlive/texmf-dist/tex/latex/beamer/beamerbaserequires.sty
(/usr/share/texlive/texmf-dist/tex/latex/beamer/beamerbasecompatibility.sty)
(/usr/share/texlive/texmf-dist/tex/latex/beamer/beamerbasefont.sty
(/usr/share/texlive/texmf-dist/tex/latex/amsfonts/amssymb.sty
Package: amssymb 2013/01/14 v3.01 AMS font symbols

(/usr/share/texlive/texmf-dist/tex/latex/amsfonts/amsfonts.sty
Package: amsfonts 2013/01/14 v3.01 Basic AMSFonts support
\@emptytoks=\toks27
\symAMSa=\mathgroup4
\symAMSb=\mathgroup5
LaTeX Font Info:    Redeclaring math symbol \hbar on input line 98.
LaTeX Font Info:    Overwriting math alphabet `\mathfrak' in version `bold'
(Font)                  U/euf/m/n --> U/euf/b/n on input line 106.
))
(/usr/share/texlive/texmf-dist/tex/latex/sansmathaccent/sansmathaccent.sty
Package: sansmathaccent 2020/01/31

(/usr/share/texlive/texmf-dist/tex/latex/koma-script/scrlfile.sty
Package: scrlfile 2020/01/24 v3.29 KOMA-Script package (loading files)
)))
(/usr/share/texlive/texmf-dist/tex/latex/beamer/beamerbasetranslator.sty
(/usr/share/texlive/texmf-dist/tex/latex/translator/translator.sty
Package: translator 2019-05-31 v1.12a Easy translation of strings in LaTeX
))
(/usr/share/texlive/texmf-dist/tex/latex/beamer/beamerbasemisc.sty)
(/usr/share/texlive/texmf-dist/tex/latex/beamer/beamerbasetwoscreens.sty)
(/usr/share/texlive/texmf-dist/tex/latex/beamer/beamerbaseoverlay.sty
\beamer@argscount=\count279
\beamer@lastskipcover=\skip50
\beamer@trivlistdepth=\count280
)
(/usr/share/texlive/texmf-dist/tex/latex/beamer/beamerbasetitle.sty)
(/usr/share/texlive/texmf-dist/tex/latex/beamer/beamerbasesection.sty
\c@lecture=\count281
\c@part=\count282
\c@section=\count283
\c@subsection=\count284
\c@subsubsection=\count285
)
(/usr/share/texlive/texmf-dist/tex/latex/beamer/beamerbaseframe.sty
\beamer@framebox=\box60
\beamer@frametitlebox=\box61
\beamer@zoombox=\box62
\beamer@zoomcount=\count286
\beamer@zoomframecount=\count287
\beamer@frametextheight=\dimen257
\c@subsectionslide=\count288
\beamer@frametopskip=\skip51
\beamer@framebottomskip=\skip52
\beamer@frametopskipautobreak=\skip53
\beamer@framebottomskipautobreak=\skip54
\beamer@envbody=\toks28
\framewidth=\dimen258
\c@framenumber=\count289
)
(/usr/share/texlive/texmf-dist/tex/latex/beamer/beamerbaseverbatim.sty
\beamer@verbatimfileout=\write4
)
(/usr/share/texlive/texmf-dist/tex/latex/beamer/beamerbaseframesize.sty
\beamer@splitbox=\box63
\beamer@autobreakcount=\count290
\beamer@autobreaklastheight=\dimen259
\beamer@frametitletoks=\toks29
\beamer@framesubtitletoks=\toks30
)
(/usr/share/texlive/texmf-dist/tex/latex/beamer/beamerbaseframecomponents.sty
\beamer@footins=\box64
)
(/usr/share/texlive/texmf-dist/tex/latex/beamer/beamerbasecolor.sty)
(/usr/share/texlive/texmf-dist/tex/latex/beamer/beamerbasenotes.sty
\beamer@frameboxcopy=\box65
)
(/usr/share/texlive/texmf-dist/tex/latex/beamer/beamerbasetoc.sty)
(/usr/share/texlive/texmf-dist/tex/latex/beamer/beamerbasetemplates.sty
\beamer@sbttoks=\toks31

(/usr/share/texlive/texmf-dist/tex/latex/beamer/beamerbaseauxtemplates.sty
(/usr/share/texlive/texmf-dist/tex/latex/beamer/beamerbaseboxes.sty
\bmb@box=\box66
\bmb@colorbox=\box67
\bmb@boxshadow=\box68
\bmb@boxshadowball=\box69
\bmb@boxshadowballlarge=\box70
\bmb@temp=\dimen260
\bmb@dima=\dimen261
\bmb@dimb=\dimen262
\bmb@prevheight=\dimen263
)
\beamer@blockheadheight=\dimen264
))
(/usr/share/texlive/texmf-dist/tex/latex/beamer/beamerbaselocalstructure.sty
(/usr/share/texlive/texmf-dist/tex/latex/tools/enumerate.sty
Package: enumerate 2015/07/23 v3.00 enumerate extensions (DPC)
\@enLab=\toks32
)
\c@figure=\count291
\c@table=\count292
\abovecaptionskip=\skip55
\belowcaptionskip=\skip56
)
(/usr/share/texlive/texmf-dist/tex/latex/beamer/beamerbasenavigation.sty
\beamer@section@min@dim=\dimen265
)
(/usr/share/texlive/texmf-dist/tex/latex/beamer/beamerbasetheorems.sty
(/usr/share/texlive/texmf-dist/tex/latex/amsmath/amsmath.sty
Package: amsmath 2020/01/20 v2.17e AMS math features
\@mathmargin=\skip57

For additional information on amsmath, use the `?' option.
(/usr/share/texlive/texmf-dist/tex/latex/amsmath/amstext.sty
Package: amstext 2000/06/29 v2.01 AMS text

(/usr/share/texlive/texmf-dist/tex/latex/amsmath/amsgen.sty
File: amsgen.sty 1999/11/30 v2.0 generic functions
\@emptytoks=\toks33
\ex@=\dimen266
))
(/usr/share/texlive/texmf-dist/tex/latex/amsmath/amsbsy.sty
Package: amsbsy 1999/11/29 v1.2d Bold Symbols
\pmbraise@=\dimen267
)
(/usr/share/texlive/texmf-dist/tex/latex/amsmath/amsopn.sty
Package: amsopn 2016/03/08 v2.02 operator names
)
\inf@bad=\count293
LaTeX Info: Redefining \frac on input line 227.
\uproot@=\count294
\leftroot@=\count295
LaTeX Info: Redefining \overline on input line 389.
\classnum@=\count296
\DOTSCASE@=\count297
LaTeX Info: Redefining \ldots on input line 486.
LaTeX Info: Redefining \dots on input line 489.
LaTeX Info: Redefining \cdots on input line 610.
\Mathstrutbox@=\box71
\strutbox@=\box72
\big@size=\dimen268
LaTeX Font Info:    Redeclaring font encoding OML on input line 733.
LaTeX Font Info:    Redeclaring font encoding OMS on input line 734.
\macc@depth=\count298
\c@MaxMatrixCols=\count299
\dotsspace@=\muskip17
\c@parentequation=\count300
\dspbrk@lvl=\count301
\tag@help=\toks34
\row@=\count302
\column@=\count303
\maxfields@=\count304
\andhelp@=\toks35
\eqnshift@=\dimen269
\alignsep@=\dimen270
\tagshift@=\dimen271
\tagwidth@=\dimen272
\totwidth@=\dimen273
\lineht@=\dimen274
\@envbody=\toks36
\multlinegap=\skip58
\multlinetaggap=\skip59
\mathdisplay@stack=\toks37
LaTeX Info: Redefining \[ on input line 2859.
LaTeX Info: Redefining \] on input line 2860.
)
(/usr/share/texlive/texmf-dist/tex/latex/amscls/amsthm.sty
Package: amsthm 2017/10/31 v2.20.4
\thm@style=\toks38
\thm@bodyfont=\toks39
\thm@headfont=\toks40
\thm@notefont=\toks41
\thm@headpunct=\toks42
\thm@preskip=\skip60
\thm@postskip=\skip61
\thm@headsep=\skip62
\dth@everypar=\toks43
)
\c@theorem=\count305
)
(/usr/share/texlive/texmf-dist/tex/latex/beamer/beamerbasethemes.sty))
LaTeX Font Info:    Trying to load font information for OT1+lmss on input line 3
63.

(/usr/share/texmf/tex/latex/lm/ot1lmss.fd
File: ot1lmss.fd 2009/10/30 v1.6 Font defs for Latin Modern
)
(/usr/share/texlive/texmf-dist/tex/latex/beamer/beamerthemedefault.sty
(/usr/share/texlive/texmf-dist/tex/latex/beamer/beamerfontthemedefault.sty)
(/usr/share/texlive/texmf-dist/tex/latex/beamer/beamercolorthemedefault.sty)
(/usr/share/texlive/texmf-dist/tex/latex/beamer/beamerinnerthemedefault.sty
\beamer@dima=\dimen275
\beamer@dimb=\dimen276
)
(/usr/share/texlive/texmf-dist/tex/latex/beamer/beamerouterthemedefault.sty)))
(/usr/share/texlive/texmf-dist/tex/latex/base/fontenc.sty
Package: fontenc 2020/02/11 v2.0o Standard LaTeX package
LaTeX Font Info:    Trying to load font information for T1+lmss on input line 11
2.

(/usr/share/texmf/tex/latex/lm/t1lmss.fd
File: t1lmss.fd 2009/10/30 v1.6 Font defs for Latin Modern
))
(/usr/share/texmf/tex/latex/lm/lmodern.sty
Package: lmodern 2009/10/30 v1.6 Latin Modern Fonts
LaTeX Font Info:    Overwriting symbol font `operators' in version `normal'
(Font)                  OT1/cmr/m/n --> OT1/lmr/m/n on input line 22.
LaTeX Font Info:    Overwriting symbol font `letters' in version `normal'
(Font)                  OML/cmm/m/it --> OML/lmm/m/it on input line 23.
LaTeX Font Info:    Overwriting symbol font `symbols' in version `normal'
(Font)                  OMS/cmsy/m/n --> OMS/lmsy/m/n on input line 24.
LaTeX Font Info:    Overwriting symbol font `largesymbols' in version `normal'
(Font)                  OMX/cmex/m/n --> OMX/lmex/m/n on input line 25.
LaTeX Font Info:    Overwriting symbol font `operators' in version `bold'
(Font)                  OT1/cmr/bx/n --> OT1/lmr/bx/n on input line 26.
LaTeX Font Info:    Overwriting symbol font `letters' in version `bold'
(Font)                  OML/cmm/b/it --> OML/lmm/b/it on input line 27.
LaTeX Font Info:    Overwriting symbol font `symbols' in version `bold'
(Font)                  OMS/cmsy/b/n --> OMS/lmsy/b/n on input line 28.
LaTeX Font Info:    Overwriting symbol font `largesymbols' in version `bold'
(Font)                  OMX/cmex/m/n --> OMX/lmex/m/n on input line 29.
LaTeX Font Info:    Overwriting math alphabet `\mathbf' in version `normal'
(Font)                  OT1/cmr/bx/n --> OT1/lmr/bx/n on input line 31.
LaTeX Font Info:    Overwriting math alphabet `\mathsf' in version `normal'
(Font)                  OT1/cmss/m/n --> OT1/lmss/m/n on input line 32.
LaTeX Font Info:    Overwriting math alphabet `\mathit' in version `normal'
(Font)                  OT1/cmr/m/it --> OT1/lmr/m/it on input line 33.
LaTeX Font Info:    Overwriting math alphabet `\mathtt' in version `normal'
(Font)                  OT1/cmtt/m/n --> OT1/lmtt/m/n on input line 34.
LaTeX Font Info:    Overwriting math alphabet `\mathbf' in version `bold'
(Font)                  OT1/cmr/bx/n --> OT1/lmr/bx/n on input line 35.
LaTeX Font Info:    Overwriting math alphabet `\mathsf' in version `bold'
(Font)                  OT1/cmss/bx/n --> OT1/lmss/bx/n on input line 36.
LaTeX Font Info:    Overwriting math alphabet `\mathit' in version `bold'
(Font)                  OT1/cmr/bx/it --> OT1/lmr/bx/it on input line 37.
LaTeX Font Info:    Overwriting math alphabet `\mathtt' in version `bold'
(Font)                  OT1/cmtt/m/n --> OT1/lmtt/m/n on input line 38.
)
(/usr/share/texlive/texmf-dist/tex/latex/beamerposter/beamerposter.sty
Package: beamerposter 2018/04/23 v.1.13 latex-beamer poster extension

(/usr/share/texlive/texmf-dist/tex/latex/xkeyval/xkeyval.sty
Package: xkeyval 2014/12/03 v2.7a package option processing (HA)

(/usr/share/texlive/texmf-dist/tex/generic/xkeyval/xkeyval.tex
(/usr/share/texlive/texmf-dist/tex/generic/xkeyval/xkvutils.tex
\XKV@toks=\toks44
\XKV@tempa@toks=\toks45
)
\XKV@depth=\count306
File: xkeyval.tex 2014/12/03 v2.7a key=value parser (HA)
))
(/usr/share/texlive/texmf-dist/tex/latex/type1cm/type1cm.sty
Package: type1cm 2002/09/05 v0.04 BlueSky/Y&Y Type1 CM font definitions (DPC, pa
tched RF)
)
(/usr/share/texlive/texmf-dist/tex/latex/fp/fp.sty
Package: fp 1995/04/02

`Fixed Point Package', Version 0.8, April 2, 1995 (C) Michael Mehlich
(/usr/share/texlive/texmf-dist/tex/latex/fp/defpattern.sty
Package: defpattern 1994/10/12
\actioncount=\count307
)
(/usr/share/texlive/texmf-dist/tex/latex/fp/fp-basic.sty
Package: fp-basic 1996/05/13
\FP@xs=\count308
\FP@xia=\count309
\FP@xib=\count310
\FP@xfa=\count311
\FP@xfb=\count312
\FP@rega=\count313
\FP@regb=\count314
\FP@regs=\count315
\FP@times=\count316
)
(/usr/share/texlive/texmf-dist/tex/latex/fp/fp-addons.sty
Package: fp-addons 1995/03/15
)
(/usr/share/texlive/texmf-dist/tex/latex/fp/fp-snap.sty
Package: fp-snap 1995/04/05
)
(/usr/share/texlive/texmf-dist/tex/latex/fp/fp-exp.sty
Package: fp-exp 1995/04/03
)
(/usr/share/texlive/texmf-dist/tex/latex/fp/fp-trigo.sty
Package: fp-trigo 1995/04/14
)
(/usr/share/texlive/texmf-dist/tex/latex/fp/fp-pas.sty
Package: fp-pas 1994/08/29
)
(/usr/share/texlive/texmf-dist/tex/latex/fp/fp-random.sty
Package: fp-random 1995/02/23
\FPseed=\count317
)
(/usr/share/texlive/texmf-dist/tex/latex/fp/fp-eqn.sty
Package: fp-eqn 1995/04/03
)
(/usr/share/texlive/texmf-dist/tex/latex/fp/fp-upn.sty
Package: fp-upn 1996/10/21
)
(/usr/share/texlive/texmf-dist/tex/latex/fp/fp-eval.sty
Package: fp-eval 1995/04/03
))
Package beamerposter Info: checking size input, please wait. on input line 129.
Package beamerposter Info: the input a0\ 1\ was correct, we proceed. on input li
ne 129.
Package beamerposter Info: finished size input check. on input line 129.
Package beamerposter Info: myfontscale=1.0 on input line 129.
Package beamerposter Info: checking orientation input, please wait. on input lin
e 130.
Package beamerposter Info: the input portrait\ 0\ was correct, we proceed. on in
put line 130.
Package beamerposter Info: finished orientation check. on input line 130.
Package beamerposter Info: checking size input, please wait. on input line 130.
Package beamerposter Info: the input a1\ 2\ was correct, we proceed. on input li
ne 130.
Package beamerposter Info: finished size input check. on input line 130.
Package beamerposter Info: myfontscale=1.1 on input line 130.
 ( FP-UPN ( FP-MUL )
( FP-ROUND ) )
\tmp=\dimen277
Package beamerposter Info: paperwidth=1690.09352pt, paperheight=2392.87694pt on 
input line 173.
Package beamerposter Info: textwidth=1661.64076pt, textheight=2364.42418pt on in
put line 174.
Package beamerposter Info: fontscale=0.70710678, myfontscale=0.78 on input line 
175.
 ( FP-UPN ( FP-MUL ) ( FP-ROUND ) ) ( FP-UPN ( FP-MUL )
( FP-ROUND ) ) ( FP-UPN ( FP-MUL ) ( FP-ROUND ) ) ( FP-UPN ( FP-MUL )
( FP-ROUND ) ) ( FP-UPN ( FP-MUL ) ( FP-ROUND ) ) ( FP-UPN ( FP-MUL )
( FP-ROUND ) ) ( FP-UPN ( FP-MUL ) ( FP-ROUND ) ) ( FP-UPN ( FP-MUL )
( FP-ROUND ) ) ( FP-UPN ( FP-MUL ) ( FP-ROUND ) ) ( FP-UPN ( FP-MUL )
( FP-ROUND ) ) ( FP-UPN ( FP-MUL ) ( FP-ROUND ) ) ( FP-UPN ( FP-MUL )
( FP-ROUND ) ) ( FP-UPN ( FP-MUL ) ( FP-ROUND ) ) ( FP-UPN ( FP-MUL )
( FP-ROUND ) ) ( FP-UPN ( FP-MUL ) ( FP-ROUND ) ) ( FP-UPN ( FP-MUL )
( FP-ROUND ) ) ( FP-UPN ( FP-MUL ) ( FP-ROUND ) ) ( FP-UPN ( FP-MUL )
( FP-ROUND ) ) ( FP-UPN ( FP-MUL ) ( FP-ROUND ) ) ( FP-UPN ( FP-MUL )
( FP-ROUND ) ) ( FP-UPN ( FP-MUL ) ( FP-ROUND ) ) ( FP-UPN ( FP-MUL )
( FP-ROUND ) ) ( FP-UPN ( FP-MUL ) ( FP-ROUND ) ) ( FP-UPN ( FP-MUL )
( FP-ROUND ) ) ( FP-UPN ( FP-MUL ) ( FP-ROUND ) ) ( FP-UPN ( FP-MUL )
( FP-ROUND ) ) ( FP-UPN ( FP-MUL ) ( FP-ROUND ) ) ( FP-UPN ( FP-MUL )
( FP-ROUND ) ) ( FP-UPN ( FP-MUL ) ( FP-ROUND ) ) ( FP-UPN ( FP-MUL )
( FP-ROUND ) ) ( FP-UPN ( FP-MUL ) ( FP-ROUND ) ) ( FP-UPN ( FP-MUL )
( FP-ROUND ) )) (./beamerthemegemini.sty
(/usr/share/texlive/texmf-dist/tex/latex/base/exscale.sty
Package: exscale 2018/09/24 v2.1i Standard LaTeX package exscale
LaTeX Font Info:    Redeclaring symbol font `largesymbols' on input line 57.
LaTeX Font Info:    Overwriting symbol font `largesymbols' in version `normal'
(Font)                  OMX/lmex/m/n --> OMX/cmex/m/n on input line 57.
LaTeX Font Info:    Overwriting symbol font `largesymbols' in version `bold'
(Font)                  OMX/lmex/m/n --> OMX/cmex/m/n on input line 57.
\big@size=\dimen278
)
(/usr/share/texlive/texmf-dist/tex/latex/ragged2e/ragged2e.sty
Package: ragged2e 2019/07/28 v2.2 ragged2e Package (MS)

(/usr/share/texlive/texmf-dist/tex/latex/ms/everysel.sty
Package: everysel 2011/10/28 v1.2 EverySelectfont Package (MS)
)
\CenteringLeftskip=\skip63
\RaggedLeftLeftskip=\skip64
\RaggedRightLeftskip=\skip65
\CenteringRightskip=\skip66
\RaggedLeftRightskip=\skip67
\RaggedRightRightskip=\skip68
\CenteringParfillskip=\skip69
\RaggedLeftParfillskip=\skip70
\RaggedRightParfillskip=\skip71
\JustifyingParfillskip=\skip72
\CenteringParindent=\skip73
\RaggedLeftParindent=\skip74
\RaggedRightParindent=\skip75
\JustifyingParindent=\skip76
)
(/usr/share/texlive/texmf-dist/tex/latex/changepage/changepage.sty
Package: changepage 2009/10/20 v1.0c check page and change page layout
\c@cp@cntr=\count318
\cp@tempcnt=\count319
)
(/usr/share/texlive/texmf-dist/tex/latex/fontspec/fontspec.sty
(/usr/share/texlive/texmf-dist/tex/latex/l3packages/xparse/xparse.sty
(/usr/share/texlive/texmf-dist/tex/latex/l3kernel/expl3.sty
Package: expl3 2020-02-14 L3 programming layer (loader) 

(/usr/share/texlive/texmf-dist/tex/latex/l3backend/l3backend-pdfmode.def
File: l3backend-pdfmode.def 2020-02-03 L3 backend support: PDF mode
\l__kernel_color_stack_int=\count320
\l__pdf_internal_box=\box73
))
Package: xparse 2020-02-14 L3 Experimental document command parser
\l__xparse_current_arg_int=\count321
\g__xparse_grabber_int=\count322
\l__xparse_m_args_int=\count323
\l__xparse_v_nesting_int=\count324
)
Package: fontspec 2020/02/03 v2.7h Font selection for XeLaTeX and LuaLaTeX
Lua module: fontspec 2020/02/03 2.7h Font selection for XeLaTeX and LuaLaTeX
(/usr/share/texlive/texmf-dist/tex/latex/fontspec/fontspec-luatex.sty
Package: fontspec-luatex 2020/02/03 v2.7h Font selection for XeLaTeX and LuaLaTe
X
\l__fontspec_script_int=\count325
\l__fontspec_language_int=\count326
\l__fontspec_strnum_int=\count327
\l__fontspec_tmp_int=\count328
\l__fontspec_tmpa_int=\count329
\l__fontspec_tmpb_int=\count330
\l__fontspec_tmpc_int=\count331
\l__fontspec_em_int=\count332
\l__fontspec_emdef_int=\count333
\l__fontspec_strong_int=\count334
\l__fontspec_strongdef_int=\count335
\l__fontspec_tmpa_dim=\dimen279
\l__fontspec_tmpb_dim=\dimen280
\l__fontspec_tmpc_dim=\dimen281

(/usr/share/texlive/texmf-dist/tex/latex/base/fontenc.sty
Package: fontenc 2020/02/11 v2.0o Standard LaTeX package

! Font \TU/lmss/m/n/10.95=[lmsans10-regular]:+tlig; at 10.95pt not loadable: met
ric data not found or bad.
<to be read again> 
relax 
l.112 ...lt\familydefault\seriesdefault\shapedefault
                                                  
I wasn't able to read the size data for this font,
so I will ignore the font specification.
[Wizards can fix TFM files using TFtoPL/PLtoTF.]
You might try inserting a different font spec;
e.g., type `I\font<same font id>=<substitute font name>'.

)
! Font \TU/lmss/m/n/19.41=[lmsans17-regular]:+tlig; at 19.41pt not loadable: met
ric data not found or bad.
<to be read again> 
relax 
l.479 ...if_in:NnT \@filelist {.cls} { \normalsize }
                                                  
I wasn't able to read the size data for this font,
so I will ignore the font specification.
[Wizards can fix TFM files using TFtoPL/PLtoTF.]
You might try inserting a different font spec;
e.g., type `I\font<same font id>=<substitute font name>'.

(/usr/share/texlive/texmf-dist/tex/latex/fontspec/fontspec.cfg)
! Font \TU/lmss/bx/n/19.41=[lmsans10-bold]:+tlig; at 19.41pt not loadable: metri
c data not found or bad.
<to be read again> 
relax 
l.3907 \strongfontdeclare{ \bfseries }
                                    
I wasn't able to read the size data for this font,
so I will ignore the font specification.
[Wizards can fix TFM files using TFtoPL/PLtoTF.]
You might try inserting a different font spec;
e.g., type `I\font<same font id>=<substitute font name>'.

)) (/usr/share/texlive/texmf-dist/tex/latex/tools/calc.sty
Package: calc 2017/05/25 v4.3 Infix arithmetic (KKT,FJ)
\calc@Acount=\count336
\calc@Bcount=\count337
\calc@Adimen=\dimen282
\calc@Bdimen=\dimen283
\calc@Askip=\skip77
\calc@Bskip=\skip78
LaTeX Info: Redefining \setlength on input line 80.
LaTeX Info: Redefining \addtolength on input line 81.
\calc@Ccount=\count338
\calc@Cskip=\skip79
)

! Package fontspec Error: The font "Raleway" cannot be found.

For immediate help type H <return>.
 ...                                              
                                                  
l.19 \newfontfamily
                 \Lato[Ligatures=TeX]{Lato}

A font might not be found for many reasons.
 Check the spelling, where the font is installed etc. etc.

 When in doubt, ask someone for help!


...share/texlive/texmf-dist/tex/latex/fontspec/fontspec.lua:48: attempt to index
 a nil value (global 'luaotfload')
stack traceback:
	...share/texlive/texmf-dist/tex/latex/fontspec/fontspec.lua:48: in field 'check
_ot_script'
	[\directlua]:1: in main chunk.
\lua_now:e #1->\__lua_now:n {#1}
                                
l.19 \newfontfamily
                 \Lato[Ligatures=TeX]{Lato}
The lua interpreter ran into a problem, so the
remainder of this lua chunk will be ignored.

...share/texlive/texmf-dist/tex/latex/fontspec/fontspec.lua:48: attempt to index
 a nil value (global 'luaotfload')
stack traceback:
	...share/texlive/texmf-dist/tex/latex/fontspec/fontspec.lua:48: in field 'check
_ot_script'
	[\directlua]:1: in main chunk.
\lua_now:e #1->\__lua_now:n {#1}
                                
l.19 \newfontfamily
                 \Lato[Ligatures=TeX]{Lato}
The lua interpreter ran into a problem, so the
remainder of this lua chunk will be ignored.


Package fontspec Info: Could not resolve font "Raleway/BI" (it probably
(fontspec)             doesn't exist).


Package fontspec Info: Could not resolve font "Raleway/B" (it probably doesn't
(fontspec)             exist).


Package fontspec Info: Could not resolve font "Raleway/I" (it probably doesn't
(fontspec)             exist).


! Package fontspec Error: The font "Raleway" cannot be found.

For immediate help type H <return>.
 ...                                              
                                                  
l.19 \newfontfamily
                 \Lato[Ligatures=TeX]{Lato}

A font might not be found for many reasons.
 Check the spelling, where the font is installed etc. etc.

 When in doubt, ask someone for help!



! Package fontspec Error: The font "Raleway" cannot be found.

For immediate help type H <return>.
 ...                                              
                                                  
l.19 \newfontfamily
                 \Lato[Ligatures=TeX]{Lato}

A font might not be found for many reasons.
 Check the spelling, where the font is installed etc. etc.

 When in doubt, ask someone for help!



Package fontspec Info: Font family 'Raleway(0)' created for font 'Raleway'
(fontspec)             with options [Ligatures=TeX].
(fontspec)              
(fontspec)              This font family consists of the following NFSS
(fontspec)             series/shapes:
(fontspec)              
(fontspec)             - 'normal' (m/n) with NFSS spec.:
(fontspec)             <->"Raleway:mode=node;language=dflt;+tlig;"
(fontspec)             - 'small caps'  (m/sc) with NFSS spec.: 


! Package fontspec Error: The font "Lato" cannot be found.

For immediate help type H <return>.
 ...                                              
                                                  
l.20 
   

A font might not be found for many reasons.
 Check the spelling, where the font is installed etc. etc.

 When in doubt, ask someone for help!


...share/texlive/texmf-dist/tex/latex/fontspec/fontspec.lua:48: attempt to index
 a nil value (global 'luaotfload')
stack traceback:
	...share/texlive/texmf-dist/tex/latex/fontspec/fontspec.lua:48: in field 'check
_ot_script'
	[\directlua]:1: in main chunk.
\lua_now:e #1->\__lua_now:n {#1}
                                
l.20 
   
The lua interpreter ran into a problem, so the
remainder of this lua chunk will be ignored.

...share/texlive/texmf-dist/tex/latex/fontspec/fontspec.lua:48: attempt to index
 a nil value (global 'luaotfload')
stack traceback:
	...share/texlive/texmf-dist/tex/latex/fontspec/fontspec.lua:48: in field 'check
_ot_script'
	[\directlua]:1: in main chunk.
\lua_now:e #1->\__lua_now:n {#1}
                                
l.20 
   
The lua interpreter ran into a problem, so the
remainder of this lua chunk will be ignored.


Package fontspec Info: Could not resolve font "Lato/BI" (it probably doesn't
(fontspec)             exist).


Package fontspec Info: Could not resolve font "Lato/B" (it probably doesn't
(fontspec)             exist).


Package fontspec Info: Could not resolve font "Lato/I" (it probably doesn't
(fontspec)             exist).


! Package fontspec Error: The font "Lato" cannot be found.

For immediate help type H <return>.
 ...                                              
                                                  
l.20 
   

A font might not be found for many reasons.
 Check the spelling, where the font is installed etc. etc.

 When in doubt, ask someone for help!



! Package fontspec Error: The font "Lato" cannot be found.

For immediate help type H <return>.
 ...                                              
                                                  
l.20 
   

A font might not be found for many reasons.
 Check the spelling, where the font is installed etc. etc.

 When in doubt, ask someone for help!



Package fontspec Info: Font family 'Lato(0)' created for font 'Lato' with
(fontspec)             options [Ligatures=TeX].
(fontspec)              
(fontspec)              This font family consists of the following NFSS
(fontspec)             series/shapes:
(fontspec)              
(fontspec)             - 'normal' (m/n) with NFSS spec.:
(fontspec)             <->"Lato:mode=node;language=dflt;+tlig;"
(fontspec)             - 'small caps'  (m/sc) with NFSS spec.: 


(/usr/share/texlive/texmf-dist/tex/latex/beamer/beamerfontthemeprofessionalfont
s.sty)

! Package fontspec Error: The font "Lato-Light" cannot be found.

For immediate help type H <return>.
 ...                                              
                                                  
l.28 ]
    

A font might not be found for many reasons.
 Check the spelling, where the font is installed etc. etc.

 When in doubt, ask someone for help!


...share/texlive/texmf-dist/tex/latex/fontspec/fontspec.lua:48: attempt to index
 a nil value (global 'luaotfload')
stack traceback:
	...share/texlive/texmf-dist/tex/latex/fontspec/fontspec.lua:48: in field 'check
_ot_script'
	[\directlua]:1: in main chunk.
\lua_now:e #1->\__lua_now:n {#1}
                                
l.28 ]
    
The lua interpreter ran into a problem, so the
remainder of this lua chunk will be ignored.

...share/texlive/texmf-dist/tex/latex/fontspec/fontspec.lua:48: attempt to index
 a nil value (global 'luaotfload')
stack traceback:
	...share/texlive/texmf-dist/tex/latex/fontspec/fontspec.lua:48: in field 'check
_ot_script'
	[\directlua]:1: in main chunk.
\lua_now:e #1->\__lua_now:n {#1}
                                
l.28 ]
    
The lua interpreter ran into a problem, so the
remainder of this lua chunk will be ignored.


! Package fontspec Error: The font "Lato-Light" cannot be found.

For immediate help type H <return>.
 ...                                              
                                                  
l.28 ]
    

A font might not be found for many reasons.
 Check the spelling, where the font is installed etc. etc.

 When in doubt, ask someone for help!



! Package fontspec Error: The font "Lato-Light" cannot be found.

For immediate help type H <return>.
 ...                                              
                                                  
l.28 ]
    

A font might not be found for many reasons.
 Check the spelling, where the font is installed etc. etc.

 When in doubt, ask someone for help!



! Package fontspec Error: The font "Lato-Regular" cannot be found.

For immediate help type H <return>.
 ...                                              
                                                  
l.28 ]
    

A font might not be found for many reasons.
 Check the spelling, where the font is installed etc. etc.

 When in doubt, ask someone for help!



! Package fontspec Error: The font "Lato-Regular" cannot be found.

For immediate help type H <return>.
 ...                                              
                                                  
l.28 ]
    

A font might not be found for many reasons.
 Check the spelling, where the font is installed etc. etc.

 When in doubt, ask someone for help!



! Package fontspec Error: The font "Lato-LightItalic" cannot be found.

For immediate help type H <return>.
 ...                                              
                                                  
l.28 ]
    

A font might not be found for many reasons.
 Check the spelling, where the font is installed etc. etc.

 When in doubt, ask someone for help!



! Package fontspec Error: The font "Lato-LightItalic" cannot be found.

For immediate help type H <return>.
 ...                                              
                                                  
l.28 ]
    

A font might not be found for many reasons.
 Check the spelling, where the font is installed etc. etc.

 When in doubt, ask someone for help!



! Package fontspec Error: The font "Lato-Italic" cannot be found.

For immediate help type H <return>.
 ...                                              
                                                  
l.28 ]
    

A font might not be found for many reasons.
 Check the spelling, where the font is installed etc. etc.

 When in doubt, ask someone for help!



! Package fontspec Error: The font "Lato-Italic" cannot be found.

For immediate help type H <return>.
 ...                                              
                                                  
l.28 ]
    

A font might not be found for many reasons.
 Check the spelling, where the font is installed etc. etc.

 When in doubt, ask someone for help!



Package fontspec Info: Font family 'Lato(1)' created for font 'Lato' with
(fontspec)             options
(fontspec)             [Ligatures=TeX,UprightFont=*-Light,ItalicFont=*-LightItal
ic,BoldFont=*-Regular,BoldItalicFont=*-Italic].
(fontspec)              
(fontspec)              This font family consists of the following NFSS
(fontspec)             series/shapes:
(fontspec)              
(fontspec)             - 'normal' (m/n) with NFSS spec.:
(fontspec)             <->"Lato-Light:mode=node;language=dflt;+tlig;"
(fontspec)             - 'small caps'  (m/sc) with NFSS spec.: 
(fontspec)             - 'bold' (b/n) with NFSS spec.:
(fontspec)             <->"Lato-Regular:mode=node;language=dflt;+tlig;"
(fontspec)             - 'bold small caps'  (b/sc) with NFSS spec.: 
(fontspec)             - 'italic' (m/it) with NFSS spec.:
(fontspec)             <->"Lato-LightItalic:mode=node;language=dflt;+tlig;"
(fontspec)             - 'italic small caps'  (m/scit) with NFSS spec.: 
(fontspec)             - 'bold italic' (b/it) with NFSS spec.:
(fontspec)             <->"Lato-Italic:mode=node;language=dflt;+tlig;"
(fontspec)             - 'bold italic small caps'  (b/scit) with NFSS spec.: 

\logoleftwidth=\skip80
\logorightwidth=\skip81
\maxlogowidth=\skip82
) (./beamercolorthememit.sty)
(/usr/share/texlive/texmf-dist/tex/latex/doublestroke/dsfont.sty
Package: dsfont 1995/08/01 v0.1 Double stroke roman fonts
)
(/usr/share/texlive/texmf-dist/tex/latex/pgfplots/pgfplots.sty
(/usr/share/texlive/texmf-dist/tex/generic/pgfplots/pgfplots.revision.tex)
Package: pgfplots 2018/03/28 v1.16 Data Visualization (1.16)

(/usr/share/texlive/texmf-dist/tex/latex/pgf/frontendlayer/tikz.sty
(/usr/share/texlive/texmf-dist/tex/latex/pgf/basiclayer/pgf.sty
Package: pgf 2020/01/08 v3.1.5b (3.1.5b)

(/usr/share/texlive/texmf-dist/tex/generic/pgf/modules/pgfmoduleshapes.code.tex
File: pgfmoduleshapes.code.tex 2020/01/08 v3.1.5b (3.1.5b)
\pgfnodeparttextbox=\box74
) (/usr/share/texlive/texmf-dist/tex/generic/pgf/modules/pgfmoduleplot.code.tex
File: pgfmoduleplot.code.tex 2020/01/08 v3.1.5b (3.1.5b)
)
(/usr/share/texlive/texmf-dist/tex/latex/pgf/compatibility/pgfcomp-version-0-65
.sty
Package: pgfcomp-version-0-65 2020/01/08 v3.1.5b (3.1.5b)
\pgf@nodesepstart=\dimen284
\pgf@nodesepend=\dimen285
)
(/usr/share/texlive/texmf-dist/tex/latex/pgf/compatibility/pgfcomp-version-1-18
.sty
Package: pgfcomp-version-1-18 2020/01/08 v3.1.5b (3.1.5b)
)) (/usr/share/texlive/texmf-dist/tex/latex/pgf/utilities/pgffor.sty
(/usr/share/texlive/texmf-dist/tex/latex/pgf/utilities/pgfkeys.sty
(/usr/share/texlive/texmf-dist/tex/generic/pgf/utilities/pgfkeys.code.tex))
(/usr/share/texlive/texmf-dist/tex/latex/pgf/math/pgfmath.sty
(/usr/share/texlive/texmf-dist/tex/generic/pgf/math/pgfmath.code.tex))
(/usr/share/texlive/texmf-dist/tex/generic/pgf/utilities/pgffor.code.tex
Package: pgffor 2020/01/08 v3.1.5b (3.1.5b)

(/usr/share/texlive/texmf-dist/tex/generic/pgf/math/pgfmath.code.tex)
\pgffor@iter=\dimen286
\pgffor@skip=\dimen287
\pgffor@stack=\toks46
\pgffor@toks=\toks47
))
(/usr/share/texlive/texmf-dist/tex/generic/pgf/frontendlayer/tikz/tikz.code.tex
Package: tikz 2020/01/08 v3.1.5b (3.1.5b)

(/usr/share/texlive/texmf-dist/tex/generic/pgf/libraries/pgflibraryplothandlers
.code.tex
File: pgflibraryplothandlers.code.tex 2020/01/08 v3.1.5b (3.1.5b)
\pgf@plot@mark@count=\count339
\pgfplotmarksize=\dimen288
)
\tikz@lastx=\dimen289
\tikz@lasty=\dimen290
\tikz@lastxsaved=\dimen291
\tikz@lastysaved=\dimen292
\tikz@lastmovetox=\dimen293
\tikz@lastmovetoy=\dimen294
\tikzleveldistance=\dimen295
\tikzsiblingdistance=\dimen296
\tikz@figbox=\box75
\tikz@figbox@bg=\box76
\tikz@tempbox=\box77
\tikz@tempbox@bg=\box78
\tikztreelevel=\count340
\tikznumberofchildren=\count341
\tikznumberofcurrentchild=\count342
\tikz@fig@count=\count343

(/usr/share/texlive/texmf-dist/tex/generic/pgf/modules/pgfmodulematrix.code.tex
File: pgfmodulematrix.code.tex 2020/01/08 v3.1.5b (3.1.5b)
\pgfmatrixcurrentrow=\count344
\pgfmatrixcurrentcolumn=\count345
\pgf@matrix@numberofcolumns=\count346
)
\tikz@expandcount=\count347

(/usr/share/texlive/texmf-dist/tex/generic/pgf/frontendlayer/tikz/libraries/tik
zlibrarytopaths.code.tex
File: tikzlibrarytopaths.code.tex 2020/01/08 v3.1.5b (3.1.5b)
)))
(/usr/share/texlive/texmf-dist/tex/generic/pgfplots/pgfplots.code.tex
(/usr/share/texlive/texmf-dist/tex/generic/pgfplots/pgfplotscore.code.tex
Package pgfplots info on input line 124: Initializing with LUA version Lua 5.3
\pgfplots@luabackend@table=\catcodetable5
\t@pgfplots@toka=\toks48
\t@pgfplots@tokb=\toks49
\t@pgfplots@tokc=\toks50
\pgfplots@tmpa=\dimen297
\c@pgfplots@coordindex=\count348
\c@pgfplots@scanlineindex=\count349

(/usr/share/texlive/texmf-dist/tex/generic/pgfplots/sys/pgfplotssysgeneric.code
.tex))
(/usr/share/texlive/texmf-dist/tex/generic/pgfplots/libs/pgfplotslibrary.code.t
ex)
(/usr/share/texlive/texmf-dist/tex/generic/pgfplots/oldpgfcompatib/pgfplotsoldp
gfsupp_loader.code.tex
(/usr/share/texlive/texmf-dist/tex/generic/pgf/libraries/pgflibraryfpu.code.tex
)
(/usr/share/texlive/texmf-dist/tex/generic/pgf/libraries/luamath/pgflibraryluam
ath.code.tex)
Package pgfplots info on input line 275: luamath library shipped with pgf 3.1.5b
 is up-to-date
)
(/usr/share/texlive/texmf-dist/tex/generic/pgfplots/util/pgfplotsutil.code.tex
Package pgfplots info on input line 82: Found new luatex: initializing lua comma
nds instead of write18 (shell-escape)

(/usr/share/texlive/texmf-dist/tex/generic/pgfplots/liststructure/pgfplotslists
tructure.code.tex)
(/usr/share/texlive/texmf-dist/tex/generic/pgfplots/liststructure/pgfplotslists
tructureext.code.tex)
(/usr/share/texlive/texmf-dist/tex/generic/pgfplots/liststructure/pgfplotsarray
.code.tex
\c@pgfplotsarray@tmp=\count350
)
(/usr/share/texlive/texmf-dist/tex/generic/pgfplots/liststructure/pgfplotsmatri
x.code.tex)
(/usr/share/texlive/texmf-dist/tex/generic/pgfplots/numtable/pgfplotstableshare
d.code.tex
\c@pgfplotstable@counta=\count351
\t@pgfplotstable@a=\toks51
)
(/usr/share/texlive/texmf-dist/tex/generic/pgfplots/liststructure/pgfplotsdeque
.code.tex)
(/usr/share/texlive/texmf-dist/tex/generic/pgfplots/util/pgfplotsbinary.code.te
x
(/usr/share/texlive/texmf-dist/tex/generic/pgfplots/util/pgfplotsbinary.data.co
de.tex))
(/usr/share/texlive/texmf-dist/tex/generic/pgfplots/util/pgfplotsutil.verb.code
.tex)
(/usr/share/texlive/texmf-dist/tex/generic/pgfplots/libs/pgflibrarypgfplots.sur
fshading.code.tex
\c@pgfplotslibrarysurf@no=\count352

(/usr/share/texlive/texmf-dist/tex/generic/pgfplots/sys/pgflibrarypgfplots.surf
shading.pgfsys-luatex.def)))
(/usr/share/texlive/texmf-dist/tex/generic/pgfplots/util/pgfplotscolormap.code.
tex
(/usr/share/texlive/texmf-dist/tex/generic/pgfplots/util/pgfplotscolor.code.tex
))
(/usr/share/texlive/texmf-dist/tex/generic/pgfplots/pgfplotsstackedplots.code.t
ex)
(/usr/share/texlive/texmf-dist/tex/generic/pgfplots/pgfplotsplothandlers.code.t
ex
(/usr/share/texlive/texmf-dist/tex/generic/pgfplots/pgfplotsmeshplothandler.cod
e.tex
(/usr/share/texlive/texmf-dist/tex/generic/pgfplots/pgfplotsmeshplotimage.code.
tex)))
(/usr/share/texlive/texmf-dist/tex/generic/pgfplots/pgfplots.scaling.code.tex)
(/usr/share/texlive/texmf-dist/tex/generic/pgfplots/pgfplotscoordprocessing.cod
e.tex)
(/usr/share/texlive/texmf-dist/tex/generic/pgfplots/pgfplots.errorbars.code.tex
) (/usr/share/texlive/texmf-dist/tex/generic/pgfplots/pgfplots.markers.code.tex
) (/usr/share/texlive/texmf-dist/tex/generic/pgfplots/pgfplotsticks.code.tex)
(/usr/share/texlive/texmf-dist/tex/generic/pgfplots/pgfplots.paths.code.tex)
(/usr/share/texlive/texmf-dist/tex/generic/pgf/frontendlayer/tikz/libraries/tik
zlibrarydecorations.code.tex
(/usr/share/texlive/texmf-dist/tex/generic/pgf/modules/pgfmoduledecorations.cod
e.tex
\pgfdecoratedcompleteddistance=\dimen298
\pgfdecoratedremainingdistance=\dimen299
\pgfdecoratedinputsegmentcompleteddistance=\dimen300
\pgfdecoratedinputsegmentremainingdistance=\dimen301
\pgf@decorate@distancetomove=\dimen302
\pgf@decorate@repeatstate=\count353
\pgfdecorationsegmentamplitude=\dimen303
\pgfdecorationsegmentlength=\dimen304
)
\tikz@lib@dec@box=\box79
)
(/usr/share/texlive/texmf-dist/tex/generic/pgf/frontendlayer/tikz/libraries/tik
zlibrarydecorations.pathmorphing.code.tex
(/usr/share/texlive/texmf-dist/tex/generic/pgf/libraries/decorations/pgflibrary
decorations.pathmorphing.code.tex))
(/usr/share/texlive/texmf-dist/tex/generic/pgf/frontendlayer/tikz/libraries/tik
zlibrarydecorations.pathreplacing.code.tex
(/usr/share/texlive/texmf-dist/tex/generic/pgf/libraries/decorations/pgflibrary
decorations.pathreplacing.code.tex))
\pgfplots@numplots=\count354
\pgfplots@xmin@reg=\dimen305
\pgfplots@xmax@reg=\dimen306
\pgfplots@ymin@reg=\dimen307
\pgfplots@ymax@reg=\dimen308
\pgfplots@zmin@reg=\dimen309
\pgfplots@zmax@reg=\dimen310
)
(/usr/share/texlive/texmf-dist/tex/generic/pgf/frontendlayer/tikz/libraries/tik
zlibraryplotmarks.code.tex
File: tikzlibraryplotmarks.code.tex 2020/01/08 v3.1.5b (3.1.5b)

(/usr/share/texlive/texmf-dist/tex/generic/pgf/libraries/pgflibraryplotmarks.co
de.tex
File: pgflibraryplotmarks.code.tex 2020/01/08 v3.1.5b (3.1.5b)
))) (/usr/share/texlive/texmf-dist/tex/latex/tools/array.sty
Package: array 2019/08/31 v2.4l Tabular extension package (FMi)
\col@sep=\dimen311
\ar@mcellbox=\box80
\extrarowheight=\dimen312
\NC@list=\toks52
\extratabsurround=\skip83
\backup@length=\skip84
\ar@cellbox=\box81
)
(/usr/share/texlive/texmf-dist/tex/latex/booktabs/booktabs.sty
Package: booktabs 2020/01/12 v1.61803398 Publication quality tables
\heavyrulewidth=\dimen313
\lightrulewidth=\dimen314
\cmidrulewidth=\dimen315
\belowrulesep=\dimen316
\belowbottomsep=\dimen317
\aboverulesep=\dimen318
\abovetopsep=\dimen319
\cmidrulesep=\dimen320
\cmidrulekern=\dimen321
\defaultaddspace=\dimen322
\@cmidla=\count355
\@cmidlb=\count356
\@aboverulesep=\dimen323
\@belowrulesep=\dimen324
\@thisruleclass=\count357
\@lastruleclass=\count358
\@thisrulewidth=\dimen325
)
(/usr/share/texlive/texmf-dist/tex/latex/anyfontsize/anyfontsize.sty
Package: anyfontsize 2007/11/22 anyfontsize.sty by pts
)
(/usr/share/texlive/texmf-dist/tex/latex/textpos/textpos.sty
Package: textpos 2019/04/15 v1.9.1

Package: textpos 2019/04/15 1.9.1, absolute positioning of text on the page
\TP@textbox=\box82
\TP@holdbox=\box83
\TPHorizModule=\dimen326
\TPVertModule=\dimen327
\TP@margin=\dimen328
\TP@absmargin=\dimen329
Grid set 16 x 16 = 105.63084pt x 149.5548pt
\TPboxrulesize=\dimen330
\TP@ox=\dimen331
\TP@oy=\dimen332
\TP@tbargs=\toks53
\TP@prevdepth=\dimen333
TextBlockOrigin set to 0pt x 0pt
)
\sepwidth=\skip85
\colwidth=\skip86
 (./poster.aux)
\openout1 = poster.aux

LaTeX Font Info:    Checking defaults for OML/cmm/m/it on input line 42.
LaTeX Font Info:    ... okay on input line 42.
LaTeX Font Info:    Checking defaults for OMS/cmsy/m/n on input line 42.
LaTeX Font Info:    ... okay on input line 42.
LaTeX Font Info:    Checking defaults for OT1/cmr/m/n on input line 42.
LaTeX Font Info:    ... okay on input line 42.
LaTeX Font Info:    Checking defaults for T1/cmr/m/n on input line 42.
LaTeX Font Info:    ... okay on input line 42.
LaTeX Font Info:    Checking defaults for TS1/cmr/m/n on input line 42.
LaTeX Font Info:    Trying to load font information for TS1+cmr on input line 42
.
 (/usr/share/texlive/texmf-dist/tex/latex/base/ts1cmr.fd
File: ts1cmr.fd 2019/12/16 v2.5j Standard LaTeX font definitions
)
LaTeX Font Info:    ... okay on input line 42.
LaTeX Font Info:    Checking defaults for TU/lmr/m/n on input line 42.
LaTeX Font Info:    ... okay on input line 42.
LaTeX Font Info:    Checking defaults for OMX/cmex/m/n on input line 42.
LaTeX Font Info:    ... okay on input line 42.
LaTeX Font Info:    Checking defaults for U/cmr/m/n on input line 42.
LaTeX Font Info:    ... okay on input line 42.
LaTeX Font Info:    Checking defaults for PD1/pdf/m/n on input line 42.
LaTeX Font Info:    ... okay on input line 42.
LaTeX Font Info:    Checking defaults for PU/pdf/m/n on input line 42.
LaTeX Font Info:    ... okay on input line 42.

! Font \TU/Lato(1)/m/n/19.41=Lato-Light:mode=node;language=dflt;+tlig; at 19.41p
t not loadable: metric data not found or bad.
<to be read again> 
relax 
l.42 \begin{document}
                   
I wasn't able to read the size data for this font,
so I will ignore the font specification.
[Wizards can fix TFM files using TFtoPL/PLtoTF.]
You might try inserting a different font spec;
e.g., type `I\font<same font id>=<substitute font name>'.

*geometry* driver: auto-detecting
*geometry* detected driver: luatex
*geometry* verbose mode - [ preamble ] result:
* driver: luatex
* paper: custom
* layout: <same size as paper>
* layoutoffset:(h,v)=(0.0pt,0.0pt)
* modes: includehead includefoot 
* h-part:(L,W,R)=(28.45274pt, 1633.18803pt, 28.45274pt)
* v-part:(T,H,B)=(0.0pt, 2392.87694pt, 0.0pt)
* \paperwidth=1690.09352pt
* \paperheight=2392.87694pt
* \textwidth=1633.18803pt
* \textheight=2364.42421pt
* \oddsidemargin=-43.81725pt
* \evensidemargin=-43.81725pt
* \topmargin=-72.26999pt
* \headheight=14.22636pt
* \headsep=0.0pt
* \topskip=11.0pt
* \footskip=14.22636pt
* \marginparwidth=4.0pt
* \marginparsep=10.0pt
* \columnsep=10.0pt
* \skip\footins=10.0pt plus 4.0pt minus 2.0pt
* \hoffset=0.0pt
* \voffset=0.0pt
* \mag=1000
* \@twocolumnfalse
* \@twosidefalse
* \@mparswitchfalse
* \@reversemarginfalse
* (1in=72.27pt=25.4mm, 1cm=28.453pt)

(/usr/share/texlive/texmf-dist/tex/context/base/mkii/supp-pdf.mkii
[Loading MPS to PDF converter (version 2006.09.02).]
\scratchcounter=\count359
\scratchdimen=\dimen334
\scratchbox=\box84
\nofMPsegments=\count360
\nofMParguments=\count361
\everyMPshowfont=\toks54
\MPscratchCnt=\count362
\MPscratchDim=\dimen335
\MPnumerator=\count363
\makeMPintoPDFobject=\count364
\everyMPtoPDFconversion=\toks55
) (/usr/share/texlive/texmf-dist/tex/latex/epstopdf-pkg/epstopdf-base.sty
Package: epstopdf-base 2020-01-24 v2.11 Base part for package epstopdf

(/usr/share/texlive/texmf-dist/tex/latex/grfext/grfext.sty
Package: grfext 2019/12/03 v1.3 Manage graphics extensions (HO)
)
Package epstopdf-base Info: Redefining graphics rule for `.eps' on input line 48
5.
Package grfext Info: Graphics extension search list:
(grfext)             [.pdf,.png,.jpg,.mps,.jpeg,.jbig2,.jb2,.PDF,.PNG,.JPG,.JPEG
,.JBIG2,.JB2,.eps]
(grfext)             \AppendGraphicsExtensions on input line 504.

(/usr/share/texlive/texmf-dist/tex/latex/latexconfig/epstopdf-sys.cfg
File: epstopdf-sys.cfg 2010/07/13 v1.3 Configuration of (r)epstopdf for TeX Live

))
ABD: EveryShipout initializing macros
\AtBeginShipoutBox=\box85
Package hyperref Info: Link coloring OFF on input line 42.

(/usr/share/texlive/texmf-dist/tex/latex/hyperref/nameref.sty
Package: nameref 2019/09/16 v2.46 Cross-referencing by name of section

(/usr/share/texlive/texmf-dist/tex/latex/refcount/refcount.sty
Package: refcount 2019/12/15 v3.6 Data extraction from label references (HO)
)
(/usr/share/texlive/texmf-dist/tex/generic/gettitlestring/gettitlestring.sty
Package: gettitlestring 2019/12/15 v1.6 Cleanup title references (HO)
)
\c@section@level=\count365
)
LaTeX Info: Redefining \ref on input line 42.
LaTeX Info: Redefining \pageref on input line 42.
LaTeX Info: Redefining \nameref on input line 42.

(./poster.out) (./poster.out)
\@outlinefile=\write5

\openout5 = poster.out

(/usr/share/texlive/texmf-dist/tex/latex/translator/translator-basic-dictionary
-English.dict
Dictionary: translator-basic-dictionary, Language: English 
)
(/usr/share/texlive/texmf-dist/tex/latex/translator/translator-bibliography-dic
tionary-English.dict
Dictionary: translator-bibliography-dictionary, Language: English 
)
(/usr/share/texlive/texmf-dist/tex/latex/translator/translator-environment-dict
ionary-English.dict
Dictionary: translator-environment-dictionary, Language: English 
)
(/usr/share/texlive/texmf-dist/tex/latex/translator/translator-months-dictionar
y-English.dict
Dictionary: translator-months-dictionary, Language: English 
)
(/usr/share/texlive/texmf-dist/tex/latex/translator/translator-numbers-dictiona
ry-English.dict
Dictionary: translator-numbers-dictionary, Language: English 
)
(/usr/share/texlive/texmf-dist/tex/latex/translator/translator-theorem-dictiona
ry-English.dict
Dictionary: translator-theorem-dictionary, Language: English 
) ABD: EverySelectfont initializing macros
LaTeX Info: Redefining \selectfont on input line 42.

Package pgfplots notification 'compat/show suggested version=true': document has
 been generated with the most recent feature set (\pgfplotsset{compat=1.16}).

(./poster.nav)
! Font \TU/Lato(1)/m/n/9.36=Lato-Light:mode=node;language=dflt;+tlig; at 9.36pt 
not loadable: metric data not found or bad.
<to be read again> 
relax 
l.42 \begin{document}
                   
I wasn't able to read the size data for this font,
so I will ignore the font specification.
[Wizards can fix TFM files using TFtoPL/PLtoTF.]
You might try inserting a different font spec;
e.g., type `I\font<same font id>=<substitute font name>'.

! Font \TU/Raleway(0)/m/n/19.41=Raleway:mode=node;language=dflt;+tlig; at 19.41p
t not loadable: metric data not found or bad.
<to be read again> 
relax 
l.42 \begin{document}
                   
I wasn't able to read the size data for this font,
so I will ignore the font specification.
[Wizards can fix TFM files using TFtoPL/PLtoTF.]
You might try inserting a different font spec;
e.g., type `I\font<same font id>=<substitute font name>'.

! Font \TU/Raleway(0)/m/n/9.36=Raleway:mode=node;language=dflt;+tlig; at 9.36pt 
not loadable: metric data not found or bad.
<to be read again> 
relax 
l.42 \begin{document}
                   
I wasn't able to read the size data for this font,
so I will ignore the font specification.
[Wizards can fix TFM files using TFtoPL/PLtoTF.]
You might try inserting a different font spec;
e.g., type `I\font<same font id>=<substitute font name>'.

LaTeX Font Info:    Calculating math sizes for size <9.36> on input line 42.
LaTeX Font Info:    Trying to load font information for OML+lmm on input line 42
.
(/usr/share/texmf/tex/latex/lm/omllmm.fd
File: omllmm.fd 2009/10/30 v1.6 Font defs for Latin Modern
)
LaTeX Font Info:    Trying to load font information for OMS+lmsy on input line 4
2.

(/usr/share/texmf/tex/latex/lm/omslmsy.fd
File: omslmsy.fd 2009/10/30 v1.6 Font defs for Latin Modern
)
LaTeX Font Info:    External font `cmex7' loaded for size
(Font)              <6.55197> on input line 42.
LaTeX Font Info:    External font `cmex7' loaded for size
(Font)              <4.68> on input line 42.

! Font \TU/Raleway(0)/m/n/48.3=Raleway:mode=node;language=dflt;+tlig; at 48.3pt 
not loadable: metric data not found or bad.
<to be read again> 
relax 
l.42 \begin{document}
                   
I wasn't able to read the size data for this font,
so I will ignore the font specification.
[Wizards can fix TFM files using TFtoPL/PLtoTF.]
You might try inserting a different font spec;
e.g., type `I\font<same font id>=<substitute font name>'.


LaTeX Font Warning: Font shape `TU/Raleway(0)/b/n' undefined
(Font)              using `TU/Raleway(0)/m/n' instead on input line 42.

! Font \TU/Raleway(0)/b/n/48.3=Raleway:mode=node;language=dflt;+tlig; at 48.3pt 
not loadable: metric data not found or bad.
<to be read again> 
relax 
l.42 \begin{document}
                   
I wasn't able to read the size data for this font,
so I will ignore the font specification.
[Wizards can fix TFM files using TFtoPL/PLtoTF.]
You might try inserting a different font spec;
e.g., type `I\font<same font id>=<substitute font name>'.

! Font \TU/Raleway(0)/m/n/27.95=Raleway:mode=node;language=dflt;+tlig; at 27.95p
t not loadable: metric data not found or bad.
<to be read again> 
relax 
l.42 \begin{document}
                   
I wasn't able to read the size data for this font,
so I will ignore the font specification.
[Wizards can fix TFM files using TFtoPL/PLtoTF.]
You might try inserting a different font spec;
e.g., type `I\font<same font id>=<substitute font name>'.

LaTeX Font Info:    Calculating math sizes for size <27.95> on input line 42.
! Font \TU/Raleway(0)/m/n/19.56491=Raleway:mode=node;language=dflt;+tlig; at 19.
5649pt not loadable: metric data not found or bad.
<to be read again> 
relax 
l.42 \begin{document}
                   
I wasn't able to read the size data for this font,
so I will ignore the font specification.
[Wizards can fix TFM files using TFtoPL/PLtoTF.]
You might try inserting a different font spec;
e.g., type `I\font<same font id>=<substitute font name>'.

LaTeX Font Info:    Calculating math sizes for size <19.41> on input line 42.
! Font \TU/Raleway(0)/m/n/13.58693=Raleway:mode=node;language=dflt;+tlig; at 13.
5869pt not loadable: metric data not found or bad.
<to be read again> 
relax 
l.42 \begin{document}
                   
I wasn't able to read the size data for this font,
so I will ignore the font specification.
[Wizards can fix TFM files using TFtoPL/PLtoTF.]
You might try inserting a different font spec;
e.g., type `I\font<same font id>=<substitute font name>'.

! Font \TU/Raleway(0)/b/n/19.41=Raleway:mode=node;language=dflt;+tlig; at 19.41p
t not loadable: metric data not found or bad.
<to be read again> 
relax 
l.42 \begin{document}
                   
I wasn't able to read the size data for this font,
so I will ignore the font specification.
[Wizards can fix TFM files using TFtoPL/PLtoTF.]
You might try inserting a different font spec;
e.g., type `I\font<same font id>=<substitute font name>'.

<logos/FCFM.pdf, id=14, 316.18124pt x 178.6675pt>
File: logos/FCFM.pdf Graphic file (type pdf)
<use logos/FCFM.pdf>
Package luatex.def Info: logos/FCFM.pdf  used on input line 45.
(luatex.def)             Requested size: 270.42114pt x 152.81953pt.

Overfull \hbox (135.21057pt too wide) in paragraph at lines 45--46
[][]  
 []

<logos/die.pdf, id=15, 165.61874pt x 98.3675pt>
File: logos/die.pdf Graphic file (type pdf)
<use logos/die.pdf>
Package luatex.def Info: logos/die.pdf  used on input line 49.
(luatex.def)             Requested size: 169.01965pt x 100.39203pt.
! Font \TU/Lato(1)/m/n/23.29=Lato-Light:mode=node;language=dflt;+tlig; at 23.29p
t not loadable: metric data not found or bad.
<to be read again> 
relax 
l.156 \end{frame}
               
I wasn't able to read the size data for this font,
so I will ignore the font specification.
[Wizards can fix TFM files using TFtoPL/PLtoTF.]
You might try inserting a different font spec;
e.g., type `I\font<same font id>=<substitute font name>'.

! Font \TU/Lato(1)/b/n/23.29=Lato-Regular:mode=node;language=dflt;+tlig; at 23.2
9pt not loadable: metric data not found or bad.
<to be read again> 
relax 
l.156 \end{frame}
               
I wasn't able to read the size data for this font,
so I will ignore the font specification.
[Wizards can fix TFM files using TFtoPL/PLtoTF.]
You might try inserting a different font spec;
e.g., type `I\font<same font id>=<substitute font name>'.

! Font \TU/Raleway(0)/b/n/23.29=Raleway:mode=node;language=dflt;+tlig; at 23.29p
t not loadable: metric data not found or bad.
<to be read again> 
relax 
l.156 \end{frame}
               
I wasn't able to read the size data for this font,
so I will ignore the font specification.
[Wizards can fix TFM files using TFtoPL/PLtoTF.]
You might try inserting a different font spec;
e.g., type `I\font<same font id>=<substitute font name>'.

! Font \TU/Lato(1)/b/n/19.41=Lato-Regular:mode=node;language=dflt;+tlig; at 19.4
1pt not loadable: metric data not found or bad.
<to be read again> 
relax 
l.156 \end{frame}
               
I wasn't able to read the size data for this font,
so I will ignore the font specification.
[Wizards can fix TFM files using TFtoPL/PLtoTF.]
You might try inserting a different font spec;
e.g., type `I\font<same font id>=<substitute font name>'.

! Font \TU/Lato(1)/m/it/19.41=Lato-LightItalic:mode=node;language=dflt;+tlig; at
 19.41pt not loadable: metric data not found or bad.
<to be read again> 
relax 
l.156 \end{frame}
               
I wasn't able to read the size data for this font,
so I will ignore the font specification.
[Wizards can fix TFM files using TFtoPL/PLtoTF.]
You might try inserting a different font spec;
e.g., type `I\font<same font id>=<substitute font name>'.

<longdress_thumb.png, id=17, 80.3pt x 80.3pt>
File: longdress_thumb.png Graphic file (type png)
<use longdress_thumb.png>
Package luatex.def Info: longdress_thumb.png  used on input line 156.
(luatex.def)             Requested size: 228.16339pt x 228.17117pt.
! Font \TU/Lato(1)/m/n/16.18=Lato-Light:mode=node;language=dflt;+tlig; at 16.18p
t not loadable: metric data not found or bad.
<to be read again> 
relax 
l.156 \end{frame}
               
I wasn't able to read the size data for this font,
so I will ignore the font specification.
[Wizards can fix TFM files using TFtoPL/PLtoTF.]
You might try inserting a different font spec;
e.g., type `I\font<same font id>=<substitute font name>'.

<rabbit.jpg, id=21, 302.31253pt x 302.31253pt>
File: rabbit.jpg Graphic file (type jpg)
<use rabbit.jpg>
Package luatex.def Info: rabbit.jpg  used on input line 156.
(luatex.def)             Requested size: 292.0447pt x 292.0711pt.
<Grafo_Ejemplo.png, id=22, 462.528pt x 346.896pt>
File: Grafo_Ejemplo.png Graphic file (type png)
<use Grafo_Ejemplo.png>
Package luatex.def Info: Grafo_Ejemplo.png  used on input line 156.
(luatex.def)             Requested size: 365.05447pt x 273.80663pt.
! Font \TU/Lato(1)/m/n/13.58693=Lato-Light:mode=node;language=dflt;+tlig; at 13.
5869pt not loadable: metric data not found or bad.
<to be read again> 
relax 
l.156 \end{frame}
               
I wasn't able to read the size data for this font,
so I will ignore the font specification.
[Wizards can fix TFM files using TFtoPL/PLtoTF.]
You might try inserting a different font spec;
e.g., type `I\font<same font id>=<substitute font name>'.

! Font \TU/Lato(1)/m/n/9.705=Lato-Light:mode=node;language=dflt;+tlig; at 9.705p
t not loadable: metric data not found or bad.
<to be read again> 
relax 
l.156 \end{frame}
               
I wasn't able to read the size data for this font,
so I will ignore the font specification.
[Wizards can fix TFM files using TFtoPL/PLtoTF.]
You might try inserting a different font spec;
e.g., type `I\font<same font id>=<substitute font name>'.

<B4_rd_comparison.png, id=34, 433.62pt x 289.08pt>
File: B4_rd_comparison.png Graphic file (type png)
<use B4_rd_comparison.png>
Package luatex.def Info: B4_rd_comparison.png  used on input line 156.
(luatex.def)             Requested size: 342.23929pt x 228.1722pt.
<B8_rd_comparison.png, id=35, 433.62pt x 289.08pt>
File: B8_rd_comparison.png Graphic file (type png)
<use B8_rd_comparison.png>
Package luatex.def Info: B8_rd_comparison.png  used on input line 156.
(luatex.def)             Requested size: 342.23929pt x 228.1722pt.
<B16_rd_comparison.png, id=36, 433.62pt x 289.08pt>
File: B16_rd_comparison.png Graphic file (type png)
<use B16_rd_comparison.png>
Package luatex.def Info: B16_rd_comparison.png  used on input line 156.
(luatex.def)             Requested size: 342.23929pt x 228.1722pt.
<B32_rd_comparison.png, id=37, 433.62pt x 289.08pt>
File: B32_rd_comparison.png Graphic file (type png)
<use B32_rd_comparison.png>
Package luatex.def Info: B32_rd_comparison.png  used on input line 156.
(luatex.def)             Requested size: 342.23929pt x 228.1722pt.
LaTeX Font Info:    Calculating math sizes for size <16.18> on input line 156.
! Font \TU/Lato(1)/b/n/16.18=Lato-Regular:mode=node;language=dflt;+tlig; at 16.1
8pt not loadable: metric data not found or bad.
<to be read again> 
relax 
l.156 \end{frame}
               
I wasn't able to read the size data for this font,
so I will ignore the font specification.
[Wizards can fix TFM files using TFtoPL/PLtoTF.]
You might try inserting a different font spec;
e.g., type `I\font<same font id>=<substitute font name>'.

! Font \TU/Lato(1)/m/n/13.48=Lato-Light:mode=node;language=dflt;+tlig; at 13.48p
t not loadable: metric data not found or bad.
<to be read again> 
relax 
l.156 \end{frame}
               
I wasn't able to read the size data for this font,
so I will ignore the font specification.
[Wizards can fix TFM files using TFtoPL/PLtoTF.]
You might try inserting a different font spec;
e.g., type `I\font<same font id>=<substitute font name>'.

(./poster.bbl
! Font \TU/Lato(1)/m/it/13.48=Lato-LightItalic:mode=node;language=dflt;+tlig; at
 13.48pt not loadable: metric data not found or bad.
<to be read again> 
relax 
l.12 \newblock {\em
                  IEEE Signal Processing Magazine}, 18(5):9--21, September 2...
I wasn't able to read the size data for this font,
so I will ignore the font specification.
[Wizards can fix TFM files using TFtoPL/PLtoTF.]
You might try inserting a different font spec;
e.g., type `I\font<same font id>=<substitute font name>'.

)
! Font \TU/Lato(1)/m/n/4=Lato-Light:mode=node;language=dflt;+tlig; at 4pt not lo
adable: metric data not found or bad.
<to be read again> 
relax 
l.156 \end{frame}
               
I wasn't able to read the size data for this font,
so I will ignore the font specification.
[Wizards can fix TFM files using TFtoPL/PLtoTF.]
You might try inserting a different font spec;
e.g., type `I\font<same font id>=<substitute font name>'.

[1
Missing character: There is no A (U+0041) in font nullfont!
Missing character: There is no d (U+0064) in font nullfont!
Missing character: There is no a (U+0061) in font nullfont!
Missing character: There is no p (U+0070) in font nullfont!
Missing character: There is no t (U+0074) in font nullfont!
Missing character: There is no i (U+0069) in font nullfont!
Missing character: There is no v (U+0076) in font nullfont!
Missing character: There is no e (U+0065) in font nullfont!
Missing character: There is no G (U+0047) in font nullfont!
Missing character: There is no r (U+0072) in font nullfont!
Missing character: There is no a (U+0061) in font nullfont!
Missing character: There is no p (U+0070) in font nullfont!
Missing character: There is no h (U+0068) in font nullfont!
Missing character: There is no T (U+0054) in font nullfont!
Missing character: There is no r (U+0072) in font nullfont!
Missing character: There is no a (U+0061) in font nullfont!
Missing character: There is no n (U+006E) in font nullfont!
Missing character: There is no s (U+0073) in font nullfont!
Missing character: There is no f (U+0066) in font nullfont!
Missing character: There is no o (U+006F) in font nullfont!
Missing character: There is no r (U+0072) in font nullfont!
Missing character: There is no m (U+006D) in font nullfont!
Missing character: There is no C (U+0043) in font nullfont!
Missing character: There is no l (U+006C) in font nullfont!
Missing character: There is no u (U+0075) in font nullfont!
Missing character: There is no s (U+0073) in font nullfont!
Missing character: There is no t (U+0074) in font nullfont!
Missing character: There is no e (U+0065) in font nullfont!
Missing character: There is no r (U+0072) in font nullfont!
Missing character: There is no i (U+0069) in font nullfont!
Missing character: There is no n (U+006E) in font nullfont!
Missing character: There is no g (U+0067) in font nullfont!
Missing character: There is no v (U+0076) in font nullfont!
Missing character: There is no i (U+0069) in font nullfont!
Missing character: There is no a (U+0061) in font nullfont!
Missing character: There is no R (U+0052) in font nullfont!
Missing character: There is no a (U+0061) in font nullfont!
Missing character: There is no t (U+0074) in font nullfont!
Missing character: There is no e (U+0065) in font nullfont!
Missing character: There is no - (U+002D) in font nullfont!
Missing character: There is no D (U+0044) in font nullfont!
Missing character: There is no i (U+0069) in font nullfont!
Missing character: There is no s (U+0073) in font nullfont!
Missing character: There is no t (U+0074) in font nullfont!
Missing character: There is no o (U+006F) in font nullfont!
Missing character: There is no r (U+0072) in font nullfont!
Missing character: There is no t (U+0074) in font nullfont!
Missing character: There is no i (U+0069) in font nullfont!
Missing character: There is no o (U+006F) in font nullfont!
Missing character: There is no n (U+006E) in font nullfont!
Missing character: There is no O (U+004F) in font nullfont!
Missing character: There is no p (U+0070) in font nullfont!
Missing character: There is no t (U+0074) in font nullfont!
Missing character: There is no i (U+0069) in font nullfont!
Missing character: There is no m (U+006D) in font nullfont!
Missing character: There is no i (U+0069) in font nullfont!
Missing character: There is no z (U+007A) in font nullfont!
Missing character: There is no a (U+0061) in font nullfont!
Missing character: There is no t (U+0074) in font nullfont!
Missing character: There is no i (U+0069) in font nullfont!
Missing character: There is no o (U+006F) in font nullfont!
Missing character: There is no n (U+006E) in font nullfont!
Missing character: There is no f (U+0066) in font nullfont!
Missing character: There is no o (U+006F) in font nullfont!
Missing character: There is no r (U+0072) in font nullfont!
Missing character: There is no P (U+0050) in font nullfont!
Missing character: There is no o (U+006F) in font nullfont!
Missing character: There is no i (U+0069) in font nullfont!
Missing character: There is no n (U+006E) in font nullfont!
Missing character: There is no t (U+0074) in font nullfont!
Missing character: There is no C (U+0043) in font nullfont!
Missing character: There is no l (U+006C) in font nullfont!
Missing character: There is no o (U+006F) in font nullfont!
Missing character: There is no u (U+0075) in font nullfont!
Missing character: There is no d (U+0064) in font nullfont!
Missing character: There is no A (U+0041) in font nullfont!
Missing character: There is no t (U+0074) in font nullfont!
Missing character: There is no t (U+0074) in font nullfont!
Missing character: There is no r (U+0072) in font nullfont!
Missing character: There is no i (U+0069) in font nullfont!
Missing character: There is no b (U+0062) in font nullfont!
Missing character: There is no u (U+0075) in font nullfont!
Missing character: There is no t (U+0074) in font nullfont!
Missing character: There is no e (U+0065) in font nullfont!
Missing character: There is no C (U+0043) in font nullfont!
Missing character: There is no o (U+006F) in font nullfont!
Missing character: There is no m (U+006D) in font nullfont!
Missing character: There is no p (U+0070) in font nullfont!
Missing character: There is no r (U+0072) in font nullfont!
Missing character: There is no e (U+0065) in font nullfont!
Missing character: There is no s (U+0073) in font nullfont!
Missing character: There is no s (U+0073) in font nullfont!
Missing character: There is no i (U+0069) in font nullfont!
Missing character: There is no o (U+006F) in font nullfont!
Missing character: There is no n (U+006E) in font nullfont!
Missing character: There is no S (U+0053) in font nullfont!
Missing character: There is no i (U+0069) in font nullfont!
Missing character: There is no m (U+006D) in font nullfont!
Missing character: There is no ó (U+00F3) in font nullfont!
Missing character: There is no n (U+006E) in font nullfont!
Missing character: There is no Y (U+0059) in font nullfont!
Missing character: There is no á (U+00E1) in font nullfont!
Missing character: There is no ñ (U+00F1) in font nullfont!
Missing character: There is no e (U+0065) in font nullfont!
Missing character: There is no z (U+007A) in font nullfont!
Missing character: There is no 1 (U+0031) in font nullfont!
Missing character: There is no E (U+0045) in font nullfont!
Missing character: There is no d (U+0064) in font nullfont!
Missing character: There is no u (U+0075) in font nullfont!
Missing character: There is no a (U+0061) in font nullfont!
Missing character: There is no r (U+0072) in font nullfont!
Missing character: There is no d (U+0064) in font nullfont!
Missing character: There is no o (U+006F) in font nullfont!
Missing character: There is no P (U+0050) in font nullfont!
Missing character: There is no a (U+0061) in font nullfont!
Missing character: There is no v (U+0076) in font nullfont!
Missing character: There is no e (U+0065) in font nullfont!
Missing character: There is no z (U+007A) in font nullfont!
Missing character: There is no 2 (U+0032) in font nullfont!
Missing character: There is no J (U+004A) in font nullfont!
Missing character: There is no o (U+006F) in font nullfont!
Missing character: There is no r (U+0072) in font nullfont!
Missing character: There is no g (U+0067) in font nullfont!
Missing character: There is no e (U+0065) in font nullfont!
Missing character: There is no S (U+0053) in font nullfont!
Missing character: There is no i (U+0069) in font nullfont!
Missing character: There is no l (U+006C) in font nullfont!
Missing character: There is no v (U+0076) in font nullfont!
Missing character: There is no a (U+0061) in font nullfont!
Missing character: There is no 1 (U+0031) in font nullfont!
Missing character: There is no 1 (U+0031) in font nullfont!
Missing character: There is no D (U+0044) in font nullfont!
Missing character: There is no e (U+0065) in font nullfont!
Missing character: There is no p (U+0070) in font nullfont!
Missing character: There is no a (U+0061) in font nullfont!
Missing character: There is no r (U+0072) in font nullfont!
Missing character: There is no t (U+0074) in font nullfont!
Missing character: There is no a (U+0061) in font nullfont!
Missing character: There is no m (U+006D) in font nullfont!
Missing character: There is no e (U+0065) in font nullfont!
Missing character: There is no n (U+006E) in font nullfont!
Missing character: There is no t (U+0074) in font nullfont!
Missing character: There is no o (U+006F) in font nullfont!
Missing character: There is no d (U+0064) in font nullfont!
Missing character: There is no e (U+0065) in font nullfont!
Missing character: There is no I (U+0049) in font nullfont!
Missing character: There is no n (U+006E) in font nullfont!
Missing character: There is no g (U+0067) in font nullfont!
Missing character: There is no e (U+0065) in font nullfont!
Missing character: There is no n (U+006E) in font nullfont!
Missing character: There is no i (U+0069) in font nullfont!
Missing character: There is no e (U+0065) in font nullfont!
Missing character: There is no r (U+0072) in font nullfont!
Missing character: There is no í (U+00ED) in font nullfont!
Missing character: There is no a (U+0061) in font nullfont!
Missing character: There is no E (U+0045) in font nullfont!
Missing character: There is no l (U+006C) in font nullfont!
Missing character: There is no é (U+00E9) in font nullfont!
Missing character: There is no c (U+0063) in font nullfont!
Missing character: There is no t (U+0074) in font nullfont!
Missing character: There is no r (U+0072) in font nullfont!
Missing character: There is no i (U+0069) in font nullfont!
Missing character: There is no c (U+0063) in font nullfont!
Missing character: There is no a (U+0061) in font nullfont!
Missing character: There is no , (U+002C) in font nullfont!
Missing character: There is no U (U+0055) in font nullfont!
Missing character: There is no n (U+006E) in font nullfont!
Missing character: There is no i (U+0069) in font nullfont!
Missing character: There is no v (U+0076) in font nullfont!
Missing character: There is no e (U+0065) in font nullfont!
Missing character: There is no r (U+0072) in font nullfont!
Missing character: There is no s (U+0073) in font nullfont!
Missing character: There is no i (U+0069) in font nullfont!
Missing character: There is no d (U+0064) in font nullfont!
Missing character: There is no a (U+0061) in font nullfont!
Missing character: There is no d (U+0064) in font nullfont!
Missing character: There is no d (U+0064) in font nullfont!
Missing character: There is no e (U+0065) in font nullfont!
Missing character: There is no C (U+0043) in font nullfont!
Missing character: There is no h (U+0068) in font nullfont!
Missing character: There is no i (U+0069) in font nullfont!
Missing character: There is no l (U+006C) in font nullfont!
Missing character: There is no e (U+0065) in font nullfont!
Missing character: There is no 2 (U+0032) in font nullfont!
Missing character: There is no U (U+0055) in font nullfont!
Missing character: There is no n (U+006E) in font nullfont!
Missing character: There is no i (U+0069) in font nullfont!
Missing character: There is no v (U+0076) in font nullfont!
Missing character: There is no e (U+0065) in font nullfont!
Missing character: There is no r (U+0072) in font nullfont!
Missing character: There is no s (U+0073) in font nullfont!
Missing character: There is no i (U+0069) in font nullfont!
Missing character: There is no t (U+0074) in font nullfont!
Missing character: There is no y (U+0079) in font nullfont!
Missing character: There is no o (U+006F) in font nullfont!
Missing character: There is no f (U+0066) in font nullfont!
Missing character: There is no S (U+0053) in font nullfont!
Missing character: There is no o (U+006F) in font nullfont!
Missing character: There is no u (U+0075) in font nullfont!
Missing character: There is no t (U+0074) in font nullfont!
Missing character: There is no h (U+0068) in font nullfont!
Missing character: There is no e (U+0065) in font nullfont!
Missing character: There is no r (U+0072) in font nullfont!
Missing character: There is no n (U+006E) in font nullfont!
Missing character: There is no C (U+0043) in font nullfont!
Missing character: There is no a (U+0061) in font nullfont!
Missing character: There is no l (U+006C) in font nullfont!
Missing character: There is no i (U+0069) in font nullfont!
Missing character: There is no f (U+0066) in font nullfont!
Missing character: There is no o (U+006F) in font nullfont!
Missing character: There is no r (U+0072) in font nullfont!
Missing character: There is no n (U+006E) in font nullfont!
Missing character: There is no i (U+0069) in font nullfont!
Missing character: There is no a (U+0061) in font nullfont!
Missing character: There is no E (U+0045) in font nullfont!
Missing character: There is no L (U+004C) in font nullfont!
Missing character: There is no 7 (U+0037) in font nullfont!
Missing character: There is no 0 (U+0030) in font nullfont!
Missing character: There is no 2 (U+0032) in font nullfont!
Missing character: There is no 4 (U+0034) in font nullfont!
Missing character: There is no - (U+002D) in font nullfont!
Missing character: There is no T (U+0054) in font nullfont!
Missing character: There is no e (U+0065) in font nullfont!
Missing character: There is no o (U+006F) in font nullfont!
Missing character: There is no r (U+0072) in font nullfont!
Missing character: There is no í (U+00ED) in font nullfont!
Missing character: There is no a (U+0061) in font nullfont!
Missing character: There is no d (U+0064) in font nullfont!
Missing character: There is no e (U+0065) in font nullfont!
Missing character: There is no I (U+0049) in font nullfont!
Missing character: There is no n (U+006E) in font nullfont!
Missing character: There is no f (U+0066) in font nullfont!
Missing character: There is no o (U+006F) in font nullfont!
Missing character: There is no r (U+0072) in font nullfont!
Missing character: There is no m (U+006D) in font nullfont!
Missing character: There is no a (U+0061) in font nullfont!
Missing character: There is no c (U+0063) in font nullfont!
Missing character: There is no i (U+0069) in font nullfont!
Missing character: There is no ó (U+00F3) in font nullfont!
Missing character: There is no n (U+006E) in font nullfont!
Missing character: There is no : (U+003A) in font nullfont!
Missing character: There is no F (U+0046) in font nullfont!
Missing character: There is no u (U+0075) in font nullfont!
Missing character: There is no n (U+006E) in font nullfont!
Missing character: There is no d (U+0064) in font nullfont!
Missing character: There is no a (U+0061) in font nullfont!
Missing character: There is no m (U+006D) in font nullfont!
Missing character: There is no e (U+0065) in font nullfont!
Missing character: There is no n (U+006E) in font nullfont!
Missing character: There is no t (U+0074) in font nullfont!
Missing character: There is no o (U+006F) in font nullfont!
Missing character: There is no s (U+0073) in font nullfont!
Missing character: There is no y (U+0079) in font nullfont!
Missing character: There is no A (U+0041) in font nullfont!
Missing character: There is no p (U+0070) in font nullfont!
Missing character: There is no l (U+006C) in font nullfont!
Missing character: There is no i (U+0069) in font nullfont!
Missing character: There is no c (U+0063) in font nullfont!
Missing character: There is no a (U+0061) in font nullfont!
Missing character: There is no c (U+0063) in font nullfont!
Missing character: There is no i (U+0069) in font nullfont!
Missing character: There is no o (U+006F) in font nullfont!
Missing character: There is no n (U+006E) in font nullfont!
Missing character: There is no e (U+0065) in font nullfont!
Missing character: There is no s (U+0073) in font nullfont!

Missing character: There is no I (U+0049) in font nullfont!
Missing character: There is no n (U+006E) in font nullfont!
Missing character: There is no t (U+0074) in font nullfont!
Missing character: There is no r (U+0072) in font nullfont!
Missing character: There is no o (U+006F) in font nullfont!
Missing character: There is no d (U+0064) in font nullfont!
Missing character: There is no u (U+0075) in font nullfont!
Missing character: There is no c (U+0063) in font nullfont!
Missing character: There is no t (U+0074) in font nullfont!
Missing character: There is no i (U+0069) in font nullfont!
Missing character: There is no o (U+006F) in font nullfont!
Missing character: There is no n (U+006E) in font nullfont!
Missing character: There is no P (U+0050) in font nullfont!
Missing character: There is no o (U+006F) in font nullfont!
Missing character: There is no i (U+0069) in font nullfont!
Missing character: There is no n (U+006E) in font nullfont!
Missing character: There is no t (U+0074) in font nullfont!
Missing character: There is no c (U+0063) in font nullfont!
Missing character: There is no l (U+006C) in font nullfont!
Missing character: There is no o (U+006F) in font nullfont!
Missing character: There is no u (U+0075) in font nullfont!
Missing character: There is no d (U+0064) in font nullfont!
Missing character: There is no s (U+0073) in font nullfont!
Missing character: There is no ( (U+0028) in font nullfont!
Missing character: There is no P (U+0050) in font nullfont!
Missing character: There is no C (U+0043) in font nullfont!
Missing character: There is no ) (U+0029) in font nullfont!
Missing character: There is no a (U+0061) in font nullfont!
Missing character: There is no r (U+0072) in font nullfont!
Missing character: There is no e (U+0065) in font nullfont!
Missing character: There is no f (U+0066) in font nullfont!
Missing character: There is no u (U+0075) in font nullfont!
Missing character: There is no n (U+006E) in font nullfont!
Missing character: There is no d (U+0064) in font nullfont!
Missing character: There is no a (U+0061) in font nullfont!
Missing character: There is no m (U+006D) in font nullfont!
Missing character: There is no e (U+0065) in font nullfont!
Missing character: There is no n (U+006E) in font nullfont!
Missing character: There is no t (U+0074) in font nullfont!
Missing character: There is no a (U+0061) in font nullfont!
Missing character: There is no l (U+006C) in font nullfont!
Missing character: There is no f (U+0066) in font nullfont!
Missing character: There is no o (U+006F) in font nullfont!
Missing character: There is no r (U+0072) in font nullfont!
Missing character: There is no 3 (U+0033) in font nullfont!
Missing character: There is no D (U+0044) in font nullfont!
Missing character: There is no r (U+0072) in font nullfont!
Missing character: There is no e (U+0065) in font nullfont!
Missing character: There is no p (U+0070) in font nullfont!
Missing character: There is no r (U+0072) in font nullfont!
Missing character: There is no e (U+0065) in font nullfont!
Missing character: There is no s (U+0073) in font nullfont!
Missing character: There is no e (U+0065) in font nullfont!
Missing character: There is no n (U+006E) in font nullfont!
Missing character: There is no t (U+0074) in font nullfont!
Missing character: There is no a (U+0061) in font nullfont!
Missing character: There is no t (U+0074) in font nullfont!
Missing character: There is no i (U+0069) in font nullfont!
Missing character: There is no o (U+006F) in font nullfont!
Missing character: There is no n (U+006E) in font nullfont!
Missing character: There is no , (U+002C) in font nullfont!
Missing character: There is no b (U+0062) in font nullfont!
Missing character: There is no u (U+0075) in font nullfont!
Missing character: There is no t (U+0074) in font nullfont!
Missing character: There is no t (U+0074) in font nullfont!
Missing character: There is no h (U+0068) in font nullfont!
Missing character: There is no e (U+0065) in font nullfont!
Missing character: There is no i (U+0069) in font nullfont!
Missing character: There is no r (U+0072) in font nullfont!
Missing character: There is no u (U+0075) in font nullfont!
Missing character: There is no n (U+006E) in font nullfont!
Missing character: There is no s (U+0073) in font nullfont!
Missing character: There is no t (U+0074) in font nullfont!
Missing character: There is no r (U+0072) in font nullfont!
Missing character: There is no u (U+0075) in font nullfont!
Missing character: There is no c (U+0063) in font nullfont!
Missing character: There is no t (U+0074) in font nullfont!
Missing character: There is no u (U+0075) in font nullfont!
Missing character: There is no r (U+0072) in font nullfont!
Missing character: There is no e (U+0065) in font nullfont!
Missing character: There is no d (U+0064) in font nullfont!
Missing character: There is no n (U+006E) in font nullfont!
Missing character: There is no a (U+0061) in font nullfont!
Missing character: There is no t (U+0074) in font nullfont!
Missing character: There is no u (U+0075) in font nullfont!
Missing character: There is no r (U+0072) in font nullfont!
Missing character: There is no e (U+0065) in font nullfont!
Missing character: There is no a (U+0061) in font nullfont!
Missing character: There is no n (U+006E) in font nullfont!
Missing character: There is no d (U+0064) in font nullfont!
Missing character: There is no h (U+0068) in font nullfont!
Missing character: There is no i (U+0069) in font nullfont!
Missing character: There is no g (U+0067) in font nullfont!
Missing character: There is no h (U+0068) in font nullfont!
Missing character: There is no d (U+0064) in font nullfont!
Missing character: There is no e (U+0065) in font nullfont!
Missing character: There is no n (U+006E) in font nullfont!
Missing character: There is no s (U+0073) in font nullfont!
Missing character: There is no i (U+0069) in font nullfont!
Missing character: There is no t (U+0074) in font nullfont!
Missing character: There is no y (U+0079) in font nullfont!
Missing character: There is no d (U+0064) in font nullfont!
Missing character: There is no e (U+0065) in font nullfont!
Missing character: There is no m (U+006D) in font nullfont!
Missing character: There is no a (U+0061) in font nullfont!
Missing character: There is no n (U+006E) in font nullfont!
Missing character: There is no d (U+0064) in font nullfont!
Missing character: There is no e (U+0065) in font nullfont!
Missing character: There is no f (U+0066) in font nullfont!
Missing character: There is no f (U+0066) in font nullfont!
Missing character: There is no i (U+0069) in font nullfont!
Missing character: There is no c (U+0063) in font nullfont!
Missing character: There is no i (U+0069) in font nullfont!
Missing character: There is no e (U+0065) in font nullfont!
Missing character: There is no n (U+006E) in font nullfont!
Missing character: There is no t (U+0074) in font nullfont!
Missing character: There is no c (U+0063) in font nullfont!
Missing character: There is no o (U+006F) in font nullfont!
Missing character: There is no m (U+006D) in font nullfont!
Missing character: There is no p (U+0070) in font nullfont!
Missing character: There is no r (U+0072) in font nullfont!
Missing character: There is no e (U+0065) in font nullfont!
Missing character: There is no s (U+0073) in font nullfont!
Missing character: There is no s (U+0073) in font nullfont!
Missing character: There is no i (U+0069) in font nullfont!
Missing character: There is no o (U+006F) in font nullfont!
Missing character: There is no n (U+006E) in font nullfont!
Missing character: There is no [ (U+005B) in font nullfont!
Missing character: There is no 1 (U+0031) in font nullfont!
Missing character: There is no 2 (U+0032) in font nullfont!
Missing character: There is no ] (U+005D) in font nullfont!
Missing character: There is no . (U+002E) in font nullfont!
Missing character: There is no T (U+0054) in font nullfont!
Missing character: There is no h (U+0068) in font nullfont!
Missing character: There is no i (U+0069) in font nullfont!
Missing character: There is no s (U+0073) in font nullfont!
Missing character: There is no p (U+0070) in font nullfont!
Missing character: There is no r (U+0072) in font nullfont!
Missing character: There is no o (U+006F) in font nullfont!
Missing character: There is no j (U+006A) in font nullfont!
Missing character: There is no e (U+0065) in font nullfont!
Missing character: There is no c (U+0063) in font nullfont!
Missing character: There is no t (U+0074) in font nullfont!
Missing character: There is no d (U+0064) in font nullfont!
Missing character: There is no e (U+0065) in font nullfont!
Missing character: There is no v (U+0076) in font nullfont!
Missing character: There is no e (U+0065) in font nullfont!
Missing character: There is no l (U+006C) in font nullfont!
Missing character: There is no o (U+006F) in font nullfont!
Missing character: There is no p (U+0070) in font nullfont!
Missing character: There is no s (U+0073) in font nullfont!
Missing character: There is no P (U+0050) in font nullfont!
Missing character: There is no o (U+006F) in font nullfont!
Missing character: There is no i (U+0069) in font nullfont!
Missing character: There is no n (U+006E) in font nullfont!
Missing character: There is no t (U+0074) in font nullfont!
Missing character: There is no C (U+0043) in font nullfont!
Missing character: There is no l (U+006C) in font nullfont!
Missing character: There is no o (U+006F) in font nullfont!
Missing character: There is no u (U+0075) in font nullfont!
Missing character: There is no d (U+0064) in font nullfont!
Missing character: There is no A (U+0041) in font nullfont!
Missing character: There is no t (U+0074) in font nullfont!
Missing character: There is no t (U+0074) in font nullfont!
Missing character: There is no r (U+0072) in font nullfont!
Missing character: There is no i (U+0069) in font nullfont!
Missing character: There is no b (U+0062) in font nullfont!
Missing character: There is no u (U+0075) in font nullfont!
Missing character: There is no t (U+0074) in font nullfont!
Missing character: There is no e (U+0065) in font nullfont!
Missing character: There is no - (U+002D) in font nullfont!
Missing character: There is no D (U+0044) in font nullfont!
Missing character: There is no e (U+0065) in font nullfont!
Missing character: There is no p (U+0070) in font nullfont!
Missing character: There is no e (U+0065) in font nullfont!
Missing character: There is no n (U+006E) in font nullfont!
Missing character: There is no d (U+0064) in font nullfont!
Missing character: There is no e (U+0065) in font nullfont!
Missing character: There is no n (U+006E) in font nullfont!
Missing character: There is no t (U+0074) in font nullfont!
Missing character: There is no C (U+0043) in font nullfont!
Missing character: There is no o (U+006F) in font nullfont!
Missing character: There is no m (U+006D) in font nullfont!
Missing character: There is no p (U+0070) in font nullfont!
Missing character: There is no r (U+0072) in font nullfont!
Missing character: There is no e (U+0065) in font nullfont!
Missing character: There is no s (U+0073) in font nullfont!
Missing character: There is no s (U+0073) in font nullfont!
Missing character: There is no i (U+0069) in font nullfont!
Missing character: There is no o (U+006F) in font nullfont!
Missing character: There is no n (U+006E) in font nullfont!
Missing character: There is no ( (U+0028) in font nullfont!
Missing character: There is no P (U+0050) in font nullfont!
Missing character: There is no C (U+0043) in font nullfont!
Missing character: There is no A (U+0041) in font nullfont!
Missing character: There is no D (U+0044) in font nullfont!
Missing character: There is no C (U+0043) in font nullfont!
Missing character: There is no ) (U+0029) in font nullfont!
Missing character: There is no , (U+002C) in font nullfont!
Missing character: There is no w (U+0077) in font nullfont!
Missing character: There is no h (U+0068) in font nullfont!
Missing character: There is no i (U+0069) in font nullfont!
Missing character: There is no c (U+0063) in font nullfont!
Missing character: There is no h (U+0068) in font nullfont!
Missing character: There is no a (U+0061) in font nullfont!
Missing character: There is no d (U+0064) in font nullfont!
Missing character: There is no a (U+0061) in font nullfont!
Missing character: There is no p (U+0070) in font nullfont!
Missing character: There is no t (U+0074) in font nullfont!
Missing character: There is no s (U+0073) in font nullfont!
Missing character: There is no b (U+0062) in font nullfont!
Missing character: There is no o (U+006F) in font nullfont!
Missing character: There is no t (U+0074) in font nullfont!
Missing character: There is no h (U+0068) in font nullfont!
Missing character: There is no t (U+0074) in font nullfont!
Missing character: There is no h (U+0068) in font nullfont!
Missing character: There is no e (U+0065) in font nullfont!
Missing character: There is no g (U+0067) in font nullfont!
Missing character: There is no r (U+0072) in font nullfont!
Missing character: There is no a (U+0061) in font nullfont!
Missing character: There is no p (U+0070) in font nullfont!
Missing character: There is no h (U+0068) in font nullfont!
Missing character: There is no t (U+0074) in font nullfont!
Missing character: There is no o (U+006F) in font nullfont!
Missing character: There is no p (U+0070) in font nullfont!
Missing character: There is no o (U+006F) in font nullfont!
Missing character: There is no l (U+006C) in font nullfont!
Missing character: There is no o (U+006F) in font nullfont!
Missing character: There is no g (U+0067) in font nullfont!
Missing character: There is no y (U+0079) in font nullfont!
Missing character: There is no a (U+0061) in font nullfont!
Missing character: There is no n (U+006E) in font nullfont!
Missing character: There is no d (U+0064) in font nullfont!
Missing character: There is no t (U+0074) in font nullfont!
Missing character: There is no h (U+0068) in font nullfont!
Missing character: There is no e (U+0065) in font nullfont!
Missing character: There is no t (U+0074) in font nullfont!
Missing character: There is no r (U+0072) in font nullfont!
Missing character: There is no a (U+0061) in font nullfont!
Missing character: There is no n (U+006E) in font nullfont!
Missing character: There is no s (U+0073) in font nullfont!
Missing character: There is no f (U+0066) in font nullfont!
Missing character: There is no o (U+006F) in font nullfont!
Missing character: There is no r (U+0072) in font nullfont!
Missing character: There is no m (U+006D) in font nullfont!
Missing character: There is no s (U+0073) in font nullfont!
Missing character: There is no e (U+0065) in font nullfont!
Missing character: There is no l (U+006C) in font nullfont!
Missing character: There is no e (U+0065) in font nullfont!
Missing character: There is no c (U+0063) in font nullfont!
Missing character: There is no t (U+0074) in font nullfont!
Missing character: There is no i (U+0069) in font nullfont!
Missing character: There is no o (U+006F) in font nullfont!
Missing character: There is no n (U+006E) in font nullfont!
Missing character: There is no t (U+0074) in font nullfont!
Missing character: There is no o (U+006F) in font nullfont!
Missing character: There is no l (U+006C) in font nullfont!
Missing character: There is no o (U+006F) in font nullfont!
Missing character: There is no c (U+0063) in font nullfont!
Missing character: There is no a (U+0061) in font nullfont!
Missing character: There is no l (U+006C) in font nullfont!
Missing character: There is no s (U+0073) in font nullfont!
Missing character: There is no i (U+0069) in font nullfont!
Missing character: There is no g (U+0067) in font nullfont!
Missing character: There is no n (U+006E) in font nullfont!
Missing character: There is no a (U+0061) in font nullfont!
Missing character: There is no l (U+006C) in font nullfont!
Missing character: There is no c (U+0063) in font nullfont!
Missing character: There is no h (U+0068) in font nullfont!
Missing character: There is no a (U+0061) in font nullfont!
Missing character: There is no r (U+0072) in font nullfont!
Missing character: There is no a (U+0061) in font nullfont!
Missing character: There is no c (U+0063) in font nullfont!
Missing character: There is no t (U+0074) in font nullfont!
Missing character: There is no e (U+0065) in font nullfont!
Missing character: There is no r (U+0072) in font nullfont!
Missing character: There is no i (U+0069) in font nullfont!
Missing character: There is no s (U+0073) in font nullfont!
Missing character: There is no t (U+0074) in font nullfont!
Missing character: There is no i (U+0069) in font nullfont!
Missing character: There is no c (U+0063) in font nullfont!
Missing character: There is no s (U+0073) in font nullfont!
Missing character: There is no . (U+002E) in font nullfont!
Missing character: There is no W (U+0057) in font nullfont!
Missing character: There is no e (U+0065) in font nullfont!
Missing character: There is no a (U+0061) in font nullfont!
Missing character: There is no d (U+0064) in font nullfont!
Missing character: There is no d (U+0064) in font nullfont!
Missing character: There is no r (U+0072) in font nullfont!
Missing character: There is no e (U+0065) in font nullfont!
Missing character: There is no s (U+0073) in font nullfont!
Missing character: There is no s (U+0073) in font nullfont!
Missing character: There is no t (U+0074) in font nullfont!
Missing character: There is no h (U+0068) in font nullfont!
Missing character: There is no e (U+0065) in font nullfont!
Missing character: There is no s (U+0073) in font nullfont!
Missing character: There is no i (U+0069) in font nullfont!
Missing character: There is no g (U+0067) in font nullfont!
Missing character: There is no n (U+006E) in font nullfont!
Missing character: There is no a (U+0061) in font nullfont!
Missing character: There is no l (U+006C) in font nullfont!
Missing character: There is no i (U+0069) in font nullfont!
Missing character: There is no n (U+006E) in font nullfont!
Missing character: There is no g (U+0067) in font nullfont!
Missing character: There is no t (U+0074) in font nullfont!
Missing character: There is no a (U+0061) in font nullfont!
Missing character: There is no x (U+0078) in font nullfont!
Missing character: There is no p (U+0070) in font nullfont!
Missing character: There is no r (U+0072) in font nullfont!
Missing character: There is no o (U+006F) in font nullfont!
Missing character: There is no b (U+0062) in font nullfont!
Missing character: There is no l (U+006C) in font nullfont!
Missing character: There is no e (U+0065) in font nullfont!
Missing character: There is no m (U+006D) in font nullfont!
Missing character: There is no w (U+0077) in font nullfont!
Missing character: There is no h (U+0068) in font nullfont!
Missing character: There is no e (U+0065) in font nullfont!
Missing character: There is no r (U+0072) in font nullfont!
Missing character: There is no e (U+0065) in font nullfont!
Missing character: There is no p (U+0070) in font nullfont!
Missing character: There is no e (U+0065) in font nullfont!
Missing character: There is no r (U+0072) in font nullfont!
Missing character: There is no - (U+002D) in font nullfont!
Missing character: There is no b (U+0062) in font nullfont!
Missing character: There is no l (U+006C) in font nullfont!
Missing character: There is no o (U+006F) in font nullfont!
Missing character: There is no c (U+0063) in font nullfont!
Missing character: There is no k (U+006B) in font nullfont!
Missing character: There is no m (U+006D) in font nullfont!
Missing character: There is no e (U+0065) in font nullfont!
Missing character: There is no t (U+0074) in font nullfont!
Missing character: There is no a (U+0061) in font nullfont!
Missing character: There is no d (U+0064) in font nullfont!
Missing character: There is no a (U+0061) in font nullfont!
Missing character: There is no t (U+0074) in font nullfont!
Missing character: There is no a (U+0061) in font nullfont!
Missing character: There is no c (U+0063) in font nullfont!
Missing character: There is no a (U+0061) in font nullfont!
Missing character: There is no n (U+006E) in font nullfont!
Missing character: There is no o (U+006F) in font nullfont!
Missing character: There is no u (U+0075) in font nullfont!
Missing character: There is no t (U+0074) in font nullfont!
Missing character: There is no w (U+0077) in font nullfont!
Missing character: There is no e (U+0065) in font nullfont!
Missing character: There is no i (U+0069) in font nullfont!
Missing character: There is no g (U+0067) in font nullfont!
Missing character: There is no h (U+0068) in font nullfont!
Missing character: There is no t (U+0074) in font nullfont!
Missing character: There is no r (U+0072) in font nullfont!
Missing character: There is no a (U+0061) in font nullfont!
Missing character: There is no n (U+006E) in font nullfont!
Missing character: There is no s (U+0073) in font nullfont!
Missing character: There is no f (U+0066) in font nullfont!
Missing character: There is no o (U+006F) in font nullfont!
Missing character: There is no r (U+0072) in font nullfont!
Missing character: There is no m (U+006D) in font nullfont!
Missing character: There is no g (U+0067) in font nullfont!
Missing character: There is no a (U+0061) in font nullfont!
Missing character: There is no i (U+0069) in font nullfont!
Missing character: There is no n (U+006E) in font nullfont!
Missing character: There is no s (U+0073) in font nullfont!
Missing character: There is no , (U+002C) in font nullfont!
Missing character: There is no a (U+0061) in font nullfont!
Missing character: There is no c (U+0063) in font nullfont!
Missing character: There is no o (U+006F) in font nullfont!
Missing character: There is no m (U+006D) in font nullfont!
Missing character: There is no m (U+006D) in font nullfont!
Missing character: There is no o (U+006F) in font nullfont!
Missing character: There is no n (U+006E) in font nullfont!
Missing character: There is no b (U+0062) in font nullfont!
Missing character: There is no a (U+0061) in font nullfont!
Missing character: There is no r (U+0072) in font nullfont!
Missing character: There is no r (U+0072) in font nullfont!
Missing character: There is no i (U+0069) in font nullfont!
Missing character: There is no e (U+0065) in font nullfont!
Missing character: There is no r (U+0072) in font nullfont!
Missing character: There is no i (U+0069) in font nullfont!
Missing character: There is no n (U+006E) in font nullfont!
Missing character: There is no a (U+0061) in font nullfont!
Missing character: There is no d (U+0064) in font nullfont!
Missing character: There is no a (U+0061) in font nullfont!
Missing character: There is no p (U+0070) in font nullfont!
Missing character: There is no t (U+0074) in font nullfont!
Missing character: There is no i (U+0069) in font nullfont!
Missing character: There is no v (U+0076) in font nullfont!
Missing character: There is no e (U+0065) in font nullfont!
Missing character: There is no G (U+0047) in font nullfont!
Missing character: There is no F (U+0046) in font nullfont!
Missing character: There is no T (U+0054) in font nullfont!
Missing character: There is no f (U+0066) in font nullfont!
Missing character: There is no r (U+0072) in font nullfont!
Missing character: There is no a (U+0061) in font nullfont!
Missing character: There is no m (U+006D) in font nullfont!
Missing character: There is no e (U+0065) in font nullfont!
Missing character: There is no w (U+0077) in font nullfont!
Missing character: There is no o (U+006F) in font nullfont!
Missing character: There is no r (U+0072) in font nullfont!
Missing character: There is no k (U+006B) in font nullfont!
Missing character: There is no s (U+0073) in font nullfont!
Missing character: There is no . (U+002E) in font nullfont!
Missing character: There is no F (U+0046) in font nullfont!
Missing character: There is no i (U+0069) in font nullfont!
Missing character: There is no g (U+0067) in font nullfont!
Missing character: There is no u (U+0075) in font nullfont!
Missing character: There is no r (U+0072) in font nullfont!
Missing character: There is no e (U+0065) in font nullfont!
Missing character: There is no 1 (U+0031) in font nullfont!
Missing character: There is no . (U+002E) in font nullfont!
Missing character: There is no " (U+0022) in font nullfont!
Missing character: There is no L (U+004C) in font nullfont!
Missing character: There is no o (U+006F) in font nullfont!
Missing character: There is no n (U+006E) in font nullfont!
Missing character: There is no g (U+0067) in font nullfont!
Missing character: There is no d (U+0064) in font nullfont!
Missing character: There is no r (U+0072) in font nullfont!
Missing character: There is no e (U+0065) in font nullfont!
Missing character: There is no s (U+0073) in font nullfont!
Missing character: There is no s (U+0073) in font nullfont!
Missing character: There is no " (U+0022) in font nullfont!
Missing character: There is no f (U+0066) in font nullfont!
Missing character: There is no r (U+0072) in font nullfont!
Missing character: There is no a (U+0061) in font nullfont!
Missing character: There is no m (U+006D) in font nullfont!
Missing character: There is no e (U+0065) in font nullfont!
Missing character: There is no f (U+0066) in font nullfont!
Missing character: There is no r (U+0072) in font nullfont!
Missing character: There is no o (U+006F) in font nullfont!
Missing character: There is no m (U+006D) in font nullfont!
Missing character: There is no 8 (U+0038) in font nullfont!
Missing character: There is no i (U+0069) in font nullfont!
Missing character: There is no V (U+0056) in font nullfont!
Missing character: There is no F (U+0046) in font nullfont!
Missing character: There is no B (U+0042) in font nullfont!
Missing character: There is no v (U+0076) in font nullfont!
Missing character: There is no 2 (U+0032) in font nullfont!
Missing character: There is no d (U+0064) in font nullfont!
Missing character: There is no a (U+0061) in font nullfont!
Missing character: There is no t (U+0074) in font nullfont!
Missing character: There is no a (U+0061) in font nullfont!
Missing character: There is no s (U+0073) in font nullfont!
Missing character: There is no e (U+0065) in font nullfont!
Missing character: There is no t (U+0074) in font nullfont!
Missing character: There is no [ (U+005B) in font nullfont!
Missing character: There is no 1 (U+0031) in font nullfont!
Missing character: There is no ] (U+005D) in font nullfont!
Missing character: There is no . (U+002E) in font nullfont!
Missing character: There is no M (U+004D) in font nullfont!
Missing character: There is no e (U+0065) in font nullfont!
Missing character: There is no t (U+0074) in font nullfont!
Missing character: There is no h (U+0068) in font nullfont!
Missing character: There is no o (U+006F) in font nullfont!
Missing character: There is no d (U+0064) in font nullfont!
Missing character: There is no o (U+006F) in font nullfont!
Missing character: There is no l (U+006C) in font nullfont!
Missing character: There is no o (U+006F) in font nullfont!
Missing character: There is no g (U+0067) in font nullfont!
Missing character: There is no y (U+0079) in font nullfont!
Missing character: There is no : (U+003A) in font nullfont!
Missing character: There is no P (U+0050) in font nullfont!
Missing character: There is no a (U+0061) in font nullfont!
Missing character: There is no r (U+0072) in font nullfont!
Missing character: There is no t (U+0074) in font nullfont!
Missing character: There is no i (U+0069) in font nullfont!
Missing character: There is no t (U+0074) in font nullfont!
Missing character: There is no i (U+0069) in font nullfont!
Missing character: There is no o (U+006F) in font nullfont!
Missing character: There is no n (U+006E) in font nullfont!
Missing character: There is no i (U+0069) in font nullfont!
Missing character: There is no n (U+006E) in font nullfont!
Missing character: There is no g (U+0067) in font nullfont!
Missing character: There is no a (U+0061) in font nullfont!
Missing character: There is no n (U+006E) in font nullfont!
Missing character: There is no d (U+0064) in font nullfont!
Missing character: There is no T (U+0054) in font nullfont!
Missing character: There is no o (U+006F) in font nullfont!
Missing character: There is no p (U+0070) in font nullfont!
Missing character: There is no o (U+006F) in font nullfont!
Missing character: There is no l (U+006C) in font nullfont!
Missing character: There is no o (U+006F) in font nullfont!
Missing character: There is no g (U+0067) in font nullfont!
Missing character: There is no y (U+0079) in font nullfont!
Missing character: There is no T (U+0054) in font nullfont!
Missing character: There is no h (U+0068) in font nullfont!
Missing character: There is no e (U+0065) in font nullfont!
Missing character: There is no P (U+0050) in font nullfont!
Missing character: There is no C (U+0043) in font nullfont!
Missing character: There is no i (U+0069) in font nullfont!
Missing character: There is no s (U+0073) in font nullfont!
Missing character: There is no p (U+0070) in font nullfont!
Missing character: There is no a (U+0061) in font nullfont!
Missing character: There is no r (U+0072) in font nullfont!
Missing character: There is no t (U+0074) in font nullfont!
Missing character: There is no i (U+0069) in font nullfont!
Missing character: There is no t (U+0074) in font nullfont!
Missing character: There is no i (U+0069) in font nullfont!
Missing character: There is no o (U+006F) in font nullfont!
Missing character: There is no n (U+006E) in font nullfont!
Missing character: There is no e (U+0065) in font nullfont!
Missing character: There is no d (U+0064) in font nullfont!
Missing character: There is no u (U+0075) in font nullfont!
Missing character: There is no s (U+0073) in font nullfont!
Missing character: There is no i (U+0069) in font nullfont!
Missing character: There is no n (U+006E) in font nullfont!
Missing character: There is no g (U+0067) in font nullfont!
Missing character: There is no a (U+0061) in font nullfont!
Missing character: There is no M (U+004D) in font nullfont!
Missing character: There is no o (U+006F) in font nullfont!
Missing character: There is no r (U+0072) in font nullfont!
Missing character: There is no t (U+0074) in font nullfont!
Missing character: There is no o (U+006F) in font nullfont!
Missing character: There is no n (U+006E) in font nullfont!
Missing character: There is no P (U+0050) in font nullfont!
Missing character: There is no a (U+0061) in font nullfont!
Missing character: There is no t (U+0074) in font nullfont!
Missing character: There is no h (U+0068) in font nullfont!
Missing character: There is no ( (U+0028) in font nullfont!
Missing character: There is no Z (U+005A) in font nullfont!
Missing character: There is no - (U+002D) in font nullfont!
Missing character: There is no o (U+006F) in font nullfont!
Missing character: There is no r (U+0072) in font nullfont!
Missing character: There is no d (U+0064) in font nullfont!
Missing character: There is no e (U+0065) in font nullfont!
Missing character: There is no r (U+0072) in font nullfont!
Missing character: There is no ) (U+0029) in font nullfont!
Missing character: There is no t (U+0074) in font nullfont!
Missing character: There is no o (U+006F) in font nullfont!
Missing character: There is no p (U+0070) in font nullfont!
Missing character: There is no r (U+0072) in font nullfont!
Missing character: There is no e (U+0065) in font nullfont!
Missing character: There is no s (U+0073) in font nullfont!
Missing character: There is no e (U+0065) in font nullfont!
Missing character: There is no r (U+0072) in font nullfont!
Missing character: There is no v (U+0076) in font nullfont!
Missing character: There is no e (U+0065) in font nullfont!
Missing character: There is no s (U+0073) in font nullfont!
Missing character: There is no p (U+0070) in font nullfont!
Missing character: There is no a (U+0061) in font nullfont!
Missing character: There is no t (U+0074) in font nullfont!
Missing character: There is no i (U+0069) in font nullfont!
Missing character: There is no a (U+0061) in font nullfont!
Missing character: There is no l (U+006C) in font nullfont!
Missing character: There is no l (U+006C) in font nullfont!
Missing character: There is no o (U+006F) in font nullfont!
Missing character: There is no c (U+0063) in font nullfont!
Missing character: There is no a (U+0061) in font nullfont!
Missing character: There is no l (U+006C) in font nullfont!
Missing character: There is no i (U+0069) in font nullfont!
Missing character: There is no t (U+0074) in font nullfont!
Missing character: There is no y (U+0079) in font nullfont!
Missing character: There is no [ (U+005B) in font nullfont!
Missing character: There is no 5 (U+0035) in font nullfont!
Missing character: There is no ] (U+005D) in font nullfont!
Missing character: There is no . (U+002E) in font nullfont!
Missing character: There is no A (U+0041) in font nullfont!
Missing character: There is no S (U+0053) in font nullfont!
Missing character: There is no t (U+0074) in font nullfont!
Missing character: There is no r (U+0072) in font nullfont!
Missing character: There is no u (U+0075) in font nullfont!
Missing character: There is no c (U+0063) in font nullfont!
Missing character: There is no t (U+0074) in font nullfont!
Missing character: There is no u (U+0075) in font nullfont!
Missing character: There is no r (U+0072) in font nullfont!
Missing character: There is no a (U+0061) in font nullfont!
Missing character: There is no l (U+006C) in font nullfont!
Missing character: There is no G (U+0047) in font nullfont!
Missing character: There is no r (U+0072) in font nullfont!
Missing character: There is no a (U+0061) in font nullfont!
Missing character: There is no p (U+0070) in font nullfont!
Missing character: There is no h (U+0068) in font nullfont!
Missing character: There is no ( (U+0028) in font nullfont!
{/var/lib/texmf/fonts/map/pdftex/updmap/pdftex.map}
Missing character: There is no ) (U+0029) in font nullfont!
Missing character: There is no i (U+0069) in font nullfont!
Missing character: There is no s (U+0073) in font nullfont!
Missing character: There is no b (U+0062) in font nullfont!
Missing character: There is no u (U+0075) in font nullfont!
Missing character: There is no i (U+0069) in font nullfont!
Missing character: There is no l (U+006C) in font nullfont!
Missing character: There is no t (U+0074) in font nullfont!
Missing character: There is no u (U+0075) in font nullfont!
Missing character: There is no s (U+0073) in font nullfont!
Missing character: There is no i (U+0069) in font nullfont!
Missing character: There is no n (U+006E) in font nullfont!
Missing character: There is no g (U+0067) in font nullfont!
Missing character: There is no E (U+0045) in font nullfont!
Missing character: There is no u (U+0075) in font nullfont!
Missing character: There is no c (U+0063) in font nullfont!
Missing character: There is no l (U+006C) in font nullfont!
Missing character: There is no i (U+0069) in font nullfont!
Missing character: There is no d (U+0064) in font nullfont!
Missing character: There is no e (U+0065) in font nullfont!
Missing character: There is no a (U+0061) in font nullfont!
Missing character: There is no n (U+006E) in font nullfont!
Missing character: There is no p (U+0070) in font nullfont!
Missing character: There is no r (U+0072) in font nullfont!
Missing character: There is no o (U+006F) in font nullfont!
Missing character: There is no x (U+0078) in font nullfont!
Missing character: There is no i (U+0069) in font nullfont!
Missing character: There is no m (U+006D) in font nullfont!
Missing character: There is no i (U+0069) in font nullfont!
Missing character: There is no t (U+0074) in font nullfont!
Missing character: There is no y (U+0079) in font nullfont!
Missing character: There is no [ (U+005B) in font nullfont!
Missing character: There is no 6 (U+0036) in font nullfont!
Missing character: There is no ] (U+005D) in font nullfont!
Missing character: There is no . (U+002E) in font nullfont!
Missing character: There is no W (U+0057) in font nullfont!
Missing character: There is no e (U+0065) in font nullfont!
Missing character: There is no t (U+0074) in font nullfont!
Missing character: There is no h (U+0068) in font nullfont!
Missing character: There is no e (U+0065) in font nullfont!
Missing character: There is no n (U+006E) in font nullfont!
Missing character: There is no i (U+0069) in font nullfont!
Missing character: There is no n (U+006E) in font nullfont!
Missing character: There is no t (U+0074) in font nullfont!
Missing character: There is no r (U+0072) in font nullfont!
Missing character: There is no o (U+006F) in font nullfont!
Missing character: There is no d (U+0064) in font nullfont!
Missing character: There is no u (U+0075) in font nullfont!
Missing character: There is no c (U+0063) in font nullfont!
Missing character: There is no e (U+0065) in font nullfont!
Missing character: There is no t (U+0074) in font nullfont!
Missing character: There is no h (U+0068) in font nullfont!
Missing character: There is no e (U+0065) in font nullfont!
Missing character: There is no A (U+0041) in font nullfont!
Missing character: There is no t (U+0074) in font nullfont!
Missing character: There is no t (U+0074) in font nullfont!
Missing character: There is no r (U+0072) in font nullfont!
Missing character: There is no i (U+0069) in font nullfont!
Missing character: There is no b (U+0062) in font nullfont!
Missing character: There is no u (U+0075) in font nullfont!
Missing character: There is no t (U+0074) in font nullfont!
Missing character: There is no e (U+0065) in font nullfont!
Missing character: There is no - (U+002D) in font nullfont!
Missing character: There is no D (U+0044) in font nullfont!
Missing character: There is no e (U+0065) in font nullfont!
Missing character: There is no p (U+0070) in font nullfont!
Missing character: There is no e (U+0065) in font nullfont!
Missing character: There is no n (U+006E) in font nullfont!
Missing character: There is no d (U+0064) in font nullfont!
Missing character: There is no e (U+0065) in font nullfont!
Missing character: There is no n (U+006E) in font nullfont!
Missing character: There is no t (U+0074) in font nullfont!
Missing character: There is no G (U+0047) in font nullfont!
Missing character: There is no r (U+0072) in font nullfont!
Missing character: There is no a (U+0061) in font nullfont!
Missing character: There is no p (U+0070) in font nullfont!
Missing character: There is no h (U+0068) in font nullfont!
Missing character: There is no ( (U+0028) in font nullfont!
Missing character: There is no ) (U+0029) in font nullfont!
Missing character: There is no , (U+002C) in font nullfont!
Missing character: There is no w (U+0077) in font nullfont!
Missing character: There is no h (U+0068) in font nullfont!
Missing character: There is no i (U+0069) in font nullfont!
Missing character: There is no c (U+0063) in font nullfont!
Missing character: There is no h (U+0068) in font nullfont!
Missing character: There is no a (U+0061) in font nullfont!
Missing character: There is no d (U+0064) in font nullfont!
Missing character: There is no a (U+0061) in font nullfont!
Missing character: There is no p (U+0070) in font nullfont!
Missing character: There is no t (U+0074) in font nullfont!
Missing character: There is no s (U+0073) in font nullfont!
Missing character: There is no b (U+0062) in font nullfont!
Missing character: There is no y (U+0079) in font nullfont!
Missing character: There is no a (U+0061) in font nullfont!
Missing character: There is no d (U+0064) in font nullfont!
Missing character: There is no d (U+0064) in font nullfont!
Missing character: There is no i (U+0069) in font nullfont!
Missing character: There is no n (U+006E) in font nullfont!
Missing character: There is no g (U+0067) in font nullfont!
Missing character: There is no s (U+0073) in font nullfont!
Missing character: There is no e (U+0065) in font nullfont!
Missing character: There is no l (U+006C) in font nullfont!
Missing character: There is no f (U+0066) in font nullfont!
Missing character: There is no - (U+002D) in font nullfont!
Missing character: There is no l (U+006C) in font nullfont!
Missing character: There is no o (U+006F) in font nullfont!
Missing character: There is no o (U+006F) in font nullfont!
Missing character: There is no p (U+0070) in font nullfont!
Missing character: There is no s (U+0073) in font nullfont!
Missing character: There is no t (U+0074) in font nullfont!
Missing character: There is no o (U+006F) in font nullfont!
Missing character: There is no n (U+006E) in font nullfont!
Missing character: There is no o (U+006F) in font nullfont!
Missing character: There is no d (U+0064) in font nullfont!
Missing character: There is no e (U+0065) in font nullfont!
Missing character: There is no s (U+0073) in font nullfont!
Missing character: There is no i (U+0069) in font nullfont!
Missing character: There is no d (U+0064) in font nullfont!
Missing character: There is no e (U+0065) in font nullfont!
Missing character: There is no n (U+006E) in font nullfont!
Missing character: There is no t (U+0074) in font nullfont!
Missing character: There is no i (U+0069) in font nullfont!
Missing character: There is no f (U+0066) in font nullfont!
Missing character: There is no i (U+0069) in font nullfont!
Missing character: There is no e (U+0065) in font nullfont!
Missing character: There is no d (U+0064) in font nullfont!
Missing character: There is no a (U+0061) in font nullfont!
Missing character: There is no s (U+0073) in font nullfont!
Missing character: There is no " (U+0022) in font nullfont!
Missing character: There is no s (U+0073) in font nullfont!
Missing character: There is no i (U+0069) in font nullfont!
Missing character: There is no n (U+006E) in font nullfont!
Missing character: There is no k (U+006B) in font nullfont!
Missing character: There is no s (U+0073) in font nullfont!
Missing character: There is no " (U+0022) in font nullfont!
Missing character: There is no i (U+0069) in font nullfont!
Missing character: There is no n (U+006E) in font nullfont!
Missing character: There is no t (U+0074) in font nullfont!
Missing character: There is no h (U+0068) in font nullfont!
Missing character: There is no e (U+0065) in font nullfont!
Missing character: There is no a (U+0061) in font nullfont!
Missing character: There is no t (U+0074) in font nullfont!
Missing character: There is no t (U+0074) in font nullfont!
Missing character: There is no r (U+0072) in font nullfont!
Missing character: There is no i (U+0069) in font nullfont!
Missing character: There is no b (U+0062) in font nullfont!
Missing character: There is no u (U+0075) in font nullfont!
Missing character: There is no t (U+0074) in font nullfont!
Missing character: There is no e (U+0065) in font nullfont!
Missing character: There is no g (U+0067) in font nullfont!
Missing character: There is no r (U+0072) in font nullfont!
Missing character: There is no a (U+0061) in font nullfont!
Missing character: There is no d (U+0064) in font nullfont!
Missing character: There is no i (U+0069) in font nullfont!
Missing character: There is no e (U+0065) in font nullfont!
Missing character: There is no n (U+006E) in font nullfont!
Missing character: There is no t (U+0074) in font nullfont!
Missing character: There is no f (U+0066) in font nullfont!
Missing character: There is no i (U+0069) in font nullfont!
Missing character: There is no e (U+0065) in font nullfont!
Missing character: There is no l (U+006C) in font nullfont!
Missing character: There is no d (U+0064) in font nullfont!
Missing character: There is no . (U+002E) in font nullfont!
Missing character: There is no F (U+0046) in font nullfont!
Missing character: There is no i (U+0069) in font nullfont!
Missing character: There is no g (U+0067) in font nullfont!
Missing character: There is no u (U+0075) in font nullfont!
Missing character: There is no r (U+0072) in font nullfont!
Missing character: There is no e (U+0065) in font nullfont!
Missing character: There is no 2 (U+0032) in font nullfont!
Missing character: There is no . (U+002E) in font nullfont!
Missing character: There is no M (U+004D) in font nullfont!
Missing character: There is no o (U+006F) in font nullfont!
Missing character: There is no r (U+0072) in font nullfont!
Missing character: There is no t (U+0074) in font nullfont!
Missing character: There is no o (U+006F) in font nullfont!
Missing character: There is no n (U+006E) in font nullfont!
Missing character: There is no p (U+0070) in font nullfont!
Missing character: There is no a (U+0061) in font nullfont!
Missing character: There is no r (U+0072) in font nullfont!
Missing character: There is no t (U+0074) in font nullfont!
Missing character: There is no i (U+0069) in font nullfont!
Missing character: There is no t (U+0074) in font nullfont!
Missing character: There is no i (U+0069) in font nullfont!
Missing character: There is no o (U+006F) in font nullfont!
Missing character: There is no n (U+006E) in font nullfont!
Missing character: There is no i (U+0069) in font nullfont!
Missing character: There is no n (U+006E) in font nullfont!
Missing character: There is no g (U+0067) in font nullfont!
Missing character: There is no . (U+002E) in font nullfont!
Missing character: There is no F (U+0046) in font nullfont!
Missing character: There is no i (U+0069) in font nullfont!
Missing character: There is no g (U+0067) in font nullfont!
Missing character: There is no u (U+0075) in font nullfont!
Missing character: There is no r (U+0072) in font nullfont!
Missing character: There is no e (U+0065) in font nullfont!
Missing character: There is no 3 (U+0033) in font nullfont!
Missing character: There is no . (U+002E) in font nullfont!
Missing character: There is no A (U+0041) in font nullfont!
Missing character: There is no d (U+0064) in font nullfont!
Missing character: There is no a (U+0061) in font nullfont!
Missing character: There is no p (U+0070) in font nullfont!
Missing character: There is no t (U+0074) in font nullfont!
Missing character: There is no i (U+0069) in font nullfont!
Missing character: There is no v (U+0076) in font nullfont!
Missing character: There is no e (U+0065) in font nullfont!
Missing character: There is no T (U+0054) in font nullfont!
Missing character: There is no o (U+006F) in font nullfont!
Missing character: There is no p (U+0070) in font nullfont!
Missing character: There is no o (U+006F) in font nullfont!
Missing character: There is no l (U+006C) in font nullfont!
Missing character: There is no o (U+006F) in font nullfont!
Missing character: There is no g (U+0067) in font nullfont!
Missing character: There is no y (U+0079) in font nullfont!
Missing character: There is no . (U+002E) in font nullfont!
Missing character: There is no L (U+004C) in font nullfont!
Missing character: There is no e (U+0065) in font nullfont!
Missing character: There is no a (U+0061) in font nullfont!
Missing character: There is no r (U+0072) in font nullfont!
Missing character: There is no n (U+006E) in font nullfont!
Missing character: There is no i (U+0069) in font nullfont!
Missing character: There is no n (U+006E) in font nullfont!
Missing character: There is no g (U+0067) in font nullfont!
Missing character: There is no t (U+0074) in font nullfont!
Missing character: There is no h (U+0068) in font nullfont!
Missing character: There is no e (U+0065) in font nullfont!
Missing character: There is no D (U+0044) in font nullfont!
Missing character: There is no i (U+0069) in font nullfont!
Missing character: There is no c (U+0063) in font nullfont!
Missing character: There is no t (U+0074) in font nullfont!
Missing character: There is no i (U+0069) in font nullfont!
Missing character: There is no o (U+006F) in font nullfont!
Missing character: There is no n (U+006E) in font nullfont!
Missing character: There is no a (U+0061) in font nullfont!
Missing character: There is no r (U+0072) in font nullfont!
Missing character: There is no y (U+0079) in font nullfont!
Missing character: There is no : (U+003A) in font nullfont!
Missing character: There is no R (U+0052) in font nullfont!
Missing character: There is no D (U+0044) in font nullfont!
Missing character: There is no - (U+002D) in font nullfont!
Missing character: There is no O (U+004F) in font nullfont!
Missing character: There is no p (U+0070) in font nullfont!
Missing character: There is no t (U+0074) in font nullfont!
Missing character: There is no i (U+0069) in font nullfont!
Missing character: There is no m (U+006D) in font nullfont!
Missing character: There is no i (U+0069) in font nullfont!
Missing character: There is no z (U+007A) in font nullfont!
Missing character: There is no e (U+0065) in font nullfont!
Missing character: There is no d (U+0064) in font nullfont!
Missing character: There is no C (U+0043) in font nullfont!
Missing character: There is no l (U+006C) in font nullfont!
Missing character: There is no u (U+0075) in font nullfont!
Missing character: There is no s (U+0073) in font nullfont!
Missing character: There is no t (U+0074) in font nullfont!
Missing character: There is no e (U+0065) in font nullfont!
Missing character: There is no r (U+0072) in font nullfont!
Missing character: There is no i (U+0069) in font nullfont!
Missing character: There is no n (U+006E) in font nullfont!
Missing character: There is no g (U+0067) in font nullfont!
Missing character: There is no W (U+0057) in font nullfont!
Missing character: There is no e (U+0065) in font nullfont!
Missing character: There is no l (U+006C) in font nullfont!
Missing character: There is no e (U+0065) in font nullfont!
Missing character: There is no a (U+0061) in font nullfont!
Missing character: There is no r (U+0072) in font nullfont!
Missing character: There is no n (U+006E) in font nullfont!
Missing character: There is no a (U+0061) in font nullfont!
Missing character: There is no c (U+0063) in font nullfont!
Missing character: There is no o (U+006F) in font nullfont!
Missing character: There is no d (U+0064) in font nullfont!
Missing character: There is no e (U+0065) in font nullfont!
Missing character: There is no b (U+0062) in font nullfont!
Missing character: There is no o (U+006F) in font nullfont!
Missing character: There is no o (U+006F) in font nullfont!
Missing character: There is no k (U+006B) in font nullfont!
Missing character: There is no o (U+006F) in font nullfont!
Missing character: There is no f (U+0066) in font nullfont!
Missing character: There is no t (U+0074) in font nullfont!
Missing character: There is no r (U+0072) in font nullfont!
Missing character: There is no a (U+0061) in font nullfont!
Missing character: There is no n (U+006E) in font nullfont!
Missing character: There is no s (U+0073) in font nullfont!
Missing character: There is no f (U+0066) in font nullfont!
Missing character: There is no o (U+006F) in font nullfont!
Missing character: There is no r (U+0072) in font nullfont!
Missing character: There is no m (U+006D) in font nullfont!
Missing character: There is no s (U+0073) in font nullfont!
Missing character: There is no ( (U+0028) in font nullfont!
Missing character: There is no d (U+0064) in font nullfont!
Missing character: There is no e (U+0065) in font nullfont!
Missing character: There is no f (U+0066) in font nullfont!
Missing character: There is no i (U+0069) in font nullfont!
Missing character: There is no n (U+006E) in font nullfont!
Missing character: There is no e (U+0065) in font nullfont!
Missing character: There is no d (U+0064) in font nullfont!
Missing character: There is no b (U+0062) in font nullfont!
Missing character: There is no y (U+0079) in font nullfont!
Missing character: There is no s (U+0073) in font nullfont!
Missing character: There is no l (U+006C) in font nullfont!
Missing character: There is no o (U+006F) in font nullfont!
Missing character: There is no p (U+0070) in font nullfont!
Missing character: There is no e (U+0065) in font nullfont!
Missing character: There is no s (U+0073) in font nullfont!
Missing character: There is no a (U+0061) in font nullfont!
Missing character: There is no n (U+006E) in font nullfont!
Missing character: There is no d (U+0064) in font nullfont!
Missing character: There is no s (U+0073) in font nullfont!
Missing character: There is no e (U+0065) in font nullfont!
Missing character: There is no l (U+006C) in font nullfont!
Missing character: There is no f (U+0066) in font nullfont!
Missing character: There is no - (U+002D) in font nullfont!
Missing character: There is no l (U+006C) in font nullfont!
Missing character: There is no o (U+006F) in font nullfont!
Missing character: There is no o (U+006F) in font nullfont!
Missing character: There is no p (U+0070) in font nullfont!
Missing character: There is no p (U+0070) in font nullfont!
Missing character: There is no a (U+0061) in font nullfont!
Missing character: There is no r (U+0072) in font nullfont!
Missing character: There is no a (U+0061) in font nullfont!
Missing character: There is no m (U+006D) in font nullfont!
Missing character: There is no e (U+0065) in font nullfont!
Missing character: There is no t (U+0074) in font nullfont!
Missing character: There is no e (U+0065) in font nullfont!
Missing character: There is no r (U+0072) in font nullfont!
Missing character: There is no s (U+0073) in font nullfont!
Missing character: There is no ) (U+0029) in font nullfont!
Missing character: There is no t (U+0074) in font nullfont!
Missing character: There is no o (U+006F) in font nullfont!
Missing character: There is no m (U+006D) in font nullfont!
Missing character: There is no i (U+0069) in font nullfont!
Missing character: There is no n (U+006E) in font nullfont!
Missing character: There is no i (U+0069) in font nullfont!
Missing character: There is no m (U+006D) in font nullfont!
Missing character: There is no i (U+0069) in font nullfont!
Missing character: There is no z (U+007A) in font nullfont!
Missing character: There is no e (U+0065) in font nullfont!
Missing character: There is no t (U+0074) in font nullfont!
Missing character: There is no h (U+0068) in font nullfont!
Missing character: There is no e (U+0065) in font nullfont!
Missing character: There is no L (U+004C) in font nullfont!
Missing character: There is no a (U+0061) in font nullfont!
Missing character: There is no g (U+0067) in font nullfont!
Missing character: There is no r (U+0072) in font nullfont!
Missing character: There is no a (U+0061) in font nullfont!
Missing character: There is no n (U+006E) in font nullfont!
Missing character: There is no g (U+0067) in font nullfont!
Missing character: There is no i (U+0069) in font nullfont!
Missing character: There is no a (U+0061) in font nullfont!
Missing character: There is no n (U+006E) in font nullfont!
Missing character: There is no c (U+0063) in font nullfont!
Missing character: There is no o (U+006F) in font nullfont!
Missing character: There is no s (U+0073) in font nullfont!
Missing character: There is no t (U+0074) in font nullfont!
Missing character: There is no [ (U+005B) in font nullfont!
Missing character: There is no 7 (U+0037) in font nullfont!
Missing character: There is no ] (U+005D) in font nullfont!
Missing character: There is no . (U+002E) in font nullfont!
Missing character: There is no E (U+0045) in font nullfont!
Missing character: There is no x (U+0078) in font nullfont!
Missing character: There is no p (U+0070) in font nullfont!
Missing character: There is no l (U+006C) in font nullfont!
Missing character: There is no o (U+006F) in font nullfont!
Missing character: There is no r (U+0072) in font nullfont!
Missing character: There is no a (U+0061) in font nullfont!
Missing character: There is no t (U+0074) in font nullfont!
Missing character: There is no i (U+0069) in font nullfont!
Missing character: There is no o (U+006F) in font nullfont!
Missing character: There is no n (U+006E) in font nullfont!
Missing character: There is no : (U+003A) in font nullfont!
Missing character: There is no S (U+0053) in font nullfont!
Missing character: There is no i (U+0069) in font nullfont!
Missing character: There is no m (U+006D) in font nullfont!
Missing character: There is no u (U+0075) in font nullfont!
Missing character: There is no l (U+006C) in font nullfont!
Missing character: There is no a (U+0061) in font nullfont!
Missing character: There is no t (U+0074) in font nullfont!
Missing character: There is no e (U+0065) in font nullfont!
Missing character: There is no d (U+0064) in font nullfont!
Missing character: There is no A (U+0041) in font nullfont!
Missing character: There is no n (U+006E) in font nullfont!
Missing character: There is no n (U+006E) in font nullfont!
Missing character: There is no e (U+0065) in font nullfont!
Missing character: There is no a (U+0061) in font nullfont!
Missing character: There is no l (U+006C) in font nullfont!
Missing character: There is no i (U+0069) in font nullfont!
Missing character: There is no n (U+006E) in font nullfont!
Missing character: There is no g (U+0067) in font nullfont!
Missing character: There is no e (U+0065) in font nullfont!
Missing character: There is no n (U+006E) in font nullfont!
Missing character: There is no a (U+0061) in font nullfont!
Missing character: There is no b (U+0062) in font nullfont!
Missing character: There is no l (U+006C) in font nullfont!
Missing character: There is no e (U+0065) in font nullfont!
Missing character: There is no s (U+0073) in font nullfont!
Missing character: There is no s (U+0073) in font nullfont!
Missing character: There is no t (U+0074) in font nullfont!
Missing character: There is no o (U+006F) in font nullfont!
Missing character: There is no c (U+0063) in font nullfont!
Missing character: There is no h (U+0068) in font nullfont!
Missing character: There is no a (U+0061) in font nullfont!
Missing character: There is no s (U+0073) in font nullfont!
Missing character: There is no t (U+0074) in font nullfont!
Missing character: There is no i (U+0069) in font nullfont!
Missing character: There is no c (U+0063) in font nullfont!
Missing character: There is no b (U+0062) in font nullfont!
Missing character: There is no l (U+006C) in font nullfont!
Missing character: There is no o (U+006F) in font nullfont!
Missing character: There is no c (U+0063) in font nullfont!
Missing character: There is no k (U+006B) in font nullfont!
Missing character: There is no - (U+002D) in font nullfont!
Missing character: There is no t (U+0074) in font nullfont!
Missing character: There is no o (U+006F) in font nullfont!
Missing character: There is no - (U+002D) in font nullfont!
Missing character: There is no c (U+0063) in font nullfont!
Missing character: There is no l (U+006C) in font nullfont!
Missing character: There is no u (U+0075) in font nullfont!
Missing character: There is no s (U+0073) in font nullfont!
Missing character: There is no t (U+0074) in font nullfont!
Missing character: There is no e (U+0065) in font nullfont!
Missing character: There is no r (U+0072) in font nullfont!
Missing character: There is no a (U+0061) in font nullfont!
Missing character: There is no s (U+0073) in font nullfont!
Missing character: There is no s (U+0073) in font nullfont!
Missing character: There is no i (U+0069) in font nullfont!
Missing character: There is no g (U+0067) in font nullfont!
Missing character: There is no n (U+006E) in font nullfont!
Missing character: There is no m (U+006D) in font nullfont!
Missing character: There is no e (U+0065) in font nullfont!
Missing character: There is no n (U+006E) in font nullfont!
Missing character: There is no t (U+0074) in font nullfont!
Missing character: There is no s (U+0073) in font nullfont!
Missing character: There is no t (U+0074) in font nullfont!
Missing character: There is no o (U+006F) in font nullfont!
Missing character: There is no a (U+0061) in font nullfont!
Missing character: There is no v (U+0076) in font nullfont!
Missing character: There is no o (U+006F) in font nullfont!
Missing character: There is no i (U+0069) in font nullfont!
Missing character: There is no d (U+0064) in font nullfont!
Missing character: There is no l (U+006C) in font nullfont!
Missing character: There is no o (U+006F) in font nullfont!
Missing character: There is no c (U+0063) in font nullfont!
Missing character: There is no a (U+0061) in font nullfont!
Missing character: There is no l (U+006C) in font nullfont!
Missing character: There is no m (U+006D) in font nullfont!
Missing character: There is no i (U+0069) in font nullfont!
Missing character: There is no n (U+006E) in font nullfont!
Missing character: There is no i (U+0069) in font nullfont!
Missing character: There is no m (U+006D) in font nullfont!
Missing character: There is no a (U+0061) in font nullfont!
Missing character: There is no . (U+002E) in font nullfont!
Missing character: There is no R (U+0052) in font nullfont!
Missing character: There is no e (U+0065) in font nullfont!
Missing character: There is no f (U+0066) in font nullfont!
Missing character: There is no i (U+0069) in font nullfont!
Missing character: There is no n (U+006E) in font nullfont!
Missing character: There is no e (U+0065) in font nullfont!
Missing character: There is no m (U+006D) in font nullfont!
Missing character: There is no e (U+0065) in font nullfont!
Missing character: There is no n (U+006E) in font nullfont!
Missing character: There is no t (U+0074) in font nullfont!
Missing character: There is no : (U+003A) in font nullfont!
Missing character: There is no D (U+0044) in font nullfont!
Missing character: There is no i (U+0069) in font nullfont!
Missing character: There is no f (U+0066) in font nullfont!
Missing character: There is no f (U+0066) in font nullfont!
Missing character: There is no e (U+0065) in font nullfont!
Missing character: There is no r (U+0072) in font nullfont!
Missing character: There is no e (U+0065) in font nullfont!
Missing character: There is no n (U+006E) in font nullfont!
Missing character: There is no t (U+0074) in font nullfont!
Missing character: There is no i (U+0069) in font nullfont!
Missing character: There is no a (U+0061) in font nullfont!
Missing character: There is no l (U+006C) in font nullfont!
Missing character: There is no E (U+0045) in font nullfont!
Missing character: There is no v (U+0076) in font nullfont!
Missing character: There is no o (U+006F) in font nullfont!
Missing character: There is no l (U+006C) in font nullfont!
Missing character: There is no u (U+0075) in font nullfont!
Missing character: There is no t (U+0074) in font nullfont!
Missing character: There is no i (U+0069) in font nullfont!
Missing character: There is no o (U+006F) in font nullfont!
Missing character: There is no n (U+006E) in font nullfont!
Missing character: There is no r (U+0072) in font nullfont!
Missing character: There is no e (U+0065) in font nullfont!
Missing character: There is no f (U+0066) in font nullfont!
Missing character: There is no i (U+0069) in font nullfont!
Missing character: There is no n (U+006E) in font nullfont!
Missing character: There is no e (U+0065) in font nullfont!
Missing character: There is no s (U+0073) in font nullfont!
Missing character: There is no p (U+0070) in font nullfont!
Missing character: There is no a (U+0061) in font nullfont!
Missing character: There is no r (U+0072) in font nullfont!
Missing character: There is no a (U+0061) in font nullfont!
Missing character: There is no m (U+006D) in font nullfont!
Missing character: There is no e (U+0065) in font nullfont!
Missing character: There is no t (U+0074) in font nullfont!
Missing character: There is no e (U+0065) in font nullfont!
Missing character: There is no r (U+0072) in font nullfont!
Missing character: There is no s (U+0073) in font nullfont!
Missing character: There is no ( (U+0028) in font nullfont!
Missing character: There is no ) (U+0029) in font nullfont!
Missing character: There is no t (U+0074) in font nullfont!
Missing character: There is no o (U+006F) in font nullfont!
Missing character: There is no m (U+006D) in font nullfont!
Missing character: There is no i (U+0069) in font nullfont!
Missing character: There is no n (U+006E) in font nullfont!
Missing character: There is no i (U+0069) in font nullfont!
Missing character: There is no m (U+006D) in font nullfont!
Missing character: There is no i (U+0069) in font nullfont!
Missing character: There is no z (U+007A) in font nullfont!
Missing character: There is no e (U+0065) in font nullfont!
Missing character: There is no t (U+0074) in font nullfont!
Missing character: There is no h (U+0068) in font nullfont!
Missing character: There is no e (U+0065) in font nullfont!
Missing character: There is no c (U+0063) in font nullfont!
Missing character: There is no o (U+006F) in font nullfont!
Missing character: There is no l (U+006C) in font nullfont!
Missing character: There is no l (U+006C) in font nullfont!
Missing character: There is no e (U+0065) in font nullfont!
Missing character: There is no c (U+0063) in font nullfont!
Missing character: There is no t (U+0074) in font nullfont!
Missing character: There is no i (U+0069) in font nullfont!
Missing character: There is no v (U+0076) in font nullfont!
Missing character: There is no e (U+0065) in font nullfont!
Missing character: There is no R (U+0052) in font nullfont!
Missing character: There is no D (U+0044) in font nullfont!
Missing character: There is no - (U+002D) in font nullfont!
Missing character: There is no c (U+0063) in font nullfont!
Missing character: There is no o (U+006F) in font nullfont!
Missing character: There is no s (U+0073) in font nullfont!
Missing character: There is no t (U+0074) in font nullfont!
Missing character: There is no [ (U+005B) in font nullfont!
Missing character: There is no 9 (U+0039) in font nullfont!
Missing character: There is no ] (U+005D) in font nullfont!
Missing character: There is no . (U+002E) in font nullfont!
Missing character: There is no I (U+0049) in font nullfont!
Missing character: There is no n (U+006E) in font nullfont!
Missing character: There is no f (U+0066) in font nullfont!
Missing character: There is no o (U+006F) in font nullfont!
Missing character: There is no r (U+0072) in font nullfont!
Missing character: There is no m (U+006D) in font nullfont!
Missing character: There is no a (U+0061) in font nullfont!
Missing character: There is no t (U+0074) in font nullfont!
Missing character: There is no i (U+0069) in font nullfont!
Missing character: There is no o (U+006F) in font nullfont!
Missing character: There is no n (U+006E) in font nullfont!
Missing character: There is no T (U+0054) in font nullfont!
Missing character: There is no h (U+0068) in font nullfont!
Missing character: There is no e (U+0065) in font nullfont!
Missing character: There is no o (U+006F) in font nullfont!
Missing character: There is no r (U+0072) in font nullfont!
Missing character: There is no y (U+0079) in font nullfont!
Missing character: There is no C (U+0043) in font nullfont!
Missing character: There is no o (U+006F) in font nullfont!
Missing character: There is no n (U+006E) in font nullfont!
Missing character: There is no t (U+0074) in font nullfont!
Missing character: There is no e (U+0065) in font nullfont!
Missing character: There is no x (U+0078) in font nullfont!
Missing character: There is no t (U+0074) in font nullfont!
Missing character: There is no : (U+003A) in font nullfont!
Missing character: There is no T (U+0054) in font nullfont!
Missing character: There is no h (U+0068) in font nullfont!
Missing character: There is no e (U+0065) in font nullfont!
Missing character: There is no S (U+0053) in font nullfont!
Missing character: There is no i (U+0069) in font nullfont!
Missing character: There is no g (U+0067) in font nullfont!
Missing character: There is no n (U+006E) in font nullfont!
Missing character: There is no a (U+0061) in font nullfont!
Missing character: There is no l (U+006C) in font nullfont!
Missing character: There is no i (U+0069) in font nullfont!
Missing character: There is no n (U+006E) in font nullfont!
Missing character: There is no g (U+0067) in font nullfont!
Missing character: There is no T (U+0054) in font nullfont!
Missing character: There is no a (U+0061) in font nullfont!
Missing character: There is no x (U+0078) in font nullfont!
Missing character: There is no A (U+0041) in font nullfont!
Missing character: There is no c (U+0063) in font nullfont!
Missing character: There is no o (U+006F) in font nullfont!
Missing character: There is no r (U+0072) in font nullfont!
Missing character: There is no e (U+0065) in font nullfont!
Missing character: There is no f (U+0066) in font nullfont!
Missing character: There is no i (U+0069) in font nullfont!
Missing character: There is no n (U+006E) in font nullfont!
Missing character: There is no d (U+0064) in font nullfont!
Missing character: There is no i (U+0069) in font nullfont!
Missing character: There is no n (U+006E) in font nullfont!
Missing character: There is no g (U+0067) in font nullfont!
Missing character: There is no i (U+0069) in font nullfont!
Missing character: There is no s (U+0073) in font nullfont!
Missing character: There is no t (U+0074) in font nullfont!
Missing character: There is no h (U+0068) in font nullfont!
Missing character: There is no e (U+0065) in font nullfont!
Missing character: There is no O (U+004F) in font nullfont!
Missing character: There is no v (U+0076) in font nullfont!
Missing character: There is no e (U+0065) in font nullfont!
Missing character: There is no r (U+0072) in font nullfont!
Missing character: There is no h (U+0068) in font nullfont!
Missing character: There is no e (U+0065) in font nullfont!
Missing character: There is no a (U+0061) in font nullfont!
Missing character: There is no d (U+0064) in font nullfont!
Missing character: There is no T (U+0054) in font nullfont!
Missing character: There is no r (U+0072) in font nullfont!
Missing character: There is no a (U+0061) in font nullfont!
Missing character: There is no p (U+0070) in font nullfont!
Missing character: There is no . (U+002E) in font nullfont!
Missing character: There is no F (U+0046) in font nullfont!
Missing character: There is no o (U+006F) in font nullfont!
Missing character: There is no r (U+0072) in font nullfont!
Missing character: There is no s (U+0073) in font nullfont!
Missing character: There is no m (U+006D) in font nullfont!
Missing character: There is no a (U+0061) in font nullfont!
Missing character: There is no l (U+006C) in font nullfont!
Missing character: There is no l (U+006C) in font nullfont!
Missing character: There is no b (U+0062) in font nullfont!
Missing character: There is no l (U+006C) in font nullfont!
Missing character: There is no o (U+006F) in font nullfont!
Missing character: There is no c (U+0063) in font nullfont!
Missing character: There is no k (U+006B) in font nullfont!
Missing character: There is no s (U+0073) in font nullfont!
Missing character: There is no ( (U+0028) in font nullfont!
Missing character: There is no B (U+0042) in font nullfont!
Missing character: There is no 4 (U+0034) in font nullfont!
Missing character: There is no ) (U+0029) in font nullfont!
Missing character: There is no , (U+002C) in font nullfont!
Missing character: There is no s (U+0073) in font nullfont!
Missing character: There is no i (U+0069) in font nullfont!
Missing character: There is no g (U+0067) in font nullfont!
Missing character: There is no n (U+006E) in font nullfont!
Missing character: There is no a (U+0061) in font nullfont!
Missing character: There is no l (U+006C) in font nullfont!
Missing character: There is no i (U+0069) in font nullfont!
Missing character: There is no n (U+006E) in font nullfont!
Missing character: There is no g (U+0067) in font nullfont!
Missing character: There is no w (U+0077) in font nullfont!
Missing character: There is no h (U+0068) in font nullfont!
Missing character: There is no i (U+0069) in font nullfont!
Missing character: There is no c (U+0063) in font nullfont!
Missing character: There is no h (U+0068) in font nullfont!
Missing character: There is no t (U+0074) in font nullfont!
Missing character: There is no r (U+0072) in font nullfont!
Missing character: There is no a (U+0061) in font nullfont!
Missing character: There is no n (U+006E) in font nullfont!
Missing character: There is no s (U+0073) in font nullfont!
Missing character: There is no f (U+0066) in font nullfont!
Missing character: There is no o (U+006F) in font nullfont!
Missing character: There is no r (U+0072) in font nullfont!
Missing character: There is no m (U+006D) in font nullfont!
Missing character: There is no t (U+0074) in font nullfont!
Missing character: There is no o (U+006F) in font nullfont!
Missing character: There is no u (U+0075) in font nullfont!
Missing character: There is no s (U+0073) in font nullfont!
Missing character: There is no e (U+0065) in font nullfont!
Missing character: There is no c (U+0063) in font nullfont!
Missing character: There is no o (U+006F) in font nullfont!
Missing character: There is no s (U+0073) in font nullfont!
Missing character: There is no t (U+0074) in font nullfont!
Missing character: There is no s (U+0073) in font nullfont!
Missing character: There is no 0 (U+0030) in font nullfont!
Missing character: There is no . (U+002E) in font nullfont!
Missing character: There is no 2 (U+0032) in font nullfont!
Missing character: There is no B (U+0042) in font nullfont!
Missing character: There is no P (U+0050) in font nullfont!
Missing character: There is no V (U+0056) in font nullfont!
Missing character: There is no , (U+002C) in font nullfont!
Missing character: There is no e (U+0065) in font nullfont!
Missing character: There is no x (U+0078) in font nullfont!
Missing character: There is no c (U+0063) in font nullfont!
Missing character: There is no e (U+0065) in font nullfont!
Missing character: There is no e (U+0065) in font nullfont!
Missing character: There is no d (U+0064) in font nullfont!
Missing character: There is no i (U+0069) in font nullfont!
Missing character: There is no n (U+006E) in font nullfont!
Missing character: There is no g (U+0067) in font nullfont!
Missing character: There is no t (U+0074) in font nullfont!
Missing character: There is no r (U+0072) in font nullfont!
Missing character: There is no a (U+0061) in font nullfont!
Missing character: There is no n (U+006E) in font nullfont!
Missing character: There is no s (U+0073) in font nullfont!
Missing character: There is no f (U+0066) in font nullfont!
Missing character: There is no o (U+006F) in font nullfont!
Missing character: There is no r (U+0072) in font nullfont!
Missing character: There is no m (U+006D) in font nullfont!
Missing character: There is no g (U+0067) in font nullfont!
Missing character: There is no a (U+0061) in font nullfont!
Missing character: There is no i (U+0069) in font nullfont!
Missing character: There is no n (U+006E) in font nullfont!
Missing character: There is no s (U+0073) in font nullfont!
Missing character: There is no . (U+002E) in font nullfont!
Missing character: There is no T (U+0054) in font nullfont!
Missing character: There is no h (U+0068) in font nullfont!
Missing character: There is no e (U+0065) in font nullfont!
Missing character: There is no D (U+0044) in font nullfont!
Missing character: There is no i (U+0069) in font nullfont!
Missing character: There is no l (U+006C) in font nullfont!
Missing character: There is no u (U+0075) in font nullfont!
Missing character: There is no t (U+0074) in font nullfont!
Missing character: There is no i (U+0069) in font nullfont!
Missing character: There is no o (U+006F) in font nullfont!
Missing character: There is no n (U+006E) in font nullfont!
Missing character: There is no P (U+0050) in font nullfont!
Missing character: There is no r (U+0072) in font nullfont!
Missing character: There is no i (U+0069) in font nullfont!
Missing character: There is no n (U+006E) in font nullfont!
Missing character: There is no c (U+0063) in font nullfont!
Missing character: There is no i (U+0069) in font nullfont!
Missing character: There is no p (U+0070) in font nullfont!
Missing character: There is no l (U+006C) in font nullfont!
Missing character: There is no e (U+0065) in font nullfont!
Missing character: There is no : (U+003A) in font nullfont!
Missing character: There is no P (U+0050) in font nullfont!
Missing character: There is no e (U+0065) in font nullfont!
Missing character: There is no r (U+0072) in font nullfont!
Missing character: There is no - (U+002D) in font nullfont!
Missing character: There is no p (U+0070) in font nullfont!
Missing character: There is no o (U+006F) in font nullfont!
Missing character: There is no i (U+0069) in font nullfont!
Missing character: There is no n (U+006E) in font nullfont!
Missing character: There is no t (U+0074) in font nullfont!
Missing character: There is no o (U+006F) in font nullfont!
Missing character: There is no v (U+0076) in font nullfont!
Missing character: There is no e (U+0065) in font nullfont!
Missing character: There is no r (U+0072) in font nullfont!
Missing character: There is no h (U+0068) in font nullfont!
Missing character: There is no e (U+0065) in font nullfont!
Missing character: There is no a (U+0061) in font nullfont!
Missing character: There is no d (U+0064) in font nullfont!
Missing character: There is no d (U+0064) in font nullfont!
Missing character: There is no r (U+0072) in font nullfont!
Missing character: There is no o (U+006F) in font nullfont!
Missing character: There is no p (U+0070) in font nullfont!
Missing character: There is no s (U+0073) in font nullfont!
Missing character: There is no w (U+0077) in font nullfont!
Missing character: There is no i (U+0069) in font nullfont!
Missing character: There is no t (U+0074) in font nullfont!
Missing character: There is no h (U+0068) in font nullfont!
Missing character: There is no b (U+0062) in font nullfont!
Missing character: There is no l (U+006C) in font nullfont!
Missing character: There is no o (U+006F) in font nullfont!
Missing character: There is no c (U+0063) in font nullfont!
Missing character: There is no k (U+006B) in font nullfont!
Missing character: There is no v (U+0076) in font nullfont!
Missing character: There is no o (U+006F) in font nullfont!
Missing character: There is no l (U+006C) in font nullfont!
Missing character: There is no u (U+0075) in font nullfont!
Missing character: There is no m (U+006D) in font nullfont!
Missing character: There is no e (U+0065) in font nullfont!
Missing character: There is no : (U+003A) in font nullfont!
Missing character: There is no B (U+0042) in font nullfont!
Missing character: There is no P (U+0050) in font nullfont!
Missing character: There is no V (U+0056) in font nullfont!
Missing character: There is no o (U+006F) in font nullfont!
Missing character: There is no v (U+0076) in font nullfont!
Missing character: There is no e (U+0065) in font nullfont!
Missing character: There is no r (U+0072) in font nullfont!
Missing character: There is no h (U+0068) in font nullfont!
Missing character: There is no e (U+0065) in font nullfont!
Missing character: There is no a (U+0061) in font nullfont!
Missing character: There is no d (U+0064) in font nullfont!
Missing character: There is no [ (U+005B) in font nullfont!
Missing character: There is no 1 (U+0031) in font nullfont!
Missing character: There is no 1 (U+0031) in font nullfont!
Missing character: There is no , (U+002C) in font nullfont!
Missing character: There is no 1 (U+0031) in font nullfont!
Missing character: There is no 0 (U+0030) in font nullfont!
Missing character: There is no ] (U+005D) in font nullfont!
Missing character: There is no ( (U+0028) in font nullfont!
Missing character: There is no 1 (U+0031) in font nullfont!
Missing character: There is no ) (U+0029) in font nullfont!
Missing character: There is no T (U+0054) in font nullfont!
Missing character: There is no h (U+0068) in font nullfont!
Missing character: There is no i (U+0069) in font nullfont!
Missing character: There is no s (U+0073) in font nullfont!
Missing character: There is no i (U+0069) in font nullfont!
Missing character: There is no n (U+006E) in font nullfont!
Missing character: There is no s (U+0073) in font nullfont!
Missing character: There is no i (U+0069) in font nullfont!
Missing character: There is no g (U+0067) in font nullfont!
Missing character: There is no h (U+0068) in font nullfont!
Missing character: There is no t (U+0074) in font nullfont!
Missing character: There is no s (U+0073) in font nullfont!
Missing character: There is no h (U+0068) in font nullfont!
Missing character: There is no i (U+0069) in font nullfont!
Missing character: There is no f (U+0066) in font nullfont!
Missing character: There is no t (U+0074) in font nullfont!
Missing character: There is no e (U+0065) in font nullfont!
Missing character: There is no d (U+0064) in font nullfont!
Missing character: There is no o (U+006F) in font nullfont!
Missing character: There is no u (U+0075) in font nullfont!
Missing character: There is no r (U+0072) in font nullfont!
Missing character: There is no f (U+0066) in font nullfont!
Missing character: There is no o (U+006F) in font nullfont!
Missing character: There is no c (U+0063) in font nullfont!
Missing character: There is no u (U+0075) in font nullfont!
Missing character: There is no s (U+0073) in font nullfont!
Missing character: There is no f (U+0066) in font nullfont!
Missing character: There is no r (U+0072) in font nullfont!
Missing character: There is no o (U+006F) in font nullfont!
Missing character: There is no m (U+006D) in font nullfont!
Missing character: There is no l (U+006C) in font nullfont!
Missing character: There is no o (U+006F) in font nullfont!
Missing character: There is no c (U+0063) in font nullfont!
Missing character: There is no a (U+0061) in font nullfont!
Missing character: There is no l (U+006C) in font nullfont!
Missing character: There is no a (U+0061) in font nullfont!
Missing character: There is no d (U+0064) in font nullfont!
Missing character: There is no a (U+0061) in font nullfont!
Missing character: There is no p (U+0070) in font nullfont!
Missing character: There is no t (U+0074) in font nullfont!
Missing character: There is no a (U+0061) in font nullfont!
Missing character: There is no t (U+0074) in font nullfont!
Missing character: There is no i (U+0069) in font nullfont!
Missing character: There is no o (U+006F) in font nullfont!
Missing character: There is no n (U+006E) in font nullfont!
Missing character: There is no ( (U+0028) in font nullfont!
Missing character: There is no B (U+0042) in font nullfont!
Missing character: There is no 4 (U+0034) in font nullfont!
Missing character: There is no ) (U+0029) in font nullfont!
Missing character: There is no t (U+0074) in font nullfont!
Missing character: There is no o (U+006F) in font nullfont!
Missing character: There is no G (U+0047) in font nullfont!
Missing character: There is no l (U+006C) in font nullfont!
Missing character: There is no o (U+006F) in font nullfont!
Missing character: There is no b (U+0062) in font nullfont!
Missing character: There is no a (U+0061) in font nullfont!
Missing character: There is no l (U+006C) in font nullfont!
Missing character: There is no S (U+0053) in font nullfont!
Missing character: There is no c (U+0063) in font nullfont!
Missing character: There is no a (U+0061) in font nullfont!
Missing character: There is no l (U+006C) in font nullfont!
Missing character: There is no e (U+0065) in font nullfont!
Missing character: There is no E (U+0045) in font nullfont!
Missing character: There is no f (U+0066) in font nullfont!
Missing character: There is no f (U+0066) in font nullfont!
Missing character: There is no i (U+0069) in font nullfont!
Missing character: There is no c (U+0063) in font nullfont!
Missing character: There is no i (U+0069) in font nullfont!
Missing character: There is no e (U+0065) in font nullfont!
Missing character: There is no n (U+006E) in font nullfont!
Missing character: There is no c (U+0063) in font nullfont!
Missing character: There is no y (U+0079) in font nullfont!
Missing character: There is no ( (U+0028) in font nullfont!
Missing character: There is no B (U+0042) in font nullfont!
Missing character: There is no 3 (U+0033) in font nullfont!
Missing character: There is no 2 (U+0032) in font nullfont!
Missing character: There is no ) (U+0029) in font nullfont!
Missing character: There is no . (U+002E) in font nullfont!
Missing character: There is no S (U+0053) in font nullfont!
Missing character: There is no p (U+0070) in font nullfont!
Missing character: There is no a (U+0061) in font nullfont!
Missing character: There is no t (U+0074) in font nullfont!
Missing character: There is no i (U+0069) in font nullfont!
Missing character: There is no a (U+0061) in font nullfont!
Missing character: There is no l (U+006C) in font nullfont!
Missing character: There is no R (U+0052) in font nullfont!
Missing character: There is no e (U+0065) in font nullfont!
Missing character: There is no g (U+0067) in font nullfont!
Missing character: There is no u (U+0075) in font nullfont!
Missing character: There is no l (U+006C) in font nullfont!
Missing character: There is no a (U+0061) in font nullfont!
Missing character: There is no r (U+0072) in font nullfont!
Missing character: There is no i (U+0069) in font nullfont!
Missing character: There is no z (U+007A) in font nullfont!
Missing character: There is no a (U+0061) in font nullfont!
Missing character: There is no t (U+0074) in font nullfont!
Missing character: There is no i (U+0069) in font nullfont!
Missing character: There is no o (U+006F) in font nullfont!
Missing character: There is no n (U+006E) in font nullfont!
Missing character: There is no a (U+0061) in font nullfont!
Missing character: There is no n (U+006E) in font nullfont!
Missing character: There is no d (U+0064) in font nullfont!
Missing character: There is no C (U+0043) in font nullfont!
Missing character: There is no A (U+0041) in font nullfont!
Missing character: There is no B (U+0042) in font nullfont!
Missing character: There is no A (U+0041) in font nullfont!
Missing character: There is no C (U+0043) in font nullfont!
Missing character: There is no T (U+0054) in font nullfont!
Missing character: There is no o (U+006F) in font nullfont!
Missing character: There is no r (U+0072) in font nullfont!
Missing character: There is no e (U+0065) in font nullfont!
Missing character: There is no a (U+0061) in font nullfont!
Missing character: There is no c (U+0063) in font nullfont!
Missing character: There is no h (U+0068) in font nullfont!
Missing character: There is no t (U+0074) in font nullfont!
Missing character: There is no r (U+0072) in font nullfont!
Missing character: There is no u (U+0075) in font nullfont!
Missing character: There is no e (U+0065) in font nullfont!
Missing character: There is no c (U+0063) in font nullfont!
Missing character: There is no o (U+006F) in font nullfont!
Missing character: There is no m (U+006D) in font nullfont!
Missing character: There is no p (U+0070) in font nullfont!
Missing character: There is no r (U+0072) in font nullfont!
Missing character: There is no e (U+0065) in font nullfont!
Missing character: There is no s (U+0073) in font nullfont!
Missing character: There is no s (U+0073) in font nullfont!
Missing character: There is no i (U+0069) in font nullfont!
Missing character: There is no o (U+006F) in font nullfont!
Missing character: There is no n (U+006E) in font nullfont!
Missing character: There is no , (U+002C) in font nullfont!
Missing character: There is no w (U+0077) in font nullfont!
Missing character: There is no e (U+0065) in font nullfont!
Missing character: There is no i (U+0069) in font nullfont!
Missing character: There is no m (U+006D) in font nullfont!
Missing character: There is no p (U+0070) in font nullfont!
Missing character: There is no l (U+006C) in font nullfont!
Missing character: There is no e (U+0065) in font nullfont!
Missing character: There is no m (U+006D) in font nullfont!
Missing character: There is no e (U+0065) in font nullfont!
Missing character: There is no n (U+006E) in font nullfont!
Missing character: There is no t (U+0074) in font nullfont!
Missing character: There is no e (U+0065) in font nullfont!
Missing character: There is no d (U+0064) in font nullfont!
Missing character: There is no S (U+0053) in font nullfont!
Missing character: There is no p (U+0070) in font nullfont!
Missing character: There is no a (U+0061) in font nullfont!
Missing character: There is no t (U+0074) in font nullfont!
Missing character: There is no i (U+0069) in font nullfont!
Missing character: There is no a (U+0061) in font nullfont!
Missing character: There is no l (U+006C) in font nullfont!
Missing character: There is no R (U+0052) in font nullfont!
Missing character: There is no e (U+0065) in font nullfont!
Missing character: There is no g (U+0067) in font nullfont!
Missing character: There is no u (U+0075) in font nullfont!
Missing character: There is no l (U+006C) in font nullfont!
Missing character: There is no a (U+0061) in font nullfont!
Missing character: There is no r (U+0072) in font nullfont!
Missing character: There is no i (U+0069) in font nullfont!
Missing character: There is no z (U+007A) in font nullfont!
Missing character: There is no a (U+0061) in font nullfont!
Missing character: There is no t (U+0074) in font nullfont!
Missing character: There is no i (U+0069) in font nullfont!
Missing character: There is no o (U+006F) in font nullfont!
Missing character: There is no n (U+006E) in font nullfont!
Missing character: There is no , (U+002C) in font nullfont!
Missing character: There is no a (U+0061) in font nullfont!
Missing character: There is no d (U+0064) in font nullfont!
Missing character: There is no d (U+0064) in font nullfont!
Missing character: There is no i (U+0069) in font nullfont!
Missing character: There is no n (U+006E) in font nullfont!
Missing character: There is no g (U+0067) in font nullfont!
Missing character: There is no a (U+0061) in font nullfont!
Missing character: There is no p (U+0070) in font nullfont!
Missing character: There is no e (U+0065) in font nullfont!
Missing character: There is no n (U+006E) in font nullfont!
Missing character: There is no a (U+0061) in font nullfont!
Missing character: There is no l (U+006C) in font nullfont!
Missing character: There is no t (U+0074) in font nullfont!
Missing character: There is no y (U+0079) in font nullfont!
Missing character: There is no f (U+0066) in font nullfont!
Missing character: There is no o (U+006F) in font nullfont!
Missing character: There is no r (U+0072) in font nullfont!
Missing character: There is no c (U+0063) in font nullfont!
Missing character: There is no l (U+006C) in font nullfont!
Missing character: There is no u (U+0075) in font nullfont!
Missing character: There is no s (U+0073) in font nullfont!
Missing character: There is no t (U+0074) in font nullfont!
Missing character: There is no e (U+0065) in font nullfont!
Missing character: There is no r (U+0072) in font nullfont!
Missing character: There is no - (U+002D) in font nullfont!
Missing character: There is no s (U+0073) in font nullfont!
Missing character: There is no w (U+0077) in font nullfont!
Missing character: There is no i (U+0069) in font nullfont!
Missing character: There is no t (U+0074) in font nullfont!
Missing character: There is no c (U+0063) in font nullfont!
Missing character: There is no h (U+0068) in font nullfont!
Missing character: There is no i (U+0069) in font nullfont!
Missing character: There is no n (U+006E) in font nullfont!
Missing character: There is no g (U+0067) in font nullfont!
Missing character: There is no b (U+0062) in font nullfont!
Missing character: There is no e (U+0065) in font nullfont!
Missing character: There is no t (U+0074) in font nullfont!
Missing character: There is no w (U+0077) in font nullfont!
Missing character: There is no e (U+0065) in font nullfont!
Missing character: There is no e (U+0065) in font nullfont!
Missing character: There is no n (U+006E) in font nullfont!
Missing character: There is no a (U+0061) in font nullfont!
Missing character: There is no d (U+0064) in font nullfont!
Missing character: There is no j (U+006A) in font nullfont!
Missing character: There is no a (U+0061) in font nullfont!
Missing character: There is no c (U+0063) in font nullfont!
Missing character: There is no e (U+0065) in font nullfont!
Missing character: There is no n (U+006E) in font nullfont!
Missing character: There is no t (U+0074) in font nullfont!
Missing character: There is no b (U+0062) in font nullfont!
Missing character: There is no l (U+006C) in font nullfont!
Missing character: There is no o (U+006F) in font nullfont!
Missing character: There is no c (U+0063) in font nullfont!
Missing character: There is no k (U+006B) in font nullfont!
Missing character: There is no s (U+0073) in font nullfont!
Missing character: There is no . (U+002E) in font nullfont!
Missing character: There is no T (U+0054) in font nullfont!
Missing character: There is no h (U+0068) in font nullfont!
Missing character: There is no i (U+0069) in font nullfont!
Missing character: There is no s (U+0073) in font nullfont!
Missing character: There is no f (U+0066) in font nullfont!
Missing character: There is no o (U+006F) in font nullfont!
Missing character: There is no r (U+0072) in font nullfont!
Missing character: There is no c (U+0063) in font nullfont!
Missing character: There is no e (U+0065) in font nullfont!
Missing character: There is no s (U+0073) in font nullfont!
Missing character: There is no l (U+006C) in font nullfont!
Missing character: There is no a (U+0061) in font nullfont!
Missing character: There is no b (U+0062) in font nullfont!
Missing character: There is no e (U+0065) in font nullfont!
Missing character: There is no l (U+006C) in font nullfont!
Missing character: There is no " (U+0022) in font nullfont!
Missing character: There is no r (U+0072) in font nullfont!
Missing character: There is no u (U+0075) in font nullfont!
Missing character: There is no n (U+006E) in font nullfont!
Missing character: There is no s (U+0073) in font nullfont!
Missing character: There is no " (U+0022) in font nullfont!
Missing character: There is no t (U+0074) in font nullfont!
Missing character: There is no h (U+0068) in font nullfont!
Missing character: There is no a (U+0061) in font nullfont!
Missing character: There is no t (U+0074) in font nullfont!
Missing character: There is no a (U+0061) in font nullfont!
Missing character: There is no r (U+0072) in font nullfont!
Missing character: There is no e (U+0065) in font nullfont!
Missing character: There is no e (U+0065) in font nullfont!
Missing character: There is no f (U+0066) in font nullfont!
Missing character: There is no f (U+0066) in font nullfont!
Missing character: There is no i (U+0069) in font nullfont!
Missing character: There is no c (U+0063) in font nullfont!
Missing character: There is no i (U+0069) in font nullfont!
Missing character: There is no e (U+0065) in font nullfont!
Missing character: There is no n (U+006E) in font nullfont!
Missing character: There is no t (U+0074) in font nullfont!
Missing character: There is no l (U+006C) in font nullfont!
Missing character: There is no y (U+0079) in font nullfont!
Missing character: There is no c (U+0063) in font nullfont!
Missing character: There is no o (U+006F) in font nullfont!
Missing character: There is no m (U+006D) in font nullfont!
Missing character: There is no p (U+0070) in font nullfont!
Missing character: There is no r (U+0072) in font nullfont!
Missing character: There is no e (U+0065) in font nullfont!
Missing character: There is no s (U+0073) in font nullfont!
Missing character: There is no s (U+0073) in font nullfont!
Missing character: There is no e (U+0065) in font nullfont!
Missing character: There is no d (U+0064) in font nullfont!
Missing character: There is no u (U+0075) in font nullfont!
Missing character: There is no s (U+0073) in font nullfont!
Missing character: There is no i (U+0069) in font nullfont!
Missing character: There is no n (U+006E) in font nullfont!
Missing character: There is no g (U+0067) in font nullfont!
Missing character: There is no C (U+0043) in font nullfont!
Missing character: There is no A (U+0041) in font nullfont!
Missing character: There is no B (U+0042) in font nullfont!
Missing character: There is no A (U+0041) in font nullfont!
Missing character: There is no C (U+0043) in font nullfont!
Missing character: There is no - (U+002D) in font nullfont!
Missing character: There is no P (U+0050) in font nullfont!
Missing character: There is no r (U+0072) in font nullfont!
Missing character: There is no o (U+006F) in font nullfont!
Missing character: There is no x (U+0078) in font nullfont!
Missing character: There is no y (U+0079) in font nullfont!
Missing character: There is no ( (U+0028) in font nullfont!
Missing character: There is no 1 (U+0031) in font nullfont!
Missing character: There is no s (U+0073) in font nullfont!
Missing character: There is no t (U+0074) in font nullfont!
Missing character: There is no - (U+002D) in font nullfont!
Missing character: There is no o (U+006F) in font nullfont!
Missing character: There is no r (U+0072) in font nullfont!
Missing character: There is no d (U+0064) in font nullfont!
Missing character: There is no e (U+0065) in font nullfont!
Missing character: There is no r (U+0072) in font nullfont!
Missing character: There is no c (U+0063) in font nullfont!
Missing character: There is no o (U+006F) in font nullfont!
Missing character: There is no n (U+006E) in font nullfont!
Missing character: There is no d (U+0064) in font nullfont!
Missing character: There is no i (U+0069) in font nullfont!
Missing character: There is no t (U+0074) in font nullfont!
Missing character: There is no i (U+0069) in font nullfont!
Missing character: There is no o (U+006F) in font nullfont!
Missing character: There is no n (U+006E) in font nullfont!
Missing character: There is no a (U+0061) in font nullfont!
Missing character: There is no l (U+006C) in font nullfont!
Missing character: There is no e (U+0065) in font nullfont!
Missing character: There is no n (U+006E) in font nullfont!
Missing character: There is no t (U+0074) in font nullfont!
Missing character: There is no r (U+0072) in font nullfont!
Missing character: There is no o (U+006F) in font nullfont!
Missing character: There is no p (U+0070) in font nullfont!
Missing character: There is no y (U+0079) in font nullfont!
Missing character: There is no ) (U+0029) in font nullfont!
Missing character: There is no , (U+002C) in font nullfont!
Missing character: There is no e (U+0065) in font nullfont!
Missing character: There is no x (U+0078) in font nullfont!
Missing character: There is no p (U+0070) in font nullfont!
Missing character: There is no l (U+006C) in font nullfont!
Missing character: There is no o (U+006F) in font nullfont!
Missing character: There is no i (U+0069) in font nullfont!
Missing character: There is no t (U+0074) in font nullfont!
Missing character: There is no i (U+0069) in font nullfont!
Missing character: There is no n (U+006E) in font nullfont!
Missing character: There is no g (U+0067) in font nullfont!
Missing character: There is no t (U+0074) in font nullfont!
Missing character: There is no h (U+0068) in font nullfont!
Missing character: There is no e (U+0065) in font nullfont!
Missing character: There is no s (U+0073) in font nullfont!
Missing character: There is no p (U+0070) in font nullfont!
Missing character: There is no a (U+0061) in font nullfont!
Missing character: There is no t (U+0074) in font nullfont!
Missing character: There is no i (U+0069) in font nullfont!
Missing character: There is no a (U+0061) in font nullfont!
Missing character: There is no l (U+006C) in font nullfont!
Missing character: There is no c (U+0063) in font nullfont!
Missing character: There is no o (U+006F) in font nullfont!
Missing character: There is no r (U+0072) in font nullfont!
Missing character: There is no r (U+0072) in font nullfont!
Missing character: There is no e (U+0065) in font nullfont!
Missing character: There is no l (U+006C) in font nullfont!
Missing character: There is no a (U+0061) in font nullfont!
Missing character: There is no t (U+0074) in font nullfont!
Missing character: There is no i (U+0069) in font nullfont!
Missing character: There is no o (U+006F) in font nullfont!
Missing character: There is no n (U+006E) in font nullfont!
Missing character: There is no t (U+0074) in font nullfont!
Missing character: There is no h (U+0068) in font nullfont!
Missing character: There is no a (U+0061) in font nullfont!
Missing character: There is no t (U+0074) in font nullfont!
Missing character: There is no s (U+0073) in font nullfont!
Missing character: There is no t (U+0074) in font nullfont!
Missing character: There is no a (U+0061) in font nullfont!
Missing character: There is no n (U+006E) in font nullfont!
Missing character: There is no d (U+0064) in font nullfont!
Missing character: There is no a (U+0061) in font nullfont!
Missing character: There is no r (U+0072) in font nullfont!
Missing character: There is no d (U+0064) in font nullfont!
Missing character: There is no e (U+0065) in font nullfont!
Missing character: There is no n (U+006E) in font nullfont!
Missing character: There is no t (U+0074) in font nullfont!
Missing character: There is no r (U+0072) in font nullfont!
Missing character: There is no o (U+006F) in font nullfont!
Missing character: There is no p (U+0070) in font nullfont!
Missing character: There is no y (U+0079) in font nullfont!
Missing character: There is no i (U+0069) in font nullfont!
Missing character: There is no g (U+0067) in font nullfont!
Missing character: There is no n (U+006E) in font nullfont!
Missing character: There is no o (U+006F) in font nullfont!
Missing character: There is no r (U+0072) in font nullfont!
Missing character: There is no e (U+0065) in font nullfont!
Missing character: There is no s (U+0073) in font nullfont!
Missing character: There is no [ (U+005B) in font nullfont!
Missing character: There is no 4 (U+0034) in font nullfont!
Missing character: There is no ] (U+005D) in font nullfont!
Missing character: There is no . (U+002E) in font nullfont!
Missing character: There is no R (U+0052) in font nullfont!
Missing character: There is no a (U+0061) in font nullfont!
Missing character: There is no t (U+0074) in font nullfont!
Missing character: There is no e (U+0065) in font nullfont!
Missing character: There is no - (U+002D) in font nullfont!
Missing character: There is no D (U+0044) in font nullfont!
Missing character: There is no i (U+0069) in font nullfont!
Missing character: There is no s (U+0073) in font nullfont!
Missing character: There is no t (U+0074) in font nullfont!
Missing character: There is no o (U+006F) in font nullfont!
Missing character: There is no r (U+0072) in font nullfont!
Missing character: There is no t (U+0074) in font nullfont!
Missing character: There is no i (U+0069) in font nullfont!
Missing character: There is no o (U+006F) in font nullfont!
Missing character: There is no n (U+006E) in font nullfont!
Missing character: There is no R (U+0052) in font nullfont!
Missing character: There is no e (U+0065) in font nullfont!
Missing character: There is no s (U+0073) in font nullfont!
Missing character: There is no u (U+0075) in font nullfont!
Missing character: There is no l (U+006C) in font nullfont!
Missing character: There is no t (U+0074) in font nullfont!
Missing character: There is no s (U+0073) in font nullfont!
Missing character: There is no : (U+003A) in font nullfont!
Missing character: There is no B (U+0042) in font nullfont!
Missing character: There is no r (U+0072) in font nullfont!
Missing character: There is no e (U+0065) in font nullfont!
Missing character: There is no a (U+0061) in font nullfont!
Missing character: There is no k (U+006B) in font nullfont!
Missing character: There is no t (U+0074) in font nullfont!
Missing character: There is no h (U+0068) in font nullfont!
Missing character: There is no r (U+0072) in font nullfont!
Missing character: There is no o (U+006F) in font nullfont!
Missing character: There is no u (U+0075) in font nullfont!
Missing character: There is no g (U+0067) in font nullfont!
Missing character: There is no h (U+0068) in font nullfont!
Missing character: There is no a (U+0061) in font nullfont!
Missing character: There is no t (U+0074) in font nullfont!
Missing character: There is no B (U+0042) in font nullfont!
Missing character: There is no 3 (U+0033) in font nullfont!
Missing character: There is no 2 (U+0032) in font nullfont!
Missing character: There is no F (U+0046) in font nullfont!
Missing character: There is no i (U+0069) in font nullfont!
Missing character: There is no g (U+0067) in font nullfont!
Missing character: There is no u (U+0075) in font nullfont!
Missing character: There is no r (U+0072) in font nullfont!
Missing character: There is no e (U+0065) in font nullfont!
Missing character: There is no 4 (U+0034) in font nullfont!
Missing character: There is no . (U+002E) in font nullfont!
Missing character: There is no R (U+0052) in font nullfont!
Missing character: There is no D (U+0044) in font nullfont!
Missing character: There is no C (U+0043) in font nullfont!
Missing character: There is no u (U+0075) in font nullfont!
Missing character: There is no r (U+0072) in font nullfont!
Missing character: There is no v (U+0076) in font nullfont!
Missing character: There is no e (U+0065) in font nullfont!
Missing character: There is no s (U+0073) in font nullfont!
Missing character: There is no ( (U+0028) in font nullfont!
Missing character: There is no P (U+0050) in font nullfont!
Missing character: There is no S (U+0053) in font nullfont!
Missing character: There is no N (U+004E) in font nullfont!
Missing character: There is no R (U+0052) in font nullfont!
Missing character: There is no - (U+002D) in font nullfont!
Missing character: There is no Y (U+0059) in font nullfont!
Missing character: There is no v (U+0076) in font nullfont!
Missing character: There is no s (U+0073) in font nullfont!
Missing character: There is no b (U+0062) in font nullfont!
Missing character: There is no p (U+0070) in font nullfont!
Missing character: There is no v (U+0076) in font nullfont!
Missing character: There is no ) (U+0029) in font nullfont!
Missing character: There is no . (U+002E) in font nullfont!
Missing character: There is no D (U+0044) in font nullfont!
Missing character: There is no o (U+006F) in font nullfont!
Missing character: There is no t (U+0074) in font nullfont!
Missing character: There is no t (U+0074) in font nullfont!
Missing character: There is no e (U+0065) in font nullfont!
Missing character: There is no d (U+0064) in font nullfont!
Missing character: There is no R (U+0052) in font nullfont!
Missing character: There is no e (U+0065) in font nullfont!
Missing character: There is no d (U+0064) in font nullfont!
Missing character: There is no : (U+003A) in font nullfont!
Missing character: There is no T (U+0054) in font nullfont!
Missing character: There is no o (U+006F) in font nullfont!
Missing character: There is no t (U+0074) in font nullfont!
Missing character: There is no a (U+0061) in font nullfont!
Missing character: There is no l (U+006C) in font nullfont!
Missing character: There is no R (U+0052) in font nullfont!
Missing character: There is no a (U+0061) in font nullfont!
Missing character: There is no t (U+0074) in font nullfont!
Missing character: There is no e (U+0065) in font nullfont!
Missing character: There is no ( (U+0028) in font nullfont!
Missing character: There is no D (U+0044) in font nullfont!
Missing character: There is no a (U+0061) in font nullfont!
Missing character: There is no t (U+0074) in font nullfont!
Missing character: There is no a (U+0061) in font nullfont!
Missing character: There is no + (U+002B) in font nullfont!
Missing character: There is no C (U+0043) in font nullfont!
Missing character: There is no A (U+0041) in font nullfont!
Missing character: There is no B (U+0042) in font nullfont!
Missing character: There is no A (U+0041) in font nullfont!
Missing character: There is no C (U+0043) in font nullfont!
Missing character: There is no ) (U+0029) in font nullfont!
Missing character: There is no . (U+002E) in font nullfont!
Missing character: There is no I (U+0049) in font nullfont!
Missing character: There is no n (U+006E) in font nullfont!
Missing character: There is no * (U+002A) in font nullfont!
Missing character: There is no * (U+002A) in font nullfont!
Missing character: There is no B (U+0042) in font nullfont!
Missing character: There is no 3 (U+0033) in font nullfont!
Missing character: There is no 2 (U+0032) in font nullfont!
Missing character: There is no * (U+002A) in font nullfont!
Missing character: There is no * (U+002A) in font nullfont!
Missing character: There is no , (U+002C) in font nullfont!
Missing character: There is no t (U+0074) in font nullfont!
Missing character: There is no h (U+0068) in font nullfont!
Missing character: There is no e (U+0065) in font nullfont!
Missing character: There is no a (U+0061) in font nullfont!
Missing character: There is no d (U+0064) in font nullfont!
Missing character: There is no a (U+0061) in font nullfont!
Missing character: There is no p (U+0070) in font nullfont!
Missing character: There is no t (U+0074) in font nullfont!
Missing character: There is no i (U+0069) in font nullfont!
Missing character: There is no v (U+0076) in font nullfont!
Missing character: There is no e (U+0065) in font nullfont!
Missing character: There is no g (U+0067) in font nullfont!
Missing character: There is no a (U+0061) in font nullfont!
Missing character: There is no i (U+0069) in font nullfont!
Missing character: There is no n (U+006E) in font nullfont!
Missing character: There is no s (U+0073) in font nullfont!
Missing character: There is no f (U+0066) in font nullfont!
Missing character: There is no i (U+0069) in font nullfont!
Missing character: There is no n (U+006E) in font nullfont!
Missing character: There is no a (U+0061) in font nullfont!
Missing character: There is no l (U+006C) in font nullfont!
Missing character: There is no l (U+006C) in font nullfont!
Missing character: There is no y (U+0079) in font nullfont!
Missing character: There is no o (U+006F) in font nullfont!
Missing character: There is no u (U+0075) in font nullfont!
Missing character: There is no t (U+0074) in font nullfont!
Missing character: There is no w (U+0077) in font nullfont!
Missing character: There is no e (U+0065) in font nullfont!
Missing character: There is no i (U+0069) in font nullfont!
Missing character: There is no g (U+0067) in font nullfont!
Missing character: There is no h (U+0068) in font nullfont!
Missing character: There is no t (U+0074) in font nullfont!
Missing character: There is no h (U+0068) in font nullfont!
Missing character: There is no e (U+0065) in font nullfont!
Missing character: There is no t (U+0074) in font nullfont!
Missing character: There is no a (U+0061) in font nullfont!
Missing character: There is no x (U+0078) in font nullfont!
Missing character: There is no , (U+002C) in font nullfont!
Missing character: There is no a (U+0061) in font nullfont!
Missing character: There is no c (U+0063) in font nullfont!
Missing character: There is no h (U+0068) in font nullfont!
Missing character: There is no i (U+0069) in font nullfont!
Missing character: There is no e (U+0065) in font nullfont!
Missing character: There is no v (U+0076) in font nullfont!
Missing character: There is no i (U+0069) in font nullfont!
Missing character: There is no n (U+006E) in font nullfont!
Missing character: There is no g (U+0067) in font nullfont!
Missing character: There is no n (U+006E) in font nullfont!
Missing character: There is no e (U+0065) in font nullfont!
Missing character: There is no t (U+0074) in font nullfont!
Missing character: There is no b (U+0062) in font nullfont!
Missing character: There is no i (U+0069) in font nullfont!
Missing character: There is no t (U+0074) in font nullfont!
Missing character: There is no - (U+002D) in font nullfont!
Missing character: There is no r (U+0072) in font nullfont!
Missing character: There is no a (U+0061) in font nullfont!
Missing character: There is no t (U+0074) in font nullfont!
Missing character: There is no e (U+0065) in font nullfont!
Missing character: There is no r (U+0072) in font nullfont!
Missing character: There is no e (U+0065) in font nullfont!
Missing character: There is no d (U+0064) in font nullfont!
Missing character: There is no u (U+0075) in font nullfont!
Missing character: There is no c (U+0063) in font nullfont!
Missing character: There is no t (U+0074) in font nullfont!
Missing character: There is no i (U+0069) in font nullfont!
Missing character: There is no o (U+006F) in font nullfont!
Missing character: There is no n (U+006E) in font nullfont!
Missing character: There is no . (U+002E) in font nullfont!
Missing character: There is no C (U+0043) in font nullfont!
Missing character: There is no o (U+006F) in font nullfont!
Missing character: There is no n (U+006E) in font nullfont!
Missing character: There is no f (U+0066) in font nullfont!
Missing character: There is no i (U+0069) in font nullfont!
Missing character: There is no g (U+0067) in font nullfont!
Missing character: There is no ( (U+0028) in font nullfont!
Missing character: There is no ) (U+0029) in font nullfont!
Missing character: There is no O (U+004F) in font nullfont!
Missing character: There is no v (U+0076) in font nullfont!
Missing character: There is no e (U+0065) in font nullfont!
Missing character: There is no r (U+0072) in font nullfont!
Missing character: There is no h (U+0068) in font nullfont!
Missing character: There is no e (U+0065) in font nullfont!
Missing character: There is no a (U+0061) in font nullfont!
Missing character: There is no d (U+0064) in font nullfont!
Missing character: There is no ( (U+0028) in font nullfont!
Missing character: There is no b (U+0062) in font nullfont!
Missing character: There is no p (U+0070) in font nullfont!
Missing character: There is no v (U+0076) in font nullfont!
Missing character: There is no ) (U+0029) in font nullfont!
Missing character: There is no R (U+0052) in font nullfont!
Missing character: There is no a (U+0061) in font nullfont!
Missing character: There is no w (U+0077) in font nullfont!
Missing character: There is no s (U+0073) in font nullfont!
Missing character: There is no a (U+0061) in font nullfont!
Missing character: There is no v (U+0076) in font nullfont!
Missing character: There is no i (U+0069) in font nullfont!
Missing character: There is no n (U+006E) in font nullfont!
Missing character: There is no g (U+0067) in font nullfont!
Missing character: There is no N (U+004E) in font nullfont!
Missing character: There is no e (U+0065) in font nullfont!
Missing character: There is no t (U+0074) in font nullfont!
Missing character: There is no G (U+0047) in font nullfont!
Missing character: There is no a (U+0061) in font nullfont!
Missing character: There is no i (U+0069) in font nullfont!
Missing character: There is no n (U+006E) in font nullfont!
Missing character: There is no S (U+0053) in font nullfont!
Missing character: There is no m (U+006D) in font nullfont!
Missing character: There is no a (U+0061) in font nullfont!
Missing character: There is no l (U+006C) in font nullfont!
Missing character: There is no l (U+006C) in font nullfont!
Missing character: There is no D (U+0044) in font nullfont!
Missing character: There is no e (U+0065) in font nullfont!
Missing character: There is no t (U+0074) in font nullfont!
Missing character: There is no a (U+0061) in font nullfont!
Missing character: There is no i (U+0069) in font nullfont!
Missing character: There is no l (U+006C) in font nullfont!
Missing character: There is no ( (U+0028) in font nullfont!
Missing character: There is no B (U+0042) in font nullfont!
Missing character: There is no 4 (U+0034) in font nullfont!
Missing character: There is no ) (U+0029) in font nullfont!
Missing character: There is no 0 (U+0030) in font nullfont!
Missing character: There is no . (U+002E) in font nullfont!
Missing character: There is no 0 (U+0030) in font nullfont!
Missing character: There is no 2 (U+0032) in font nullfont!
Missing character: There is no 3 (U+0033) in font nullfont!
Missing character: There is no 9 (U+0039) in font nullfont!
Missing character: There is no - (U+002D) in font nullfont!
Missing character: There is no 1 (U+0031) in font nullfont!
Missing character: There is no . (U+002E) in font nullfont!
Missing character: There is no 4 (U+0034) in font nullfont!
Missing character: There is no % (U+0025) in font nullfont!
Missing character: There is no + (U+002B) in font nullfont!
Missing character: There is no 1 (U+0031) in font nullfont!
Missing character: There is no 0 (U+0030) in font nullfont!
Missing character: There is no . (U+002E) in font nullfont!
Missing character: There is no 4 (U+0034) in font nullfont!
Missing character: There is no 7 (U+0037) in font nullfont!
Missing character: There is no % (U+0025) in font nullfont!
Missing character: There is no M (U+004D) in font nullfont!
Missing character: There is no e (U+0065) in font nullfont!
Missing character: There is no d (U+0064) in font nullfont!
Missing character: There is no i (U+0069) in font nullfont!
Missing character: There is no u (U+0075) in font nullfont!
Missing character: There is no m (U+006D) in font nullfont!
Missing character: There is no S (U+0053) in font nullfont!
Missing character: There is no c (U+0063) in font nullfont!
Missing character: There is no a (U+0061) in font nullfont!
Missing character: There is no l (U+006C) in font nullfont!
Missing character: There is no e (U+0065) in font nullfont!
Missing character: There is no ( (U+0028) in font nullfont!
Missing character: There is no B (U+0042) in font nullfont!
Missing character: There is no 8 (U+0038) in font nullfont!
Missing character: There is no ) (U+0029) in font nullfont!
Missing character: There is no 0 (U+0030) in font nullfont!
Missing character: There is no . (U+002E) in font nullfont!
Missing character: There is no 0 (U+0030) in font nullfont!
Missing character: There is no 1 (U+0031) in font nullfont!
Missing character: There is no 8 (U+0038) in font nullfont!
Missing character: There is no 9 (U+0039) in font nullfont!
Missing character: There is no - (U+002D) in font nullfont!
Missing character: There is no 4 (U+0034) in font nullfont!
Missing character: There is no . (U+002E) in font nullfont!
Missing character: There is no 8 (U+0038) in font nullfont!
Missing character: There is no % (U+0025) in font nullfont!
Missing character: There is no + (U+002B) in font nullfont!
Missing character: There is no 7 (U+0037) in font nullfont!
Missing character: There is no . (U+002E) in font nullfont!
Missing character: There is no 0 (U+0030) in font nullfont!
Missing character: There is no 2 (U+0032) in font nullfont!
Missing character: There is no % (U+0025) in font nullfont!
Missing character: There is no L (U+004C) in font nullfont!
Missing character: There is no a (U+0061) in font nullfont!
Missing character: There is no r (U+0072) in font nullfont!
Missing character: There is no g (U+0067) in font nullfont!
Missing character: There is no e (U+0065) in font nullfont!
Missing character: There is no S (U+0053) in font nullfont!
Missing character: There is no c (U+0063) in font nullfont!
Missing character: There is no a (U+0061) in font nullfont!
Missing character: There is no l (U+006C) in font nullfont!
Missing character: There is no e (U+0065) in font nullfont!
Missing character: There is no ( (U+0028) in font nullfont!
Missing character: There is no B (U+0042) in font nullfont!
Missing character: There is no 1 (U+0031) in font nullfont!
Missing character: There is no 6 (U+0036) in font nullfont!
Missing character: There is no ) (U+0029) in font nullfont!
Missing character: There is no 0 (U+0030) in font nullfont!
Missing character: There is no . (U+002E) in font nullfont!
Missing character: There is no 0 (U+0030) in font nullfont!
Missing character: There is no 0 (U+0030) in font nullfont!
Missing character: There is no 4 (U+0034) in font nullfont!
Missing character: There is no 2 (U+0032) in font nullfont!
Missing character: There is no - (U+002D) in font nullfont!
Missing character: There is no 2 (U+0032) in font nullfont!
Missing character: There is no . (U+002E) in font nullfont!
Missing character: There is no 2 (U+0032) in font nullfont!
Missing character: There is no % (U+0025) in font nullfont!
Missing character: There is no + (U+002B) in font nullfont!
Missing character: There is no 0 (U+0030) in font nullfont!
Missing character: There is no . (U+002E) in font nullfont!
Missing character: There is no 6 (U+0036) in font nullfont!
Missing character: There is no 1 (U+0031) in font nullfont!
Missing character: There is no % (U+0025) in font nullfont!
Missing character: There is no C (U+0043) in font nullfont!
Missing character: There is no o (U+006F) in font nullfont!
Missing character: There is no m (U+006D) in font nullfont!
Missing character: There is no p (U+0070) in font nullfont!
Missing character: There is no r (U+0072) in font nullfont!
Missing character: There is no e (U+0065) in font nullfont!
Missing character: There is no s (U+0073) in font nullfont!
Missing character: There is no s (U+0073) in font nullfont!
Missing character: There is no i (U+0069) in font nullfont!
Missing character: There is no o (U+006F) in font nullfont!
Missing character: There is no n (U+006E) in font nullfont!
Missing character: There is no ( (U+0028) in font nullfont!
Missing character: There is no B (U+0042) in font nullfont!
Missing character: There is no 3 (U+0033) in font nullfont!
Missing character: There is no 2 (U+0032) in font nullfont!
Missing character: There is no ) (U+0029) in font nullfont!
Missing character: There is no 0 (U+0030) in font nullfont!
Missing character: There is no . (U+002E) in font nullfont!
Missing character: There is no 0 (U+0030) in font nullfont!
Missing character: There is no 0 (U+0030) in font nullfont!
Missing character: There is no 0 (U+0030) in font nullfont!
Missing character: There is no 2 (U+0032) in font nullfont!
Missing character: There is no - (U+002D) in font nullfont!
Missing character: There is no 0 (U+0030) in font nullfont!
Missing character: There is no . (U+002E) in font nullfont!
Missing character: There is no 2 (U+0032) in font nullfont!
Missing character: There is no % (U+0025) in font nullfont!
Missing character: There is no - (U+002D) in font nullfont!
Missing character: There is no 0 (U+0030) in font nullfont!
Missing character: There is no . (U+002E) in font nullfont!
Missing character: There is no 0 (U+0030) in font nullfont!
Missing character: There is no 3 (U+0033) in font nullfont!
Missing character: There is no % (U+0025) in font nullfont!
Missing character: There is no T (U+0054) in font nullfont!
Missing character: There is no a (U+0061) in font nullfont!
Missing character: There is no b (U+0062) in font nullfont!
Missing character: There is no l (U+006C) in font nullfont!
Missing character: There is no e (U+0065) in font nullfont!
Missing character: There is no 1 (U+0031) in font nullfont!
Missing character: There is no . (U+002E) in font nullfont!
Missing character: There is no F (U+0046) in font nullfont!
Missing character: There is no u (U+0075) in font nullfont!
Missing character: There is no l (U+006C) in font nullfont!
Missing character: There is no l (U+006C) in font nullfont!
Missing character: There is no P (U+0050) in font nullfont!
Missing character: There is no o (U+006F) in font nullfont!
Missing character: There is no i (U+0069) in font nullfont!
Missing character: There is no n (U+006E) in font nullfont!
Missing character: There is no t (U+0074) in font nullfont!
Missing character: There is no C (U+0043) in font nullfont!
Missing character: There is no l (U+006C) in font nullfont!
Missing character: There is no o (U+006F) in font nullfont!
Missing character: There is no u (U+0075) in font nullfont!
Missing character: There is no d (U+0064) in font nullfont!
Missing character: There is no r (U+0072) in font nullfont!
Missing character: There is no e (U+0065) in font nullfont!
Missing character: There is no s (U+0073) in font nullfont!
Missing character: There is no u (U+0075) in font nullfont!
Missing character: There is no l (U+006C) in font nullfont!
Missing character: There is no t (U+0074) in font nullfont!
Missing character: There is no s (U+0073) in font nullfont!
Missing character: There is no w (U+0077) in font nullfont!
Missing character: There is no i (U+0069) in font nullfont!
Missing character: There is no t (U+0074) in font nullfont!
Missing character: There is no h (U+0068) in font nullfont!
Missing character: There is no C (U+0043) in font nullfont!
Missing character: There is no A (U+0041) in font nullfont!
Missing character: There is no B (U+0042) in font nullfont!
Missing character: There is no A (U+0041) in font nullfont!
Missing character: There is no C (U+0043) in font nullfont!
Missing character: There is no o (U+006F) in font nullfont!
Missing character: There is no v (U+0076) in font nullfont!
Missing character: There is no e (U+0065) in font nullfont!
Missing character: There is no r (U+0072) in font nullfont!
Missing character: There is no h (U+0068) in font nullfont!
Missing character: There is no e (U+0065) in font nullfont!
Missing character: There is no a (U+0061) in font nullfont!
Missing character: There is no d (U+0064) in font nullfont!
Missing character: There is no e (U+0065) in font nullfont!
Missing character: There is no s (U+0073) in font nullfont!
Missing character: There is no t (U+0074) in font nullfont!
Missing character: There is no i (U+0069) in font nullfont!
Missing character: There is no m (U+006D) in font nullfont!
Missing character: There is no a (U+0061) in font nullfont!
Missing character: There is no t (U+0074) in font nullfont!
Missing character: There is no i (U+0069) in font nullfont!
Missing character: There is no o (U+006F) in font nullfont!
Missing character: There is no n (U+006E) in font nullfont!
Missing character: There is no a (U+0061) in font nullfont!
Missing character: There is no t (U+0074) in font nullfont!
Missing character: There is no Q (U+0051) in font nullfont!
Missing character: There is no = (U+003D) in font nullfont!
Missing character: There is no 2 (U+0032) in font nullfont!
Missing character: There is no 4 (U+0034) in font nullfont!
Missing character: There is no . (U+002E) in font nullfont!
Missing character: There is no C (U+0043) in font nullfont!
Missing character: There is no o (U+006F) in font nullfont!
Missing character: There is no n (U+006E) in font nullfont!
Missing character: There is no c (U+0063) in font nullfont!
Missing character: There is no l (U+006C) in font nullfont!
Missing character: There is no u (U+0075) in font nullfont!
Missing character: There is no s (U+0073) in font nullfont!
Missing character: There is no i (U+0069) in font nullfont!
Missing character: There is no o (U+006F) in font nullfont!
Missing character: There is no n (U+006E) in font nullfont!
Missing character: There is no s (U+0073) in font nullfont!
Missing character: There is no T (U+0054) in font nullfont!
Missing character: There is no r (U+0072) in font nullfont!
Missing character: There is no u (U+0075) in font nullfont!
Missing character: There is no e (U+0065) in font nullfont!
Missing character: There is no c (U+0063) in font nullfont!
Missing character: There is no o (U+006F) in font nullfont!
Missing character: There is no m (U+006D) in font nullfont!
Missing character: There is no p (U+0070) in font nullfont!
Missing character: There is no r (U+0072) in font nullfont!
Missing character: There is no e (U+0065) in font nullfont!
Missing character: There is no s (U+0073) in font nullfont!
Missing character: There is no s (U+0073) in font nullfont!
Missing character: There is no i (U+0069) in font nullfont!
Missing character: There is no o (U+006F) in font nullfont!
Missing character: There is no n (U+006E) in font nullfont!
Missing character: There is no i (U+0069) in font nullfont!
Missing character: There is no n (U+006E) in font nullfont!
Missing character: There is no R (U+0052) in font nullfont!
Missing character: There is no D (U+0044) in font nullfont!
Missing character: There is no - (U+002D) in font nullfont!
Missing character: There is no o (U+006F) in font nullfont!
Missing character: There is no p (U+0070) in font nullfont!
Missing character: There is no t (U+0074) in font nullfont!
Missing character: There is no i (U+0069) in font nullfont!
Missing character: There is no m (U+006D) in font nullfont!
Missing character: There is no i (U+0069) in font nullfont!
Missing character: There is no z (U+007A) in font nullfont!
Missing character: There is no e (U+0065) in font nullfont!
Missing character: There is no d (U+0064) in font nullfont!
Missing character: There is no c (U+0063) in font nullfont!
Missing character: There is no l (U+006C) in font nullfont!
Missing character: There is no u (U+0075) in font nullfont!
Missing character: There is no s (U+0073) in font nullfont!
Missing character: There is no t (U+0074) in font nullfont!
Missing character: There is no e (U+0065) in font nullfont!
Missing character: There is no r (U+0072) in font nullfont!
Missing character: There is no i (U+0069) in font nullfont!
Missing character: There is no n (U+006E) in font nullfont!
Missing character: There is no g (U+0067) in font nullfont!
Missing character: There is no r (U+0072) in font nullfont!
Missing character: There is no e (U+0065) in font nullfont!
Missing character: There is no q (U+0071) in font nullfont!
Missing character: There is no u (U+0075) in font nullfont!
Missing character: There is no i (U+0069) in font nullfont!
Missing character: There is no r (U+0072) in font nullfont!
Missing character: There is no e (U+0065) in font nullfont!
Missing character: There is no s (U+0073) in font nullfont!
Missing character: There is no * (U+002A) in font nullfont!
Missing character: There is no * (U+002A) in font nullfont!
Missing character: There is no o (U+006F) in font nullfont!
Missing character: There is no v (U+0076) in font nullfont!
Missing character: There is no e (U+0065) in font nullfont!
Missing character: There is no r (U+0072) in font nullfont!
Missing character: There is no h (U+0068) in font nullfont!
Missing character: There is no e (U+0065) in font nullfont!
Missing character: There is no a (U+0061) in font nullfont!
Missing character: There is no d (U+0064) in font nullfont!
Missing character: There is no d (U+0064) in font nullfont!
Missing character: There is no i (U+0069) in font nullfont!
Missing character: There is no l (U+006C) in font nullfont!
Missing character: There is no u (U+0075) in font nullfont!
Missing character: There is no t (U+0074) in font nullfont!
Missing character: There is no i (U+0069) in font nullfont!
Missing character: There is no o (U+006F) in font nullfont!
Missing character: There is no n (U+006E) in font nullfont!
Missing character: There is no * (U+002A) in font nullfont!
Missing character: There is no * (U+002A) in font nullfont!
Missing character: There is no ( (U+0028) in font nullfont!
Missing character: There is no u (U+0075) in font nullfont!
Missing character: There is no s (U+0073) in font nullfont!
Missing character: There is no i (U+0069) in font nullfont!
Missing character: There is no n (U+006E) in font nullfont!
Missing character: There is no g (U+0067) in font nullfont!
Missing character: There is no B (U+0042) in font nullfont!
Missing character: There is no 1 (U+0031) in font nullfont!
Missing character: There is no 6 (U+0036) in font nullfont!
Missing character: There is no / (U+002F) in font nullfont!
Missing character: There is no B (U+0042) in font nullfont!
Missing character: There is no 3 (U+0033) in font nullfont!
Missing character: There is no 2 (U+0032) in font nullfont!
Missing character: There is no ) (U+0029) in font nullfont!
Missing character: There is no a (U+0061) in font nullfont!
Missing character: There is no n (U+006E) in font nullfont!
Missing character: There is no d (U+0064) in font nullfont!
Missing character: There is no * (U+002A) in font nullfont!
Missing character: There is no * (U+002A) in font nullfont!
Missing character: There is no s (U+0073) in font nullfont!
Missing character: There is no p (U+0070) in font nullfont!
Missing character: There is no a (U+0061) in font nullfont!
Missing character: There is no t (U+0074) in font nullfont!
Missing character: There is no i (U+0069) in font nullfont!
Missing character: There is no a (U+0061) in font nullfont!
Missing character: There is no l (U+006C) in font nullfont!
Missing character: There is no s (U+0073) in font nullfont!
Missing character: There is no m (U+006D) in font nullfont!
Missing character: There is no o (U+006F) in font nullfont!
Missing character: There is no o (U+006F) in font nullfont!
Missing character: There is no t (U+0074) in font nullfont!
Missing character: There is no h (U+0068) in font nullfont!
Missing character: There is no i (U+0069) in font nullfont!
Missing character: There is no n (U+006E) in font nullfont!
Missing character: There is no g (U+0067) in font nullfont!
Missing character: There is no * (U+002A) in font nullfont!
Missing character: There is no * (U+002A) in font nullfont!
Missing character: There is no ( (U+0028) in font nullfont!
Missing character: There is no u (U+0075) in font nullfont!
Missing character: There is no s (U+0073) in font nullfont!
Missing character: There is no i (U+0069) in font nullfont!
Missing character: There is no n (U+006E) in font nullfont!
Missing character: There is no g (U+0067) in font nullfont!
Missing character: There is no ) (U+0029) in font nullfont!
Missing character: There is no . (U+002E) in font nullfont!
Missing character: There is no W (U+0057) in font nullfont!
Missing character: There is no h (U+0068) in font nullfont!
Missing character: There is no i (U+0069) in font nullfont!
Missing character: There is no l (U+006C) in font nullfont!
Missing character: There is no e (U+0065) in font nullfont!
Missing character: There is no B (U+0042) in font nullfont!
Missing character: There is no 4 (U+0034) in font nullfont!
Missing character: There is no / (U+002F) in font nullfont!
Missing character: There is no B (U+0042) in font nullfont!
Missing character: There is no 8 (U+0038) in font nullfont!
Missing character: There is no a (U+0061) in font nullfont!
Missing character: There is no l (U+006C) in font nullfont!
Missing character: There is no l (U+006C) in font nullfont!
Missing character: There is no o (U+006F) in font nullfont!
Missing character: There is no w (U+0077) in font nullfont!
Missing character: There is no s (U+0073) in font nullfont!
Missing character: There is no u (U+0075) in font nullfont!
Missing character: There is no p (U+0070) in font nullfont!
Missing character: There is no e (U+0065) in font nullfont!
Missing character: There is no r (U+0072) in font nullfont!
Missing character: There is no i (U+0069) in font nullfont!
Missing character: There is no o (U+006F) in font nullfont!
Missing character: There is no r (U+0072) in font nullfont!
Missing character: There is no l (U+006C) in font nullfont!
Missing character: There is no o (U+006F) in font nullfont!
Missing character: There is no c (U+0063) in font nullfont!
Missing character: There is no a (U+0061) in font nullfont!
Missing character: There is no l (U+006C) in font nullfont!
Missing character: There is no a (U+0061) in font nullfont!
Missing character: There is no d (U+0064) in font nullfont!
Missing character: There is no a (U+0061) in font nullfont!
Missing character: There is no p (U+0070) in font nullfont!
Missing character: There is no t (U+0074) in font nullfont!
Missing character: There is no a (U+0061) in font nullfont!
Missing character: There is no t (U+0074) in font nullfont!
Missing character: There is no i (U+0069) in font nullfont!
Missing character: There is no o (U+006F) in font nullfont!
Missing character: There is no n (U+006E) in font nullfont!
Missing character: There is no [ (U+005B) in font nullfont!
Missing character: There is no 8 (U+0038) in font nullfont!
Missing character: There is no ] (U+005D) in font nullfont!
Missing character: There is no , (U+002C) in font nullfont!
Missing character: There is no t (U+0074) in font nullfont!
Missing character: There is no h (U+0068) in font nullfont!
Missing character: There is no e (U+0065) in font nullfont!
Missing character: There is no i (U+0069) in font nullfont!
Missing character: There is no r (U+0072) in font nullfont!
Missing character: There is no s (U+0073) in font nullfont!
Missing character: There is no i (U+0069) in font nullfont!
Missing character: There is no g (U+0067) in font nullfont!
Missing character: There is no n (U+006E) in font nullfont!
Missing character: There is no a (U+0061) in font nullfont!
Missing character: There is no l (U+006C) in font nullfont!
Missing character: There is no i (U+0069) in font nullfont!
Missing character: There is no n (U+006E) in font nullfont!
Missing character: There is no g (U+0067) in font nullfont!
Missing character: There is no c (U+0063) in font nullfont!
Missing character: There is no o (U+006F) in font nullfont!
Missing character: There is no s (U+0073) in font nullfont!
Missing character: There is no t (U+0074) in font nullfont!
Missing character: There is no i (U+0069) in font nullfont!
Missing character: There is no s (U+0073) in font nullfont!
Missing character: There is no p (U+0070) in font nullfont!
Missing character: There is no r (U+0072) in font nullfont!
Missing character: There is no o (U+006F) in font nullfont!
Missing character: There is no h (U+0068) in font nullfont!
Missing character: There is no i (U+0069) in font nullfont!
Missing character: There is no b (U+0062) in font nullfont!
Missing character: There is no i (U+0069) in font nullfont!
Missing character: There is no t (U+0074) in font nullfont!
Missing character: There is no i (U+0069) in font nullfont!
Missing character: There is no v (U+0076) in font nullfont!
Missing character: There is no e (U+0065) in font nullfont!
Missing character: There is no . (U+002E) in font nullfont!
Missing character: There is no T (U+0054) in font nullfont!
Missing character: There is no h (U+0068) in font nullfont!
Missing character: There is no e (U+0065) in font nullfont!
Missing character: There is no o (U+006F) in font nullfont!
Missing character: There is no p (U+0070) in font nullfont!
Missing character: There is no t (U+0074) in font nullfont!
Missing character: There is no i (U+0069) in font nullfont!
Missing character: There is no m (U+006D) in font nullfont!
Missing character: There is no a (U+0061) in font nullfont!
Missing character: There is no l (U+006C) in font nullfont!
Missing character: There is no s (U+0073) in font nullfont!
Missing character: There is no t (U+0074) in font nullfont!
Missing character: There is no r (U+0072) in font nullfont!
Missing character: There is no a (U+0061) in font nullfont!
Missing character: There is no t (U+0074) in font nullfont!
Missing character: There is no e (U+0065) in font nullfont!
Missing character: There is no g (U+0067) in font nullfont!
Missing character: There is no y (U+0079) in font nullfont!
Missing character: There is no i (U+0069) in font nullfont!
Missing character: There is no s (U+0073) in font nullfont!
Missing character: There is no * (U+002A) in font nullfont!
Missing character: There is no * (U+002A) in font nullfont!
Missing character: There is no B (U+0042) in font nullfont!
Missing character: There is no 3 (U+0033) in font nullfont!
Missing character: There is no 2 (U+0032) in font nullfont!
Missing character: There is no w (U+0077) in font nullfont!
Missing character: There is no i (U+0069) in font nullfont!
Missing character: There is no t (U+0074) in font nullfont!
Missing character: There is no h (U+0068) in font nullfont!
Missing character: There is no s (U+0073) in font nullfont!
Missing character: There is no m (U+006D) in font nullfont!
Missing character: There is no a (U+0061) in font nullfont!
Missing character: There is no l (U+006C) in font nullfont!
Missing character: There is no l (U+006C) in font nullfont!
Missing character: There is no K (U+004B) in font nullfont!
Missing character: There is no a (U+0061) in font nullfont!
Missing character: There is no n (U+006E) in font nullfont!
Missing character: There is no d (U+0064) in font nullfont!
Missing character: There is no h (U+0068) in font nullfont!
Missing character: There is no i (U+0069) in font nullfont!
Missing character: There is no g (U+0067) in font nullfont!
Missing character: There is no h (U+0068) in font nullfont!
Missing character: There is no s (U+0073) in font nullfont!
Missing character: There is no p (U+0070) in font nullfont!
Missing character: There is no a (U+0061) in font nullfont!
Missing character: There is no t (U+0074) in font nullfont!
Missing character: There is no i (U+0069) in font nullfont!
Missing character: There is no a (U+0061) in font nullfont!
Missing character: There is no l (U+006C) in font nullfont!
Missing character: There is no p (U+0070) in font nullfont!
Missing character: There is no e (U+0065) in font nullfont!
Missing character: There is no n (U+006E) in font nullfont!
Missing character: There is no a (U+0061) in font nullfont!
Missing character: There is no l (U+006C) in font nullfont!
Missing character: There is no t (U+0074) in font nullfont!
Missing character: There is no y (U+0079) in font nullfont!
Missing character: There is no * (U+002A) in font nullfont!
Missing character: There is no * (U+002A) in font nullfont!
Missing character: There is no , (U+002C) in font nullfont!
Missing character: There is no a (U+0061) in font nullfont!
Missing character: There is no c (U+0063) in font nullfont!
Missing character: There is no h (U+0068) in font nullfont!
Missing character: There is no i (U+0069) in font nullfont!
Missing character: There is no e (U+0065) in font nullfont!
Missing character: There is no v (U+0076) in font nullfont!
Missing character: There is no i (U+0069) in font nullfont!
Missing character: There is no n (U+006E) in font nullfont!
Missing character: There is no g (U+0067) in font nullfont!
Missing character: There is no t (U+0074) in font nullfont!
Missing character: There is no h (U+0068) in font nullfont!
Missing character: There is no e (U+0065) in font nullfont!
Missing character: There is no p (U+0070) in font nullfont!
Missing character: There is no r (U+0072) in font nullfont!
Missing character: There is no o (U+006F) in font nullfont!
Missing character: There is no j (U+006A) in font nullfont!
Missing character: There is no e (U+0065) in font nullfont!
Missing character: There is no c (U+0063) in font nullfont!
Missing character: There is no t (U+0074) in font nullfont!
Missing character: There is no ' (U+0027) in font nullfont!
Missing character: There is no s (U+0073) in font nullfont!
Missing character: There is no f (U+0066) in font nullfont!
Missing character: There is no i (U+0069) in font nullfont!
Missing character: There is no r (U+0072) in font nullfont!
Missing character: There is no s (U+0073) in font nullfont!
Missing character: There is no t (U+0074) in font nullfont!
Missing character: There is no n (U+006E) in font nullfont!
Missing character: There is no e (U+0065) in font nullfont!
Missing character: There is no g (U+0067) in font nullfont!
Missing character: There is no a (U+0061) in font nullfont!
Missing character: There is no t (U+0074) in font nullfont!
Missing character: There is no i (U+0069) in font nullfont!
Missing character: There is no v (U+0076) in font nullfont!
Missing character: There is no e (U+0065) in font nullfont!
Missing character: There is no n (U+006E) in font nullfont!
Missing character: There is no e (U+0065) in font nullfont!
Missing character: There is no t (U+0074) in font nullfont!
Missing character: There is no - (U+002D) in font nullfont!
Missing character: There is no g (U+0067) in font nullfont!
Missing character: There is no a (U+0061) in font nullfont!
Missing character: There is no i (U+0069) in font nullfont!
Missing character: There is no n (U+006E) in font nullfont!
Missing character: There is no b (U+0062) in font nullfont!
Missing character: There is no r (U+0072) in font nullfont!
Missing character: There is no e (U+0065) in font nullfont!
Missing character: There is no a (U+0061) in font nullfont!
Missing character: There is no k (U+006B) in font nullfont!
Missing character: There is no t (U+0074) in font nullfont!
Missing character: There is no h (U+0068) in font nullfont!
Missing character: There is no r (U+0072) in font nullfont!
Missing character: There is no o (U+006F) in font nullfont!
Missing character: There is no u (U+0075) in font nullfont!
Missing character: There is no g (U+0067) in font nullfont!
Missing character: There is no h (U+0068) in font nullfont!
Missing character: There is no . (U+002E) in font nullfont!
Missing character: There is no R (U+0052) in font nullfont!
Missing character: There is no e (U+0065) in font nullfont!
Missing character: There is no f (U+0066) in font nullfont!
Missing character: There is no e (U+0065) in font nullfont!
Missing character: There is no r (U+0072) in font nullfont!
Missing character: There is no e (U+0065) in font nullfont!
Missing character: There is no n (U+006E) in font nullfont!
Missing character: There is no c (U+0063) in font nullfont!
Missing character: There is no e (U+0065) in font nullfont!
Missing character: There is no s (U+0073) in font nullfont!
Missing character: There is no [ (U+005B) in font nullfont!
Missing character: There is no 1 (U+0031) in font nullfont!
Missing character: There is no ] (U+005D) in font nullfont!
Missing character: There is no E (U+0045) in font nullfont!
Missing character: There is no u (U+0075) in font nullfont!
Missing character: There is no g (U+0067) in font nullfont!
Missing character: There is no e (U+0065) in font nullfont!
Missing character: There is no n (U+006E) in font nullfont!
Missing character: There is no e (U+0065) in font nullfont!
Missing character: There is no d (U+0064) in font nullfont!
Missing character: There is no ' (U+0027) in font nullfont!
Missing character: There is no E (U+0045) in font nullfont!
Missing character: There is no o (U+006F) in font nullfont!
Missing character: There is no n (U+006E) in font nullfont!
Missing character: There is no , (U+002C) in font nullfont!
Missing character: There is no B (U+0042) in font nullfont!
Missing character: There is no o (U+006F) in font nullfont!
Missing character: There is no b (U+0062) in font nullfont!
Missing character: There is no H (U+0048) in font nullfont!
Missing character: There is no a (U+0061) in font nullfont!
Missing character: There is no r (U+0072) in font nullfont!
Missing character: There is no r (U+0072) in font nullfont!
Missing character: There is no i (U+0069) in font nullfont!
Missing character: There is no s (U+0073) in font nullfont!
Missing character: There is no o (U+006F) in font nullfont!
Missing character: There is no n (U+006E) in font nullfont!
Missing character: There is no , (U+002C) in font nullfont!
Missing character: There is no T (U+0054) in font nullfont!
Missing character: There is no a (U+0061) in font nullfont!
Missing character: There is no o (U+006F) in font nullfont!
Missing character: There is no s (U+0073) in font nullfont!
Missing character: There is no M (U+004D) in font nullfont!
Missing character: There is no y (U+0079) in font nullfont!
Missing character: There is no e (U+0065) in font nullfont!
Missing character: There is no r (U+0072) in font nullfont!
Missing character: There is no s (U+0073) in font nullfont!
Missing character: There is no , (U+002C) in font nullfont!
Missing character: There is no a (U+0061) in font nullfont!
Missing character: There is no n (U+006E) in font nullfont!
Missing character: There is no d (U+0064) in font nullfont!
Missing character: There is no P (U+0050) in font nullfont!
Missing character: There is no h (U+0068) in font nullfont!
Missing character: There is no i (U+0069) in font nullfont!
Missing character: There is no l (U+006C) in font nullfont!
Missing character: There is no i (U+0069) in font nullfont!
Missing character: There is no p (U+0070) in font nullfont!
Missing character: There is no A (U+0041) in font nullfont!
Missing character: There is no . (U+002E) in font nullfont!
Missing character: There is no C (U+0043) in font nullfont!
Missing character: There is no h (U+0068) in font nullfont!
Missing character: There is no o (U+006F) in font nullfont!
Missing character: There is no u (U+0075) in font nullfont!
Missing character: There is no . (U+002E) in font nullfont!
Missing character: There is no 8 (U+0038) in font nullfont!
Missing character: There is no i (U+0069) in font nullfont!
Missing character: There is no V (U+0056) in font nullfont!
Missing character: There is no o (U+006F) in font nullfont!
Missing character: There is no x (U+0078) in font nullfont!
Missing character: There is no e (U+0065) in font nullfont!
Missing character: There is no l (U+006C) in font nullfont!
Missing character: There is no i (U+0069) in font nullfont!
Missing character: There is no z (U+007A) in font nullfont!
Missing character: There is no e (U+0065) in font nullfont!
Missing character: There is no d (U+0064) in font nullfont!
Missing character: There is no F (U+0046) in font nullfont!
Missing character: There is no u (U+0075) in font nullfont!
Missing character: There is no l (U+006C) in font nullfont!
Missing character: There is no l (U+006C) in font nullfont!
Missing character: There is no B (U+0042) in font nullfont!
Missing character: There is no o (U+006F) in font nullfont!
Missing character: There is no d (U+0064) in font nullfont!
Missing character: There is no i (U+0069) in font nullfont!
Missing character: There is no e (U+0065) in font nullfont!
Missing character: There is no s (U+0073) in font nullfont!
Missing character: There is no - (U+002D) in font nullfont!
Missing character: There is no A (U+0041) in font nullfont!
Missing character: There is no V (U+0056) in font nullfont!
Missing character: There is no o (U+006F) in font nullfont!
Missing character: There is no x (U+0078) in font nullfont!
Missing character: There is no e (U+0065) in font nullfont!
Missing character: There is no l (U+006C) in font nullfont!
Missing character: There is no i (U+0069) in font nullfont!
Missing character: There is no z (U+007A) in font nullfont!
Missing character: There is no e (U+0065) in font nullfont!
Missing character: There is no d (U+0064) in font nullfont!
Missing character: There is no P (U+0050) in font nullfont!
Missing character: There is no o (U+006F) in font nullfont!
Missing character: There is no i (U+0069) in font nullfont!
Missing character: There is no n (U+006E) in font nullfont!
Missing character: There is no t (U+0074) in font nullfont!
Missing character: There is no C (U+0043) in font nullfont!
Missing character: There is no l (U+006C) in font nullfont!
Missing character: There is no o (U+006F) in font nullfont!
Missing character: There is no u (U+0075) in font nullfont!
Missing character: There is no d (U+0064) in font nullfont!
Missing character: There is no D (U+0044) in font nullfont!
Missing character: There is no a (U+0061) in font nullfont!
Missing character: There is no t (U+0074) in font nullfont!
Missing character: There is no a (U+0061) in font nullfont!
Missing character: There is no s (U+0073) in font nullfont!
Missing character: There is no e (U+0065) in font nullfont!
Missing character: There is no t (U+0074) in font nullfont!
Missing character: There is no . (U+002E) in font nullfont!
Missing character: There is no I (U+0049) in font nullfont!
Missing character: There is no S (U+0053) in font nullfont!
Missing character: There is no O (U+004F) in font nullfont!
Missing character: There is no / (U+002F) in font nullfont!
Missing character: There is no I (U+0049) in font nullfont!
Missing character: There is no E (U+0045) in font nullfont!
Missing character: There is no C (U+0043) in font nullfont!
Missing character: There is no J (U+004A) in font nullfont!
Missing character: There is no T (U+0054) in font nullfont!
Missing character: There is no C (U+0043) in font nullfont!
Missing character: There is no 1 (U+0031) in font nullfont!
Missing character: There is no / (U+002F) in font nullfont!
Missing character: There is no S (U+0053) in font nullfont!
Missing character: There is no C (U+0043) in font nullfont!
Missing character: There is no 2 (U+0032) in font nullfont!
Missing character: There is no 9 (U+0039) in font nullfont!
Missing character: There is no J (U+004A) in font nullfont!
Missing character: There is no o (U+006F) in font nullfont!
Missing character: There is no i (U+0069) in font nullfont!
Missing character: There is no n (U+006E) in font nullfont!
Missing character: There is no t (U+0074) in font nullfont!
Missing character: There is no W (U+0057) in font nullfont!
Missing character: There is no G (U+0047) in font nullfont!
Missing character: There is no 1 (U+0031) in font nullfont!
Missing character: There is no 1 (U+0031) in font nullfont!
Missing character: There is no / (U+002F) in font nullfont!
Missing character: There is no W (U+0057) in font nullfont!
Missing character: There is no G (U+0047) in font nullfont!
Missing character: There is no 1 (U+0031) in font nullfont!
Missing character: There is no ( (U+0028) in font nullfont!
Missing character: There is no M (U+004D) in font nullfont!
Missing character: There is no P (U+0050) in font nullfont!
Missing character: There is no E (U+0045) in font nullfont!
Missing character: There is no G (U+0047) in font nullfont!
Missing character: There is no / (U+002F) in font nullfont!
Missing character: There is no J (U+004A) in font nullfont!
Missing character: There is no P (U+0050) in font nullfont!
Missing character: There is no E (U+0045) in font nullfont!
Missing character: There is no G (U+0047) in font nullfont!
Missing character: There is no ) (U+0029) in font nullfont!
Missing character: There is no i (U+0069) in font nullfont!
Missing character: There is no n (U+006E) in font nullfont!
Missing character: There is no p (U+0070) in font nullfont!
Missing character: There is no u (U+0075) in font nullfont!
Missing character: There is no t (U+0074) in font nullfont!
Missing character: There is no d (U+0064) in font nullfont!
Missing character: There is no o (U+006F) in font nullfont!
Missing character: There is no c (U+0063) in font nullfont!
Missing character: There is no u (U+0075) in font nullfont!
Missing character: There is no m (U+006D) in font nullfont!
Missing character: There is no e (U+0065) in font nullfont!
Missing character: There is no n (U+006E) in font nullfont!
Missing character: There is no t (U+0074) in font nullfont!
Missing character: There is no W (U+0057) in font nullfont!
Missing character: There is no G (U+0047) in font nullfont!
Missing character: There is no 1 (U+0031) in font nullfont!
Missing character: There is no 1 (U+0031) in font nullfont!
Missing character: There is no M (U+004D) in font nullfont!
Missing character: There is no 4 (U+0034) in font nullfont!
Missing character: There is no 0 (U+0030) in font nullfont!
Missing character: There is no 0 (U+0030) in font nullfont!
Missing character: There is no 5 (U+0035) in font nullfont!
Missing character: There is no 9 (U+0039) in font nullfont!
Missing character: There is no / (U+002F) in font nullfont!
Missing character: There is no W (U+0057) in font nullfont!
Missing character: There is no G (U+0047) in font nullfont!
Missing character: There is no 1 (U+0031) in font nullfont!
Missing character: There is no M (U+004D) in font nullfont!
Missing character: There is no 7 (U+0037) in font nullfont!
Missing character: There is no 4 (U+0034) in font nullfont!
Missing character: There is no 0 (U+0030) in font nullfont!
Missing character: There is no 0 (U+0030) in font nullfont!
Missing character: There is no 6 (U+0036) in font nullfont!
Missing character: There is no , (U+002C) in font nullfont!
Missing character: There is no J (U+004A) in font nullfont!
Missing character: There is no a (U+0061) in font nullfont!
Missing character: There is no n (U+006E) in font nullfont!
Missing character: There is no u (U+0075) in font nullfont!
Missing character: There is no a (U+0061) in font nullfont!
Missing character: There is no r (U+0072) in font nullfont!
Missing character: There is no y (U+0079) in font nullfont!
Missing character: There is no 2 (U+0032) in font nullfont!
Missing character: There is no 0 (U+0030) in font nullfont!
Missing character: There is no 1 (U+0031) in font nullfont!
Missing character: There is no 7 (U+0037) in font nullfont!
Missing character: There is no . (U+002E) in font nullfont!
Missing character: There is no [ (U+005B) in font nullfont!
Missing character: There is no 2 (U+0032) in font nullfont!
Missing character: There is no ] (U+005D) in font nullfont!
Missing character: There is no V (U+0056) in font nullfont!
Missing character: There is no . (U+002E) in font nullfont!
Missing character: There is no K (U+004B) in font nullfont!
Missing character: There is no . (U+002E) in font nullfont!
Missing character: There is no G (U+0047) in font nullfont!
Missing character: There is no o (U+006F) in font nullfont!
Missing character: There is no y (U+0079) in font nullfont!
Missing character: There is no a (U+0061) in font nullfont!
Missing character: There is no l (U+006C) in font nullfont!
Missing character: There is no . (U+002E) in font nullfont!
Missing character: There is no T (U+0054) in font nullfont!
Missing character: There is no h (U+0068) in font nullfont!
Missing character: There is no e (U+0065) in font nullfont!
Missing character: There is no o (U+006F) in font nullfont!
Missing character: There is no r (U+0072) in font nullfont!
Missing character: There is no e (U+0065) in font nullfont!
Missing character: There is no t (U+0074) in font nullfont!
Missing character: There is no i (U+0069) in font nullfont!
Missing character: There is no c (U+0063) in font nullfont!
Missing character: There is no a (U+0061) in font nullfont!
Missing character: There is no l (U+006C) in font nullfont!
Missing character: There is no f (U+0066) in font nullfont!
Missing character: There is no o (U+006F) in font nullfont!
Missing character: There is no u (U+0075) in font nullfont!
Missing character: There is no n (U+006E) in font nullfont!
Missing character: There is no d (U+0064) in font nullfont!
Missing character: There is no a (U+0061) in font nullfont!
Missing character: There is no t (U+0074) in font nullfont!
Missing character: There is no i (U+0069) in font nullfont!
Missing character: There is no o (U+006F) in font nullfont!
Missing character: There is no n (U+006E) in font nullfont!
Missing character: There is no s (U+0073) in font nullfont!
Missing character: There is no o (U+006F) in font nullfont!
Missing character: There is no f (U+0066) in font nullfont!
Missing character: There is no t (U+0074) in font nullfont!
Missing character: There is no r (U+0072) in font nullfont!
Missing character: There is no a (U+0061) in font nullfont!
Missing character: There is no n (U+006E) in font nullfont!
Missing character: There is no s (U+0073) in font nullfont!
Missing character: There is no f (U+0066) in font nullfont!
Missing character: There is no o (U+006F) in font nullfont!
Missing character: There is no r (U+0072) in font nullfont!
Missing character: There is no m (U+006D) in font nullfont!
Missing character: There is no c (U+0063) in font nullfont!
Missing character: There is no o (U+006F) in font nullfont!
Missing character: There is no d (U+0064) in font nullfont!
Missing character: There is no i (U+0069) in font nullfont!
Missing character: There is no n (U+006E) in font nullfont!
Missing character: There is no g (U+0067) in font nullfont!
Missing character: There is no . (U+002E) in font nullfont!
Missing character: There is no I (U+0049) in font nullfont!
Missing character: There is no E (U+0045) in font nullfont!
Missing character: There is no E (U+0045) in font nullfont!
Missing character: There is no E (U+0045) in font nullfont!
Missing character: There is no S (U+0053) in font nullfont!
Missing character: There is no i (U+0069) in font nullfont!
Missing character: There is no g (U+0067) in font nullfont!
Missing character: There is no n (U+006E) in font nullfont!
Missing character: There is no a (U+0061) in font nullfont!
Missing character: There is no l (U+006C) in font nullfont!
Missing character: There is no P (U+0050) in font nullfont!
Missing character: There is no r (U+0072) in font nullfont!
Missing character: There is no o (U+006F) in font nullfont!
Missing character: There is no c (U+0063) in font nullfont!
Missing character: There is no e (U+0065) in font nullfont!
Missing character: There is no s (U+0073) in font nullfont!
Missing character: There is no s (U+0073) in font nullfont!
Missing character: There is no i (U+0069) in font nullfont!
Missing character: There is no n (U+006E) in font nullfont!
Missing character: There is no g (U+0067) in font nullfont!
Missing character: There is no M (U+004D) in font nullfont!
Missing character: There is no a (U+0061) in font nullfont!
Missing character: There is no g (U+0067) in font nullfont!
Missing character: There is no a (U+0061) in font nullfont!
Missing character: There is no z (U+007A) in font nullfont!
Missing character: There is no i (U+0069) in font nullfont!
Missing character: There is no n (U+006E) in font nullfont!
Missing character: There is no e (U+0065) in font nullfont!
Missing character: There is no , (U+002C) in font nullfont!
Missing character: There is no 1 (U+0031) in font nullfont!
Missing character: There is no 8 (U+0038) in font nullfont!
Missing character: There is no ( (U+0028) in font nullfont!
Missing character: There is no 5 (U+0035) in font nullfont!
Missing character: There is no ) (U+0029) in font nullfont!
Missing character: There is no : (U+003A) in font nullfont!
Missing character: There is no 9 (U+0039) in font nullfont!
Missing character: There is no - (U+002D) in font nullfont!
Missing character: There is no - (U+002D) in font nullfont!
Missing character: There is no 2 (U+0032) in font nullfont!
Missing character: There is no 1 (U+0031) in font nullfont!
Missing character: There is no , (U+002C) in font nullfont!
Missing character: There is no S (U+0053) in font nullfont!
Missing character: There is no e (U+0065) in font nullfont!
Missing character: There is no p (U+0070) in font nullfont!
Missing character: There is no t (U+0074) in font nullfont!
Missing character: There is no e (U+0065) in font nullfont!
Missing character: There is no m (U+006D) in font nullfont!
Missing character: There is no b (U+0062) in font nullfont!
Missing character: There is no e (U+0065) in font nullfont!
Missing character: There is no r (U+0072) in font nullfont!
Missing character: There is no 2 (U+0032) in font nullfont!
Missing character: There is no 0 (U+0030) in font nullfont!
Missing character: There is no 0 (U+0030) in font nullfont!
Missing character: There is no 1 (U+0031) in font nullfont!
Missing character: There is no . (U+002E) in font nullfont!
Missing character: There is no [ (U+005B) in font nullfont!
Missing character: There is no 3 (U+0033) in font nullfont!
Missing character: There is no ] (U+005D) in font nullfont!
Missing character: There is no C (U+0043) in font nullfont!
Missing character: There is no h (U+0068) in font nullfont!
Missing character: There is no a (U+0061) in font nullfont!
Missing character: There is no r (U+0072) in font nullfont!
Missing character: There is no l (U+006C) in font nullfont!
Missing character: There is no e (U+0065) in font nullfont!
Missing character: There is no s (U+0073) in font nullfont!
Missing character: There is no L (U+004C) in font nullfont!
Missing character: There is no o (U+006F) in font nullfont!
Missing character: There is no o (U+006F) in font nullfont!
Missing character: There is no p (U+0070) in font nullfont!
Missing character: There is no , (U+002C) in font nullfont!
Missing character: There is no Q (U+0051) in font nullfont!
Missing character: There is no i (U+0069) in font nullfont!
Missing character: There is no n (U+006E) in font nullfont!
Missing character: There is no C (U+0043) in font nullfont!
Missing character: There is no a (U+0061) in font nullfont!
Missing character: There is no i (U+0069) in font nullfont!
Missing character: There is no , (U+002C) in font nullfont!
Missing character: There is no S (U+0053) in font nullfont!
Missing character: There is no . (U+002E) in font nullfont!
Missing character: There is no O (U+004F) in font nullfont!
Missing character: There is no r (U+0072) in font nullfont!
Missing character: There is no t (U+0074) in font nullfont!
Missing character: There is no s (U+0073) in font nullfont!
Missing character: There is no E (U+0045) in font nullfont!
Missing character: There is no s (U+0073) in font nullfont!
Missing character: There is no c (U+0063) in font nullfont!
Missing character: There is no o (U+006F) in font nullfont!
Missing character: There is no l (U+006C) in font nullfont!
Missing character: There is no a (U+0061) in font nullfont!
Missing character: There is no n (U+006E) in font nullfont!
Missing character: There is no o (U+006F) in font nullfont!
Missing character: There is no , (U+002C) in font nullfont!
Missing character: There is no a (U+0061) in font nullfont!
Missing character: There is no n (U+006E) in font nullfont!
Missing character: There is no d (U+0064) in font nullfont!
Missing character: There is no P (U+0050) in font nullfont!
Missing character: There is no h (U+0068) in font nullfont!
Missing character: There is no i (U+0069) in font nullfont!
Missing character: There is no l (U+006C) in font nullfont!
Missing character: There is no i (U+0069) in font nullfont!
Missing character: There is no p (U+0070) in font nullfont!
Missing character: There is no A (U+0041) in font nullfont!
Missing character: There is no . (U+002E) in font nullfont!
Missing character: There is no C (U+0043) in font nullfont!
Missing character: There is no h (U+0068) in font nullfont!
Missing character: There is no o (U+006F) in font nullfont!
Missing character: There is no u (U+0075) in font nullfont!
Missing character: There is no . (U+002E) in font nullfont!
Missing character: There is no M (U+004D) in font nullfont!
Missing character: There is no i (U+0069) in font nullfont!
Missing character: There is no c (U+0063) in font nullfont!
Missing character: There is no r (U+0072) in font nullfont!
Missing character: There is no o (U+006F) in font nullfont!
Missing character: There is no s (U+0073) in font nullfont!
Missing character: There is no o (U+006F) in font nullfont!
Missing character: There is no f (U+0066) in font nullfont!
Missing character: There is no t (U+0074) in font nullfont!
Missing character: There is no v (U+0076) in font nullfont!
Missing character: There is no o (U+006F) in font nullfont!
Missing character: There is no x (U+0078) in font nullfont!
Missing character: There is no e (U+0065) in font nullfont!
Missing character: There is no l (U+006C) in font nullfont!
Missing character: There is no i (U+0069) in font nullfont!
Missing character: There is no z (U+007A) in font nullfont!
Missing character: There is no e (U+0065) in font nullfont!
Missing character: There is no d (U+0064) in font nullfont!
Missing character: There is no u (U+0075) in font nullfont!
Missing character: There is no p (U+0070) in font nullfont!
Missing character: There is no p (U+0070) in font nullfont!
Missing character: There is no e (U+0065) in font nullfont!
Missing character: There is no r (U+0072) in font nullfont!
Missing character: There is no b (U+0062) in font nullfont!
Missing character: There is no o (U+006F) in font nullfont!
Missing character: There is no d (U+0064) in font nullfont!
Missing character: There is no i (U+0069) in font nullfont!
Missing character: There is no e (U+0065) in font nullfont!
Missing character: There is no s (U+0073) in font nullfont!
Missing character: There is no : (U+003A) in font nullfont!
Missing character: There is no A (U+0041) in font nullfont!
Missing character: There is no v (U+0076) in font nullfont!
Missing character: There is no o (U+006F) in font nullfont!
Missing character: There is no x (U+0078) in font nullfont!
Missing character: There is no e (U+0065) in font nullfont!
Missing character: There is no l (U+006C) in font nullfont!
Missing character: There is no i (U+0069) in font nullfont!
Missing character: There is no z (U+007A) in font nullfont!
Missing character: There is no e (U+0065) in font nullfont!
Missing character: There is no d (U+0064) in font nullfont!
Missing character: There is no p (U+0070) in font nullfont!
Missing character: There is no o (U+006F) in font nullfont!
Missing character: There is no i (U+0069) in font nullfont!
Missing character: There is no n (U+006E) in font nullfont!
Missing character: There is no t (U+0074) in font nullfont!
Missing character: There is no c (U+0063) in font nullfont!
Missing character: There is no l (U+006C) in font nullfont!
Missing character: There is no o (U+006F) in font nullfont!
Missing character: There is no u (U+0075) in font nullfont!
Missing character: There is no d (U+0064) in font nullfont!
Missing character: There is no d (U+0064) in font nullfont!
Missing character: There is no a (U+0061) in font nullfont!
Missing character: There is no t (U+0074) in font nullfont!
Missing character: There is no a (U+0061) in font nullfont!
Missing character: There is no s (U+0073) in font nullfont!
Missing character: There is no e (U+0065) in font nullfont!
Missing character: There is no t (U+0074) in font nullfont!
Missing character: There is no . (U+002E) in font nullfont!
Missing character: There is no I (U+0049) in font nullfont!
Missing character: There is no S (U+0053) in font nullfont!
Missing character: There is no O (U+004F) in font nullfont!
Missing character: There is no / (U+002F) in font nullfont!
Missing character: There is no I (U+0049) in font nullfont!
Missing character: There is no E (U+0045) in font nullfont!
Missing character: There is no C (U+0043) in font nullfont!
Missing character: There is no J (U+004A) in font nullfont!
Missing character: There is no T (U+0054) in font nullfont!
Missing character: There is no C (U+0043) in font nullfont!
Missing character: There is no 1 (U+0031) in font nullfont!
Missing character: There is no / (U+002F) in font nullfont!
Missing character: There is no S (U+0053) in font nullfont!
Missing character: There is no C (U+0043) in font nullfont!
Missing character: There is no 2 (U+0032) in font nullfont!
Missing character: There is no 9 (U+0039) in font nullfont!
Missing character: There is no J (U+004A) in font nullfont!
Missing character: There is no o (U+006F) in font nullfont!
Missing character: There is no i (U+0069) in font nullfont!
Missing character: There is no n (U+006E) in font nullfont!
Missing character: There is no t (U+0074) in font nullfont!
Missing character: There is no W (U+0057) in font nullfont!
Missing character: There is no G (U+0047) in font nullfont!
Missing character: There is no 1 (U+0031) in font nullfont!
Missing character: There is no 1 (U+0031) in font nullfont!
Missing character: There is no / (U+002F) in font nullfont!
Missing character: There is no W (U+0057) in font nullfont!
Missing character: There is no G (U+0047) in font nullfont!
Missing character: There is no 1 (U+0031) in font nullfont!
Missing character: There is no ( (U+0028) in font nullfont!
Missing character: There is no M (U+004D) in font nullfont!
Missing character: There is no P (U+0050) in font nullfont!
Missing character: There is no E (U+0045) in font nullfont!
Missing character: There is no G (U+0047) in font nullfont!
Missing character: There is no / (U+002F) in font nullfont!
Missing character: There is no J (U+004A) in font nullfont!
Missing character: There is no P (U+0050) in font nullfont!
Missing character: There is no E (U+0045) in font nullfont!
Missing character: There is no G (U+0047) in font nullfont!
Missing character: There is no ) (U+0029) in font nullfont!
Missing character: There is no I (U+0049) in font nullfont!
Missing character: There is no n (U+006E) in font nullfont!
Missing character: There is no p (U+0070) in font nullfont!
Missing character: There is no u (U+0075) in font nullfont!
Missing character: There is no t (U+0074) in font nullfont!
Missing character: There is no D (U+0044) in font nullfont!
Missing character: There is no o (U+006F) in font nullfont!
Missing character: There is no c (U+0063) in font nullfont!
Missing character: There is no u (U+0075) in font nullfont!
Missing character: There is no m (U+006D) in font nullfont!
Missing character: There is no e (U+0065) in font nullfont!
Missing character: There is no n (U+006E) in font nullfont!
Missing character: There is no t (U+0074) in font nullfont!
Missing character: There is no M (U+004D) in font nullfont!
Missing character: There is no 3 (U+0033) in font nullfont!
Missing character: There is no 8 (U+0038) in font nullfont!
Missing character: There is no 6 (U+0036) in font nullfont!
Missing character: There is no 7 (U+0037) in font nullfont!
Missing character: There is no 3 (U+0033) in font nullfont!
Missing character: There is no , (U+002C) in font nullfont!
Missing character: There is no 2 (U+0032) in font nullfont!
Missing character: There is no 0 (U+0030) in font nullfont!
Missing character: There is no 1 (U+0031) in font nullfont!
Missing character: There is no 6 (U+0036) in font nullfont!
Missing character: There is no . (U+002E) in font nullfont!
Missing character: There is no [ (U+005B) in font nullfont!
Missing character: There is no 4 (U+0034) in font nullfont!
Missing character: There is no ] (U+005D) in font nullfont!
Missing character: There is no H (U+0048) in font nullfont!
Missing character: There is no . (U+002E) in font nullfont!
Missing character: There is no S (U+0053) in font nullfont!
Missing character: There is no . (U+002E) in font nullfont!
Missing character: There is no M (U+004D) in font nullfont!
Missing character: There is no a (U+0061) in font nullfont!
Missing character: There is no l (U+006C) in font nullfont!
Missing character: There is no v (U+0076) in font nullfont!
Missing character: There is no a (U+0061) in font nullfont!
Missing character: There is no r (U+0072) in font nullfont!
Missing character: There is no . (U+002E) in font nullfont!
Missing character: There is no A (U+0041) in font nullfont!
Missing character: There is no d (U+0064) in font nullfont!
Missing character: There is no a (U+0061) in font nullfont!
Missing character: There is no p (U+0070) in font nullfont!
Missing character: There is no t (U+0074) in font nullfont!
Missing character: There is no i (U+0069) in font nullfont!
Missing character: There is no v (U+0076) in font nullfont!
Missing character: There is no e (U+0065) in font nullfont!
Missing character: There is no r (U+0072) in font nullfont!
Missing character: There is no u (U+0075) in font nullfont!
Missing character: There is no n (U+006E) in font nullfont!
Missing character: There is no - (U+002D) in font nullfont!
Missing character: There is no l (U+006C) in font nullfont!
Missing character: There is no e (U+0065) in font nullfont!
Missing character: There is no n (U+006E) in font nullfont!
Missing character: There is no g (U+0067) in font nullfont!
Missing character: There is no t (U+0074) in font nullfont!
Missing character: There is no h (U+0068) in font nullfont!
Missing character: There is no / (U+002F) in font nullfont!
Missing character: There is no g (U+0067) in font nullfont!
Missing character: There is no o (U+006F) in font nullfont!
Missing character: There is no l (U+006C) in font nullfont!
Missing character: There is no o (U+006F) in font nullfont!
Missing character: There is no m (U+006D) in font nullfont!
Missing character: There is no b (U+0062) in font nullfont!
Missing character: There is no - (U+002D) in font nullfont!
Missing character: There is no r (U+0072) in font nullfont!
Missing character: There is no i (U+0069) in font nullfont!
Missing character: There is no c (U+0063) in font nullfont!
Missing character: There is no e (U+0065) in font nullfont!
Missing character: There is no e (U+0065) in font nullfont!
Missing character: There is no n (U+006E) in font nullfont!
Missing character: There is no c (U+0063) in font nullfont!
Missing character: There is no o (U+006F) in font nullfont!
Missing character: There is no d (U+0064) in font nullfont!
Missing character: There is no i (U+0069) in font nullfont!
Missing character: There is no n (U+006E) in font nullfont!
Missing character: There is no g (U+0067) in font nullfont!
Missing character: There is no o (U+006F) in font nullfont!
Missing character: There is no f (U+0066) in font nullfont!
Missing character: There is no q (U+0071) in font nullfont!
Missing character: There is no u (U+0075) in font nullfont!
Missing character: There is no a (U+0061) in font nullfont!
Missing character: There is no n (U+006E) in font nullfont!
Missing character: There is no t (U+0074) in font nullfont!
Missing character: There is no i (U+0069) in font nullfont!
Missing character: There is no z (U+007A) in font nullfont!
Missing character: There is no e (U+0065) in font nullfont!
Missing character: There is no d (U+0064) in font nullfont!
Missing character: There is no g (U+0067) in font nullfont!
Missing character: There is no e (U+0065) in font nullfont!
Missing character: There is no n (U+006E) in font nullfont!
Missing character: There is no e (U+0065) in font nullfont!
Missing character: There is no r (U+0072) in font nullfont!
Missing character: There is no a (U+0061) in font nullfont!
Missing character: There is no l (U+006C) in font nullfont!
Missing character: There is no i (U+0069) in font nullfont!
Missing character: There is no z (U+007A) in font nullfont!
Missing character: There is no e (U+0065) in font nullfont!
Missing character: There is no d (U+0064) in font nullfont!
Missing character: There is no g (U+0067) in font nullfont!
Missing character: There is no a (U+0061) in font nullfont!
Missing character: There is no u (U+0075) in font nullfont!
Missing character: There is no s (U+0073) in font nullfont!
Missing character: There is no s (U+0073) in font nullfont!
Missing character: There is no i (U+0069) in font nullfont!
Missing character: There is no a (U+0061) in font nullfont!
Missing character: There is no n (U+006E) in font nullfont!
Missing character: There is no s (U+0073) in font nullfont!
Missing character: There is no o (U+006F) in font nullfont!
Missing character: There is no u (U+0075) in font nullfont!
Missing character: There is no r (U+0072) in font nullfont!
Missing character: There is no c (U+0063) in font nullfont!
Missing character: There is no e (U+0065) in font nullfont!
Missing character: There is no s (U+0073) in font nullfont!
Missing character: There is no w (U+0077) in font nullfont!
Missing character: There is no i (U+0069) in font nullfont!
Missing character: There is no t (U+0074) in font nullfont!
Missing character: There is no h (U+0068) in font nullfont!
Missing character: There is no u (U+0075) in font nullfont!
Missing character: There is no n (U+006E) in font nullfont!
Missing character: There is no k (U+006B) in font nullfont!
Missing character: There is no n (U+006E) in font nullfont!
Missing character: There is no o (U+006F) in font nullfont!
Missing character: There is no w (U+0077) in font nullfont!
Missing character: There is no n (U+006E) in font nullfont!
Missing character: There is no s (U+0073) in font nullfont!
Missing character: There is no t (U+0074) in font nullfont!
Missing character: There is no a (U+0061) in font nullfont!
Missing character: There is no t (U+0074) in font nullfont!
Missing character: There is no i (U+0069) in font nullfont!
Missing character: There is no s (U+0073) in font nullfont!
Missing character: There is no t (U+0074) in font nullfont!
Missing character: There is no i (U+0069) in font nullfont!
Missing character: There is no c (U+0063) in font nullfont!
Missing character: There is no s (U+0073) in font nullfont!
Missing character: There is no . (U+002E) in font nullfont!
Missing character: There is no I (U+0049) in font nullfont!
Missing character: There is no n (U+006E) in font nullfont!
Missing character: There is no D (U+0044) in font nullfont!
Missing character: There is no a (U+0061) in font nullfont!
Missing character: There is no t (U+0074) in font nullfont!
Missing character: There is no a (U+0061) in font nullfont!
Missing character: There is no C (U+0043) in font nullfont!
Missing character: There is no o (U+006F) in font nullfont!
Missing character: There is no m (U+006D) in font nullfont!
Missing character: There is no p (U+0070) in font nullfont!
Missing character: There is no r (U+0072) in font nullfont!
Missing character: There is no e (U+0065) in font nullfont!
Missing character: There is no s (U+0073) in font nullfont!
Missing character: There is no s (U+0073) in font nullfont!
Missing character: There is no i (U+0069) in font nullfont!
Missing character: There is no o (U+006F) in font nullfont!
Missing character: There is no n (U+006E) in font nullfont!
Missing character: There is no C (U+0043) in font nullfont!
Missing character: There is no o (U+006F) in font nullfont!
Missing character: There is no n (U+006E) in font nullfont!
Missing character: There is no f (U+0066) in font nullfont!
Missing character: There is no e (U+0065) in font nullfont!
Missing character: There is no r (U+0072) in font nullfont!
Missing character: There is no e (U+0065) in font nullfont!
Missing character: There is no n (U+006E) in font nullfont!
Missing character: There is no c (U+0063) in font nullfont!
Missing character: There is no e (U+0065) in font nullfont!
Missing character: There is no ( (U+0028) in font nullfont!
Missing character: There is no D (U+0044) in font nullfont!
Missing character: There is no C (U+0043) in font nullfont!
Missing character: There is no C (U+0043) in font nullfont!
Missing character: There is no ' (U+0027) in font nullfont!
Missing character: There is no 0 (U+0030) in font nullfont!
Missing character: There is no 6 (U+0036) in font nullfont!
Missing character: There is no ) (U+0029) in font nullfont!
Missing character: There is no , (U+002C) in font nullfont!
Missing character: There is no p (U+0070) in font nullfont!
Missing character: There is no a (U+0061) in font nullfont!
Missing character: There is no g (U+0067) in font nullfont!
Missing character: There is no e (U+0065) in font nullfont!
Missing character: There is no s (U+0073) in font nullfont!
Missing character: There is no 2 (U+0032) in font nullfont!
Missing character: There is no 3 (U+0033) in font nullfont!
Missing character: There is no - (U+002D) in font nullfont!
Missing character: There is no - (U+002D) in font nullfont!
Missing character: There is no 3 (U+0033) in font nullfont!
Missing character: There is no 2 (U+0032) in font nullfont!
Missing character: There is no , (U+002C) in font nullfont!
Missing character: There is no M (U+004D) in font nullfont!
Missing character: There is no a (U+0061) in font nullfont!
Missing character: There is no r (U+0072) in font nullfont!
Missing character: There is no c (U+0063) in font nullfont!
Missing character: There is no h (U+0068) in font nullfont!
Missing character: There is no 2 (U+0032) in font nullfont!
Missing character: There is no 0 (U+0030) in font nullfont!
Missing character: There is no 0 (U+0030) in font nullfont!
Missing character: There is no 6 (U+0036) in font nullfont!
Missing character: There is no . (U+002E) in font nullfont!
Missing character: There is no [ (U+005B) in font nullfont!
Missing character: There is no 5 (U+0035) in font nullfont!
Missing character: There is no ] (U+005D) in font nullfont!
Missing character: There is no G (U+0047) in font nullfont!
Missing character: There is no . (U+002E) in font nullfont!
Missing character: There is no M (U+004D) in font nullfont!
Missing character: There is no . (U+002E) in font nullfont!
Missing character: There is no M (U+004D) in font nullfont!
Missing character: There is no o (U+006F) in font nullfont!
Missing character: There is no r (U+0072) in font nullfont!
Missing character: There is no t (U+0074) in font nullfont!
Missing character: There is no o (U+006F) in font nullfont!
Missing character: There is no n (U+006E) in font nullfont!
Missing character: There is no . (U+002E) in font nullfont!
Missing character: There is no A (U+0041) in font nullfont!
Missing character: There is no c (U+0063) in font nullfont!
Missing character: There is no o (U+006F) in font nullfont!
Missing character: There is no m (U+006D) in font nullfont!
Missing character: There is no p (U+0070) in font nullfont!
Missing character: There is no u (U+0075) in font nullfont!
Missing character: There is no t (U+0074) in font nullfont!
Missing character: There is no e (U+0065) in font nullfont!
Missing character: There is no r (U+0072) in font nullfont!
Missing character: There is no o (U+006F) in font nullfont!
Missing character: There is no r (U+0072) in font nullfont!
Missing character: There is no i (U+0069) in font nullfont!
Missing character: There is no e (U+0065) in font nullfont!
Missing character: There is no n (U+006E) in font nullfont!
Missing character: There is no t (U+0074) in font nullfont!
Missing character: There is no e (U+0065) in font nullfont!
Missing character: There is no d (U+0064) in font nullfont!
Missing character: There is no g (U+0067) in font nullfont!
Missing character: There is no e (U+0065) in font nullfont!
Missing character: There is no o (U+006F) in font nullfont!
Missing character: There is no d (U+0064) in font nullfont!
Missing character: There is no e (U+0065) in font nullfont!
Missing character: There is no t (U+0074) in font nullfont!
Missing character: There is no i (U+0069) in font nullfont!
Missing character: There is no c (U+0063) in font nullfont!
Missing character: There is no d (U+0064) in font nullfont!
Missing character: There is no a (U+0061) in font nullfont!
Missing character: There is no t (U+0074) in font nullfont!
Missing character: There is no a (U+0061) in font nullfont!
Missing character: There is no b (U+0062) in font nullfont!
Missing character: There is no a (U+0061) in font nullfont!
Missing character: There is no s (U+0073) in font nullfont!
Missing character: There is no e (U+0065) in font nullfont!
Missing character: There is no a (U+0061) in font nullfont!
Missing character: There is no n (U+006E) in font nullfont!
Missing character: There is no d (U+0064) in font nullfont!
Missing character: There is no a (U+0061) in font nullfont!
Missing character: There is no n (U+006E) in font nullfont!
Missing character: There is no e (U+0065) in font nullfont!
Missing character: There is no w (U+0077) in font nullfont!
Missing character: There is no t (U+0074) in font nullfont!
Missing character: There is no e (U+0065) in font nullfont!
Missing character: There is no c (U+0063) in font nullfont!
Missing character: There is no h (U+0068) in font nullfont!
Missing character: There is no n (U+006E) in font nullfont!
Missing character: There is no i (U+0069) in font nullfont!
Missing character: There is no q (U+0071) in font nullfont!
Missing character: There is no u (U+0075) in font nullfont!
Missing character: There is no e (U+0065) in font nullfont!
Missing character: There is no i (U+0069) in font nullfont!
Missing character: There is no n (U+006E) in font nullfont!
Missing character: There is no f (U+0066) in font nullfont!
Missing character: There is no i (U+0069) in font nullfont!
Missing character: There is no l (U+006C) in font nullfont!
Missing character: There is no e (U+0065) in font nullfont!
Missing character: There is no s (U+0073) in font nullfont!
Missing character: There is no e (U+0065) in font nullfont!
Missing character: There is no q (U+0071) in font nullfont!
Missing character: There is no u (U+0075) in font nullfont!
Missing character: There is no e (U+0065) in font nullfont!
Missing character: There is no n (U+006E) in font nullfont!
Missing character: There is no c (U+0063) in font nullfont!
Missing character: There is no i (U+0069) in font nullfont!
Missing character: There is no n (U+006E) in font nullfont!
Missing character: There is no g (U+0067) in font nullfont!
Missing character: There is no , (U+002C) in font nullfont!
Missing character: There is no 1 (U+0031) in font nullfont!
Missing character: There is no 9 (U+0039) in font nullfont!
Missing character: There is no 6 (U+0036) in font nullfont!
Missing character: There is no 6 (U+0036) in font nullfont!
Missing character: There is no . (U+002E) in font nullfont!
Missing character: There is no I (U+0049) in font nullfont!
Missing character: There is no B (U+0042) in font nullfont!
Missing character: There is no M (U+004D) in font nullfont!
Missing character: There is no L (U+004C) in font nullfont!
Missing character: There is no t (U+0074) in font nullfont!
Missing character: There is no d (U+0064) in font nullfont!
Missing character: There is no . (U+002E) in font nullfont!
Missing character: There is no , (U+002C) in font nullfont!
Missing character: There is no O (U+004F) in font nullfont!
Missing character: There is no t (U+0074) in font nullfont!
Missing character: There is no t (U+0074) in font nullfont!
Missing character: There is no a (U+0061) in font nullfont!
Missing character: There is no w (U+0077) in font nullfont!
Missing character: There is no a (U+0061) in font nullfont!
Missing character: There is no , (U+002C) in font nullfont!
Missing character: There is no O (U+004F) in font nullfont!
Missing character: There is no n (U+006E) in font nullfont!
Missing character: There is no t (U+0074) in font nullfont!
Missing character: There is no a (U+0061) in font nullfont!
Missing character: There is no r (U+0072) in font nullfont!
Missing character: There is no i (U+0069) in font nullfont!
Missing character: There is no o (U+006F) in font nullfont!
Missing character: There is no . (U+002E) in font nullfont!
Missing character: There is no [ (U+005B) in font nullfont!
Missing character: There is no 6 (U+0036) in font nullfont!
Missing character: There is no ] (U+005D) in font nullfont!
Missing character: There is no A (U+0041) in font nullfont!
Missing character: There is no n (U+006E) in font nullfont!
Missing character: There is no t (U+0074) in font nullfont!
Missing character: There is no o (U+006F) in font nullfont!
Missing character: There is no n (U+006E) in font nullfont!
Missing character: There is no i (U+0069) in font nullfont!
Missing character: There is no o (U+006F) in font nullfont!
Missing character: There is no O (U+004F) in font nullfont!
Missing character: There is no r (U+0072) in font nullfont!
Missing character: There is no t (U+0074) in font nullfont!
Missing character: There is no e (U+0065) in font nullfont!
Missing character: There is no g (U+0067) in font nullfont!
Missing character: There is no a (U+0061) in font nullfont!
Missing character: There is no . (U+002E) in font nullfont!
Missing character: There is no I (U+0049) in font nullfont!
Missing character: There is no n (U+006E) in font nullfont!
Missing character: There is no t (U+0074) in font nullfont!
Missing character: There is no r (U+0072) in font nullfont!
Missing character: There is no o (U+006F) in font nullfont!
Missing character: There is no d (U+0064) in font nullfont!
Missing character: There is no u (U+0075) in font nullfont!
Missing character: There is no c (U+0063) in font nullfont!
Missing character: There is no t (U+0074) in font nullfont!
Missing character: There is no i (U+0069) in font nullfont!
Missing character: There is no o (U+006F) in font nullfont!
Missing character: There is no n (U+006E) in font nullfont!
Missing character: There is no t (U+0074) in font nullfont!
Missing character: There is no o (U+006F) in font nullfont!
Missing character: There is no G (U+0047) in font nullfont!
Missing character: There is no r (U+0072) in font nullfont!
Missing character: There is no a (U+0061) in font nullfont!
Missing character: There is no p (U+0070) in font nullfont!
Missing character: There is no h (U+0068) in font nullfont!
Missing character: There is no S (U+0053) in font nullfont!
Missing character: There is no i (U+0069) in font nullfont!
Missing character: There is no g (U+0067) in font nullfont!
Missing character: There is no n (U+006E) in font nullfont!
Missing character: There is no a (U+0061) in font nullfont!
Missing character: There is no l (U+006C) in font nullfont!
Missing character: There is no P (U+0050) in font nullfont!
Missing character: There is no r (U+0072) in font nullfont!
Missing character: There is no o (U+006F) in font nullfont!
Missing character: There is no c (U+0063) in font nullfont!
Missing character: There is no e (U+0065) in font nullfont!
Missing character: There is no s (U+0073) in font nullfont!
Missing character: There is no s (U+0073) in font nullfont!
Missing character: There is no i (U+0069) in font nullfont!
Missing character: There is no n (U+006E) in font nullfont!
Missing character: There is no g (U+0067) in font nullfont!
Missing character: There is no . (U+002E) in font nullfont!
Missing character: There is no C (U+0043) in font nullfont!
Missing character: There is no a (U+0061) in font nullfont!
Missing character: There is no m (U+006D) in font nullfont!
Missing character: There is no b (U+0062) in font nullfont!
Missing character: There is no r (U+0072) in font nullfont!
Missing character: There is no i (U+0069) in font nullfont!
Missing character: There is no d (U+0064) in font nullfont!
Missing character: There is no g (U+0067) in font nullfont!
Missing character: There is no e (U+0065) in font nullfont!
Missing character: There is no U (U+0055) in font nullfont!
Missing character: There is no n (U+006E) in font nullfont!
Missing character: There is no i (U+0069) in font nullfont!
Missing character: There is no v (U+0076) in font nullfont!
Missing character: There is no e (U+0065) in font nullfont!
Missing character: There is no r (U+0072) in font nullfont!
Missing character: There is no s (U+0073) in font nullfont!
Missing character: There is no i (U+0069) in font nullfont!
Missing character: There is no t (U+0074) in font nullfont!
Missing character: There is no y (U+0079) in font nullfont!
Missing character: There is no P (U+0050) in font nullfont!
Missing character: There is no r (U+0072) in font nullfont!
Missing character: There is no e (U+0065) in font nullfont!
Missing character: There is no s (U+0073) in font nullfont!
Missing character: There is no s (U+0073) in font nullfont!
Missing character: There is no , (U+002C) in font nullfont!
Missing character: There is no 2 (U+0032) in font nullfont!
Missing character: There is no 0 (U+0030) in font nullfont!
Missing character: There is no 2 (U+0032) in font nullfont!
Missing character: There is no 2 (U+0032) in font nullfont!
Missing character: There is no . (U+002E) in font nullfont!
Missing character: There is no [ (U+005B) in font nullfont!
Missing character: There is no 7 (U+0037) in font nullfont!
Missing character: There is no ] (U+005D) in font nullfont!
Missing character: There is no A (U+0041) in font nullfont!
Missing character: There is no n (U+006E) in font nullfont!
Missing character: There is no t (U+0074) in font nullfont!
Missing character: There is no o (U+006F) in font nullfont!
Missing character: There is no n (U+006E) in font nullfont!
Missing character: There is no i (U+0069) in font nullfont!
Missing character: There is no o (U+006F) in font nullfont!
Missing character: There is no O (U+004F) in font nullfont!
Missing character: There is no r (U+0072) in font nullfont!
Missing character: There is no t (U+0074) in font nullfont!
Missing character: There is no e (U+0065) in font nullfont!
Missing character: There is no g (U+0067) in font nullfont!
Missing character: There is no a (U+0061) in font nullfont!
Missing character: There is no a (U+0061) in font nullfont!
Missing character: There is no n (U+006E) in font nullfont!
Missing character: There is no d (U+0064) in font nullfont!
Missing character: There is no K (U+004B) in font nullfont!
Missing character: There is no a (U+0061) in font nullfont!
Missing character: There is no n (U+006E) in font nullfont!
Missing character: There is no n (U+006E) in font nullfont!
Missing character: There is no a (U+0061) in font nullfont!
Missing character: There is no n (U+006E) in font nullfont!
Missing character: There is no R (U+0052) in font nullfont!
Missing character: There is no a (U+0061) in font nullfont!
Missing character: There is no m (U+006D) in font nullfont!
Missing character: There is no c (U+0063) in font nullfont!
Missing character: There is no h (U+0068) in font nullfont!
Missing character: There is no a (U+0061) in font nullfont!
Missing character: There is no n (U+006E) in font nullfont!
Missing character: There is no d (U+0064) in font nullfont!
Missing character: There is no r (U+0072) in font nullfont!
Missing character: There is no a (U+0061) in font nullfont!
Missing character: There is no n (U+006E) in font nullfont!
Missing character: There is no . (U+002E) in font nullfont!
Missing character: There is no R (U+0052) in font nullfont!
Missing character: There is no a (U+0061) in font nullfont!
Missing character: There is no t (U+0074) in font nullfont!
Missing character: There is no e (U+0065) in font nullfont!
Missing character: There is no - (U+002D) in font nullfont!
Missing character: There is no d (U+0064) in font nullfont!
Missing character: There is no i (U+0069) in font nullfont!
Missing character: There is no s (U+0073) in font nullfont!
Missing character: There is no t (U+0074) in font nullfont!
Missing character: There is no o (U+006F) in font nullfont!
Missing character: There is no r (U+0072) in font nullfont!
Missing character: There is no t (U+0074) in font nullfont!
Missing character: There is no i (U+0069) in font nullfont!
Missing character: There is no o (U+006F) in font nullfont!
Missing character: There is no n (U+006E) in font nullfont!
Missing character: There is no m (U+006D) in font nullfont!
Missing character: There is no e (U+0065) in font nullfont!
Missing character: There is no t (U+0074) in font nullfont!
Missing character: There is no h (U+0068) in font nullfont!
Missing character: There is no o (U+006F) in font nullfont!
Missing character: There is no d (U+0064) in font nullfont!
Missing character: There is no s (U+0073) in font nullfont!
Missing character: There is no f (U+0066) in font nullfont!
Missing character: There is no o (U+006F) in font nullfont!
Missing character: There is no r (U+0072) in font nullfont!
Missing character: There is no i (U+0069) in font nullfont!
Missing character: There is no m (U+006D) in font nullfont!
Missing character: There is no a (U+0061) in font nullfont!
Missing character: There is no g (U+0067) in font nullfont!
Missing character: There is no e (U+0065) in font nullfont!
Missing character: There is no a (U+0061) in font nullfont!
Missing character: There is no n (U+006E) in font nullfont!
Missing character: There is no d (U+0064) in font nullfont!
Missing character: There is no v (U+0076) in font nullfont!
Missing character: There is no i (U+0069) in font nullfont!
Missing character: There is no d (U+0064) in font nullfont!
Missing character: There is no e (U+0065) in font nullfont!
Missing character: There is no o (U+006F) in font nullfont!
Missing character: There is no c (U+0063) in font nullfont!
Missing character: There is no o (U+006F) in font nullfont!
Missing character: There is no m (U+006D) in font nullfont!
Missing character: There is no p (U+0070) in font nullfont!
Missing character: There is no r (U+0072) in font nullfont!
Missing character: There is no e (U+0065) in font nullfont!
Missing character: There is no s (U+0073) in font nullfont!
Missing character: There is no s (U+0073) in font nullfont!
Missing character: There is no i (U+0069) in font nullfont!
Missing character: There is no o (U+006F) in font nullfont!
Missing character: There is no n (U+006E) in font nullfont!
Missing character: There is no . (U+002E) in font nullfont!
Missing character: There is no I (U+0049) in font nullfont!
Missing character: There is no E (U+0045) in font nullfont!
Missing character: There is no E (U+0045) in font nullfont!
Missing character: There is no E (U+0045) in font nullfont!
Missing character: There is no S (U+0053) in font nullfont!
Missing character: There is no i (U+0069) in font nullfont!
Missing character: There is no g (U+0067) in font nullfont!
Missing character: There is no n (U+006E) in font nullfont!
Missing character: There is no a (U+0061) in font nullfont!
Missing character: There is no l (U+006C) in font nullfont!
Missing character: There is no P (U+0050) in font nullfont!
Missing character: There is no r (U+0072) in font nullfont!
Missing character: There is no o (U+006F) in font nullfont!
Missing character: There is no c (U+0063) in font nullfont!
Missing character: There is no e (U+0065) in font nullfont!
Missing character: There is no s (U+0073) in font nullfont!
Missing character: There is no s (U+0073) in font nullfont!
Missing character: There is no i (U+0069) in font nullfont!
Missing character: There is no n (U+006E) in font nullfont!
Missing character: There is no g (U+0067) in font nullfont!
Missing character: There is no M (U+004D) in font nullfont!
Missing character: There is no a (U+0061) in font nullfont!
Missing character: There is no g (U+0067) in font nullfont!
Missing character: There is no a (U+0061) in font nullfont!
Missing character: There is no z (U+007A) in font nullfont!
Missing character: There is no i (U+0069) in font nullfont!
Missing character: There is no n (U+006E) in font nullfont!
Missing character: There is no e (U+0065) in font nullfont!
Missing character: There is no , (U+002C) in font nullfont!
Missing character: There is no 1 (U+0031) in font nullfont!
Missing character: There is no 5 (U+0035) in font nullfont!
Missing character: There is no ( (U+0028) in font nullfont!
Missing character: There is no 6 (U+0036) in font nullfont!
Missing character: There is no ) (U+0029) in font nullfont!
Missing character: There is no : (U+003A) in font nullfont!
Missing character: There is no 2 (U+0032) in font nullfont!
Missing character: There is no 3 (U+0033) in font nullfont!
Missing character: There is no - (U+002D) in font nullfont!
Missing character: There is no - (U+002D) in font nullfont!
Missing character: There is no 5 (U+0035) in font nullfont!
Missing character: There is no 0 (U+0030) in font nullfont!
Missing character: There is no , (U+002C) in font nullfont!
Missing character: There is no N (U+004E) in font nullfont!
Missing character: There is no o (U+006F) in font nullfont!
Missing character: There is no v (U+0076) in font nullfont!
Missing character: There is no e (U+0065) in font nullfont!
Missing character: There is no m (U+006D) in font nullfont!
Missing character: There is no b (U+0062) in font nullfont!
Missing character: There is no e (U+0065) in font nullfont!
Missing character: There is no r (U+0072) in font nullfont!
Missing character: There is no 1 (U+0031) in font nullfont!
Missing character: There is no 9 (U+0039) in font nullfont!
Missing character: There is no 9 (U+0039) in font nullfont!
Missing character: There is no 8 (U+0038) in font nullfont!
Missing character: There is no . (U+002E) in font nullfont!
Missing character: There is no P (U+0050) in font nullfont!
Missing character: There is no u (U+0075) in font nullfont!
Missing character: There is no b (U+0062) in font nullfont!
Missing character: There is no l (U+006C) in font nullfont!
Missing character: There is no i (U+0069) in font nullfont!
Missing character: There is no s (U+0073) in font nullfont!
Missing character: There is no h (U+0068) in font nullfont!
Missing character: There is no e (U+0065) in font nullfont!
Missing character: There is no r (U+0072) in font nullfont!
Missing character: There is no : (U+003A) in font nullfont!
Missing character: There is no I (U+0049) in font nullfont!
Missing character: There is no E (U+0045) in font nullfont!
Missing character: There is no E (U+0045) in font nullfont!
Missing character: There is no E (U+0045) in font nullfont!
Missing character: There is no . (U+002E) in font nullfont!
Missing character: There is no [ (U+005B) in font nullfont!
Missing character: There is no 8 (U+0038) in font nullfont!
Missing character: There is no ] (U+005D) in font nullfont!
Missing character: There is no E (U+0045) in font nullfont!
Missing character: There is no d (U+0064) in font nullfont!
Missing character: There is no u (U+0075) in font nullfont!
Missing character: There is no a (U+0061) in font nullfont!
Missing character: There is no r (U+0072) in font nullfont!
Missing character: There is no d (U+0064) in font nullfont!
Missing character: There is no o (U+006F) in font nullfont!
Missing character: There is no P (U+0050) in font nullfont!
Missing character: There is no a (U+0061) in font nullfont!
Missing character: There is no v (U+0076) in font nullfont!
Missing character: There is no e (U+0065) in font nullfont!
Missing character: There is no z (U+007A) in font nullfont!
Missing character: There is no , (U+002C) in font nullfont!
Missing character: There is no B (U+0042) in font nullfont!
Missing character: There is no e (U+0065) in font nullfont!
Missing character: There is no n (U+006E) in font nullfont!
Missing character: There is no j (U+006A) in font nullfont!
Missing character: There is no a (U+0061) in font nullfont!
Missing character: There is no m (U+006D) in font nullfont!
Missing character: There is no i (U+0069) in font nullfont!
Missing character: There is no n (U+006E) in font nullfont!
Missing character: There is no G (U+0047) in font nullfont!
Missing character: There is no i (U+0069) in font nullfont!
Missing character: There is no r (U+0072) in font nullfont!
Missing character: There is no a (U+0061) in font nullfont!
Missing character: There is no u (U+0075) in font nullfont!
Missing character: There is no l (U+006C) in font nullfont!
Missing character: There is no t (U+0074) in font nullfont!
Missing character: There is no , (U+002C) in font nullfont!
Missing character: There is no A (U+0041) in font nullfont!
Missing character: There is no n (U+006E) in font nullfont!
Missing character: There is no t (U+0074) in font nullfont!
Missing character: There is no o (U+006F) in font nullfont!
Missing character: There is no n (U+006E) in font nullfont!
Missing character: There is no i (U+0069) in font nullfont!
Missing character: There is no o (U+006F) in font nullfont!
Missing character: There is no O (U+004F) in font nullfont!
Missing character: There is no r (U+0072) in font nullfont!
Missing character: There is no t (U+0074) in font nullfont!
Missing character: There is no e (U+0065) in font nullfont!
Missing character: There is no g (U+0067) in font nullfont!
Missing character: There is no a (U+0061) in font nullfont!
Missing character: There is no , (U+002C) in font nullfont!
Missing character: There is no a (U+0061) in font nullfont!
Missing character: There is no n (U+006E) in font nullfont!
Missing character: There is no d (U+0064) in font nullfont!
Missing character: There is no P (U+0050) in font nullfont!
Missing character: There is no h (U+0068) in font nullfont!
Missing character: There is no i (U+0069) in font nullfont!
Missing character: There is no l (U+006C) in font nullfont!
Missing character: There is no i (U+0069) in font nullfont!
Missing character: There is no p (U+0070) in font nullfont!
Missing character: There is no A (U+0041) in font nullfont!
Missing character: There is no . (U+002E) in font nullfont!
Missing character: There is no C (U+0043) in font nullfont!
Missing character: There is no h (U+0068) in font nullfont!
Missing character: There is no o (U+006F) in font nullfont!
Missing character: There is no u (U+0075) in font nullfont!
Missing character: There is no . (U+002E) in font nullfont!
Missing character: There is no R (U+0052) in font nullfont!
Missing character: There is no e (U+0065) in font nullfont!
Missing character: There is no g (U+0067) in font nullfont!
Missing character: There is no i (U+0069) in font nullfont!
Missing character: There is no o (U+006F) in font nullfont!
Missing character: There is no n (U+006E) in font nullfont!
Missing character: There is no a (U+0061) in font nullfont!
Missing character: There is no d (U+0064) in font nullfont!
Missing character: There is no a (U+0061) in font nullfont!
Missing character: There is no p (U+0070) in font nullfont!
Missing character: There is no t (U+0074) in font nullfont!
Missing character: There is no i (U+0069) in font nullfont!
Missing character: There is no v (U+0076) in font nullfont!
Missing character: There is no e (U+0065) in font nullfont!
Missing character: There is no g (U+0067) in font nullfont!
Missing character: There is no r (U+0072) in font nullfont!
Missing character: There is no a (U+0061) in font nullfont!
Missing character: There is no p (U+0070) in font nullfont!
Missing character: There is no h (U+0068) in font nullfont!
Missing character: There is no f (U+0066) in font nullfont!
Missing character: There is no o (U+006F) in font nullfont!
Missing character: There is no u (U+0075) in font nullfont!
Missing character: There is no r (U+0072) in font nullfont!
Missing character: There is no i (U+0069) in font nullfont!
Missing character: There is no e (U+0065) in font nullfont!
Missing character: There is no r (U+0072) in font nullfont!
Missing character: There is no t (U+0074) in font nullfont!
Missing character: There is no r (U+0072) in font nullfont!
Missing character: There is no a (U+0061) in font nullfont!
Missing character: There is no n (U+006E) in font nullfont!
Missing character: There is no s (U+0073) in font nullfont!
Missing character: There is no f (U+0066) in font nullfont!
Missing character: There is no o (U+006F) in font nullfont!
Missing character: There is no r (U+0072) in font nullfont!
Missing character: There is no m (U+006D) in font nullfont!
Missing character: There is no f (U+0066) in font nullfont!
Missing character: There is no o (U+006F) in font nullfont!
Missing character: There is no r (U+0072) in font nullfont!
Missing character: There is no 3 (U+0033) in font nullfont!
Missing character: There is no d (U+0064) in font nullfont!
Missing character: There is no p (U+0070) in font nullfont!
Missing character: There is no o (U+006F) in font nullfont!
Missing character: There is no i (U+0069) in font nullfont!
Missing character: There is no n (U+006E) in font nullfont!
Missing character: There is no t (U+0074) in font nullfont!
Missing character: There is no c (U+0063) in font nullfont!
Missing character: There is no l (U+006C) in font nullfont!
Missing character: There is no o (U+006F) in font nullfont!
Missing character: There is no u (U+0075) in font nullfont!
Missing character: There is no d (U+0064) in font nullfont!
Missing character: There is no s (U+0073) in font nullfont!
Missing character: There is no . (U+002E) in font nullfont!
Missing character: There is no a (U+0061) in font nullfont!
Missing character: There is no r (U+0072) in font nullfont!
Missing character: There is no X (U+0058) in font nullfont!
Missing character: There is no i (U+0069) in font nullfont!
Missing character: There is no v (U+0076) in font nullfont!
Missing character: There is no p (U+0070) in font nullfont!
Missing character: There is no r (U+0072) in font nullfont!
Missing character: There is no e (U+0065) in font nullfont!
Missing character: There is no p (U+0070) in font nullfont!
Missing character: There is no r (U+0072) in font nullfont!
Missing character: There is no i (U+0069) in font nullfont!
Missing character: There is no n (U+006E) in font nullfont!
Missing character: There is no t (U+0074) in font nullfont!
Missing character: There is no a (U+0061) in font nullfont!
Missing character: There is no r (U+0072) in font nullfont!
Missing character: There is no X (U+0058) in font nullfont!
Missing character: There is no i (U+0069) in font nullfont!
Missing character: There is no v (U+0076) in font nullfont!
Missing character: There is no : (U+003A) in font nullfont!
Missing character: There is no 2 (U+0032) in font nullfont!
Missing character: There is no 0 (U+0030) in font nullfont!
Missing character: There is no 0 (U+0030) in font nullfont!
Missing character: There is no 3 (U+0033) in font nullfont!
Missing character: There is no . (U+002E) in font nullfont!
Missing character: There is no 0 (U+0030) in font nullfont!
Missing character: There is no 1 (U+0031) in font nullfont!
Missing character: There is no 8 (U+0038) in font nullfont!
Missing character: There is no 6 (U+0036) in font nullfont!
Missing character: There is no 6 (U+0036) in font nullfont!
Missing character: There is no , (U+002C) in font nullfont!
Missing character: There is no M (U+004D) in font nullfont!
Missing character: There is no a (U+0061) in font nullfont!
Missing character: There is no y (U+0079) in font nullfont!
Missing character: There is no 2 (U+0032) in font nullfont!
Missing character: There is no 0 (U+0030) in font nullfont!
Missing character: There is no 2 (U+0032) in font nullfont!
Missing character: There is no 0 (U+0030) in font nullfont!
Missing character: There is no . (U+002E) in font nullfont!
Missing character: There is no A (U+0041) in font nullfont!
Missing character: There is no c (U+0063) in font nullfont!
Missing character: There is no c (U+0063) in font nullfont!
Missing character: There is no e (U+0065) in font nullfont!
Missing character: There is no p (U+0070) in font nullfont!
Missing character: There is no t (U+0074) in font nullfont!
Missing character: There is no e (U+0065) in font nullfont!
Missing character: There is no d (U+0064) in font nullfont!
Missing character: There is no a (U+0061) in font nullfont!
Missing character: There is no t (U+0074) in font nullfont!
Missing character: There is no I (U+0049) in font nullfont!
Missing character: There is no C (U+0043) in font nullfont!
Missing character: There is no I (U+0049) in font nullfont!
Missing character: There is no P (U+0050) in font nullfont!
Missing character: There is no 2 (U+0032) in font nullfont!
Missing character: There is no 0 (U+0030) in font nullfont!
Missing character: There is no 2 (U+0032) in font nullfont!
Missing character: There is no 0 (U+0030) in font nullfont!
Missing character: There is no . (U+002E) in font nullfont!
Missing character: There is no [ (U+005B) in font nullfont!
Missing character: There is no 9 (U+0039) in font nullfont!
Missing character: There is no ] (U+005D) in font nullfont!
Missing character: There is no E (U+0045) in font nullfont!
Missing character: There is no d (U+0064) in font nullfont!
Missing character: There is no u (U+0075) in font nullfont!
Missing character: There is no a (U+0061) in font nullfont!
Missing character: There is no r (U+0072) in font nullfont!
Missing character: There is no d (U+0064) in font nullfont!
Missing character: There is no o (U+006F) in font nullfont!
Missing character: There is no P (U+0050) in font nullfont!
Missing character: There is no a (U+0061) in font nullfont!
Missing character: There is no v (U+0076) in font nullfont!
Missing character: There is no e (U+0065) in font nullfont!
Missing character: There is no z (U+007A) in font nullfont!
Missing character: There is no , (U+002C) in font nullfont!
Missing character: There is no A (U+0041) in font nullfont!
Missing character: There is no n (U+006E) in font nullfont!
Missing character: There is no t (U+0074) in font nullfont!
Missing character: There is no o (U+006F) in font nullfont!
Missing character: There is no n (U+006E) in font nullfont!
Missing character: There is no i (U+0069) in font nullfont!
Missing character: There is no o (U+006F) in font nullfont!
Missing character: There is no O (U+004F) in font nullfont!
Missing character: There is no r (U+0072) in font nullfont!
Missing character: There is no t (U+0074) in font nullfont!
Missing character: There is no e (U+0065) in font nullfont!
Missing character: There is no g (U+0067) in font nullfont!
Missing character: There is no a (U+0061) in font nullfont!
Missing character: There is no , (U+002C) in font nullfont!
Missing character: There is no a (U+0061) in font nullfont!
Missing character: There is no n (U+006E) in font nullfont!
Missing character: There is no d (U+0064) in font nullfont!
Missing character: There is no D (U+0044) in font nullfont!
Missing character: There is no e (U+0065) in font nullfont!
Missing character: There is no b (U+0062) in font nullfont!
Missing character: There is no a (U+0061) in font nullfont!
Missing character: There is no r (U+0072) in font nullfont!
Missing character: There is no g (U+0067) in font nullfont!
Missing character: There is no h (U+0068) in font nullfont!
Missing character: There is no a (U+0061) in font nullfont!
Missing character: There is no M (U+004D) in font nullfont!
Missing character: There is no u (U+0075) in font nullfont!
Missing character: There is no k (U+006B) in font nullfont!
Missing character: There is no h (U+0068) in font nullfont!
Missing character: There is no e (U+0065) in font nullfont!
Missing character: There is no r (U+0072) in font nullfont!
Missing character: There is no j (U+006A) in font nullfont!
Missing character: There is no e (U+0065) in font nullfont!
Missing character: There is no e (U+0065) in font nullfont!
Missing character: There is no . (U+002E) in font nullfont!
Missing character: There is no L (U+004C) in font nullfont!
Missing character: There is no e (U+0065) in font nullfont!
Missing character: There is no a (U+0061) in font nullfont!
Missing character: There is no r (U+0072) in font nullfont!
Missing character: There is no n (U+006E) in font nullfont!
Missing character: There is no i (U+0069) in font nullfont!
Missing character: There is no n (U+006E) in font nullfont!
Missing character: There is no g (U+0067) in font nullfont!
Missing character: There is no s (U+0073) in font nullfont!
Missing character: There is no e (U+0065) in font nullfont!
Missing character: There is no p (U+0070) in font nullfont!
Missing character: There is no a (U+0061) in font nullfont!
Missing character: There is no r (U+0072) in font nullfont!
Missing character: There is no a (U+0061) in font nullfont!
Missing character: There is no b (U+0062) in font nullfont!
Missing character: There is no l (U+006C) in font nullfont!
Missing character: There is no e (U+0065) in font nullfont!
Missing character: There is no t (U+0074) in font nullfont!
Missing character: There is no r (U+0072) in font nullfont!
Missing character: There is no a (U+0061) in font nullfont!
Missing character: There is no n (U+006E) in font nullfont!
Missing character: There is no s (U+0073) in font nullfont!
Missing character: There is no f (U+0066) in font nullfont!
Missing character: There is no o (U+006F) in font nullfont!
Missing character: There is no r (U+0072) in font nullfont!
Missing character: There is no m (U+006D) in font nullfont!
Missing character: There is no s (U+0073) in font nullfont!
Missing character: There is no b (U+0062) in font nullfont!
Missing character: There is no y (U+0079) in font nullfont!
Missing character: There is no i (U+0069) in font nullfont!
Missing character: There is no n (U+006E) in font nullfont!
Missing character: There is no v (U+0076) in font nullfont!
Missing character: There is no e (U+0065) in font nullfont!
Missing character: There is no r (U+0072) in font nullfont!
Missing character: There is no s (U+0073) in font nullfont!
Missing character: There is no e (U+0065) in font nullfont!
Missing character: There is no c (U+0063) in font nullfont!
Missing character: There is no o (U+006F) in font nullfont!
Missing character: There is no v (U+0076) in font nullfont!
Missing character: There is no a (U+0061) in font nullfont!
Missing character: There is no r (U+0072) in font nullfont!
Missing character: There is no i (U+0069) in font nullfont!
Missing character: There is no a (U+0061) in font nullfont!
Missing character: There is no n (U+006E) in font nullfont!
Missing character: There is no c (U+0063) in font nullfont!
Missing character: There is no e (U+0065) in font nullfont!
Missing character: There is no e (U+0065) in font nullfont!
Missing character: There is no s (U+0073) in font nullfont!
Missing character: There is no t (U+0074) in font nullfont!
Missing character: There is no i (U+0069) in font nullfont!
Missing character: There is no m (U+006D) in font nullfont!
Missing character: There is no a (U+0061) in font nullfont!
Missing character: There is no t (U+0074) in font nullfont!
Missing character: There is no i (U+0069) in font nullfont!
Missing character: There is no o (U+006F) in font nullfont!
Missing character: There is no n (U+006E) in font nullfont!
Missing character: There is no . (U+002E) in font nullfont!
Missing character: There is no I (U+0049) in font nullfont!
Missing character: There is no n (U+006E) in font nullfont!
Missing character: There is no P (U+0050) in font nullfont!
Missing character: There is no r (U+0072) in font nullfont!
Missing character: There is no o (U+006F) in font nullfont!
Missing character: There is no c (U+0063) in font nullfont!
Missing character: There is no e (U+0065) in font nullfont!
Missing character: There is no e (U+0065) in font nullfont!
Missing character: There is no d (U+0064) in font nullfont!
Missing character: There is no i (U+0069) in font nullfont!
Missing character: There is no n (U+006E) in font nullfont!
Missing character: There is no g (U+0067) in font nullfont!
Missing character: There is no s (U+0073) in font nullfont!
Missing character: There is no o (U+006F) in font nullfont!
Missing character: There is no f (U+0066) in font nullfont!
Missing character: There is no t (U+0074) in font nullfont!
Missing character: There is no h (U+0068) in font nullfont!
Missing character: There is no e (U+0065) in font nullfont!
Missing character: There is no I (U+0049) in font nullfont!
Missing character: There is no E (U+0045) in font nullfont!
Missing character: There is no E (U+0045) in font nullfont!
Missing character: There is no E (U+0045) in font nullfont!
Missing character: There is no I (U+0049) in font nullfont!
Missing character: There is no n (U+006E) in font nullfont!
Missing character: There is no t (U+0074) in font nullfont!
Missing character: There is no e (U+0065) in font nullfont!
Missing character: There is no r (U+0072) in font nullfont!
Missing character: There is no n (U+006E) in font nullfont!
Missing character: There is no a (U+0061) in font nullfont!
Missing character: There is no t (U+0074) in font nullfont!
Missing character: There is no i (U+0069) in font nullfont!
Missing character: There is no o (U+006F) in font nullfont!
Missing character: There is no n (U+006E) in font nullfont!
Missing character: There is no a (U+0061) in font nullfont!
Missing character: There is no l (U+006C) in font nullfont!
Missing character: There is no C (U+0043) in font nullfont!
Missing character: There is no o (U+006F) in font nullfont!
Missing character: There is no n (U+006E) in font nullfont!
Missing character: There is no f (U+0066) in font nullfont!
Missing character: There is no e (U+0065) in font nullfont!
Missing character: There is no r (U+0072) in font nullfont!
Missing character: There is no e (U+0065) in font nullfont!
Missing character: There is no n (U+006E) in font nullfont!
Missing character: There is no c (U+0063) in font nullfont!
Missing character: There is no e (U+0065) in font nullfont!
Missing character: There is no o (U+006F) in font nullfont!
Missing character: There is no n (U+006E) in font nullfont!
Missing character: There is no I (U+0049) in font nullfont!
Missing character: There is no m (U+006D) in font nullfont!
Missing character: There is no a (U+0061) in font nullfont!
Missing character: There is no g (U+0067) in font nullfont!
Missing character: There is no e (U+0065) in font nullfont!
Missing character: There is no P (U+0050) in font nullfont!
Missing character: There is no r (U+0072) in font nullfont!
Missing character: There is no o (U+006F) in font nullfont!
Missing character: There is no c (U+0063) in font nullfont!
Missing character: There is no e (U+0065) in font nullfont!
Missing character: There is no s (U+0073) in font nullfont!
Missing character: There is no s (U+0073) in font nullfont!
Missing character: There is no i (U+0069) in font nullfont!
Missing character: There is no n (U+006E) in font nullfont!
Missing character: There is no g (U+0067) in font nullfont!
Missing character: There is no ( (U+0028) in font nullfont!
Missing character: There is no I (U+0049) in font nullfont!
Missing character: There is no C (U+0043) in font nullfont!
Missing character: There is no I (U+0049) in font nullfont!
Missing character: There is no P (U+0050) in font nullfont!
Missing character: There is no ) (U+0029) in font nullfont!
Missing character: There is no , (U+002C) in font nullfont!
Missing character: There is no p (U+0070) in font nullfont!
Missing character: There is no a (U+0061) in font nullfont!
Missing character: There is no g (U+0067) in font nullfont!
Missing character: There is no e (U+0065) in font nullfont!
Missing character: There is no s (U+0073) in font nullfont!
Missing character: There is no 2 (U+0032) in font nullfont!
Missing character: There is no 8 (U+0038) in font nullfont!
Missing character: There is no 5 (U+0035) in font nullfont!
Missing character: There is no - (U+002D) in font nullfont!
Missing character: There is no - (U+002D) in font nullfont!
Missing character: There is no 2 (U+0032) in font nullfont!
Missing character: There is no 8 (U+0038) in font nullfont!
Missing character: There is no 9 (U+0039) in font nullfont!
Missing character: There is no , (U+002C) in font nullfont!
Missing character: There is no B (U+0042) in font nullfont!
Missing character: There is no e (U+0065) in font nullfont!
Missing character: There is no i (U+0069) in font nullfont!
Missing character: There is no j (U+006A) in font nullfont!
Missing character: There is no i (U+0069) in font nullfont!
Missing character: There is no n (U+006E) in font nullfont!
Missing character: There is no g (U+0067) in font nullfont!
Missing character: There is no , (U+002C) in font nullfont!
Missing character: There is no C (U+0043) in font nullfont!
Missing character: There is no h (U+0068) in font nullfont!
Missing character: There is no i (U+0069) in font nullfont!
Missing character: There is no n (U+006E) in font nullfont!
Missing character: There is no a (U+0061) in font nullfont!
Missing character: There is no , (U+002C) in font nullfont!
Missing character: There is no S (U+0053) in font nullfont!
Missing character: There is no e (U+0065) in font nullfont!
Missing character: There is no p (U+0070) in font nullfont!
Missing character: There is no t (U+0074) in font nullfont!
Missing character: There is no e (U+0065) in font nullfont!
Missing character: There is no m (U+006D) in font nullfont!
Missing character: There is no b (U+0062) in font nullfont!
Missing character: There is no e (U+0065) in font nullfont!
Missing character: There is no r (U+0072) in font nullfont!
Missing character: There is no 2 (U+0032) in font nullfont!
Missing character: There is no 0 (U+0030) in font nullfont!
Missing character: There is no 1 (U+0031) in font nullfont!
Missing character: There is no 7 (U+0037) in font nullfont!
Missing character: There is no . (U+002E) in font nullfont!
Missing character: There is no [ (U+005B) in font nullfont!
Missing character: There is no 1 (U+0031) in font nullfont!
Missing character: There is no 0 (U+0030) in font nullfont!
Missing character: There is no ] (U+005D) in font nullfont!
Missing character: There is no K (U+004B) in font nullfont!
Missing character: There is no h (U+0068) in font nullfont!
Missing character: There is no a (U+0061) in font nullfont!
Missing character: There is no l (U+006C) in font nullfont!
Missing character: There is no i (U+0069) in font nullfont!
Missing character: There is no d (U+0064) in font nullfont!
Missing character: There is no S (U+0053) in font nullfont!
Missing character: There is no a (U+0061) in font nullfont!
Missing character: There is no y (U+0079) in font nullfont!
Missing character: There is no o (U+006F) in font nullfont!
Missing character: There is no o (U+006F) in font nullfont!
Missing character: There is no d (U+0064) in font nullfont!
Missing character: There is no . (U+002E) in font nullfont!
Missing character: There is no I (U+0049) in font nullfont!
Missing character: There is no n (U+006E) in font nullfont!
Missing character: There is no t (U+0074) in font nullfont!
Missing character: There is no r (U+0072) in font nullfont!
Missing character: There is no o (U+006F) in font nullfont!
Missing character: There is no d (U+0064) in font nullfont!
Missing character: There is no u (U+0075) in font nullfont!
Missing character: There is no c (U+0063) in font nullfont!
Missing character: There is no t (U+0074) in font nullfont!
Missing character: There is no i (U+0069) in font nullfont!
Missing character: There is no o (U+006F) in font nullfont!
Missing character: There is no n (U+006E) in font nullfont!
Missing character: There is no t (U+0074) in font nullfont!
Missing character: There is no o (U+006F) in font nullfont!
Missing character: There is no D (U+0044) in font nullfont!
Missing character: There is no a (U+0061) in font nullfont!
Missing character: There is no t (U+0074) in font nullfont!
Missing character: There is no a (U+0061) in font nullfont!
Missing character: There is no C (U+0043) in font nullfont!
Missing character: There is no o (U+006F) in font nullfont!
Missing character: There is no m (U+006D) in font nullfont!
Missing character: There is no p (U+0070) in font nullfont!
Missing character: There is no r (U+0072) in font nullfont!
Missing character: There is no e (U+0065) in font nullfont!
Missing character: There is no s (U+0073) in font nullfont!
Missing character: There is no s (U+0073) in font nullfont!
Missing character: There is no i (U+0069) in font nullfont!
Missing character: There is no o (U+006F) in font nullfont!
Missing character: There is no n (U+006E) in font nullfont!
Missing character: There is no . (U+002E) in font nullfont!
Missing character: There is no M (U+004D) in font nullfont!
Missing character: There is no o (U+006F) in font nullfont!
Missing character: There is no r (U+0072) in font nullfont!
Missing character: There is no g (U+0067) in font nullfont!
Missing character: There is no a (U+0061) in font nullfont!
Missing character: There is no n (U+006E) in font nullfont!
Missing character: There is no K (U+004B) in font nullfont!
Missing character: There is no a (U+0061) in font nullfont!
Missing character: There is no u (U+0075) in font nullfont!
Missing character: There is no f (U+0066) in font nullfont!
Missing character: There is no m (U+006D) in font nullfont!
Missing character: There is no a (U+0061) in font nullfont!
Missing character: There is no n (U+006E) in font nullfont!
Missing character: There is no n (U+006E) in font nullfont!
Missing character: There is no s (U+0073) in font nullfont!
Missing character: There is no e (U+0065) in font nullfont!
Missing character: There is no r (U+0072) in font nullfont!
Missing character: There is no i (U+0069) in font nullfont!
Missing character: There is no e (U+0065) in font nullfont!
Missing character: There is no s (U+0073) in font nullfont!
Missing character: There is no i (U+0069) in font nullfont!
Missing character: There is no n (U+006E) in font nullfont!
Missing character: There is no m (U+006D) in font nullfont!
Missing character: There is no u (U+0075) in font nullfont!
Missing character: There is no l (U+006C) in font nullfont!
Missing character: There is no t (U+0074) in font nullfont!
Missing character: There is no i (U+0069) in font nullfont!
Missing character: There is no m (U+006D) in font nullfont!
Missing character: There is no e (U+0065) in font nullfont!
Missing character: There is no d (U+0064) in font nullfont!
Missing character: There is no i (U+0069) in font nullfont!
Missing character: There is no a (U+0061) in font nullfont!
Missing character: There is no i (U+0069) in font nullfont!
Missing character: There is no n (U+006E) in font nullfont!
Missing character: There is no f (U+0066) in font nullfont!
Missing character: There is no o (U+006F) in font nullfont!
Missing character: There is no r (U+0072) in font nullfont!
Missing character: There is no m (U+006D) in font nullfont!
Missing character: There is no a (U+0061) in font nullfont!
Missing character: There is no t (U+0074) in font nullfont!
Missing character: There is no i (U+0069) in font nullfont!
Missing character: There is no o (U+006F) in font nullfont!
Missing character: There is no n (U+006E) in font nullfont!
Missing character: There is no a (U+0061) in font nullfont!
Missing character: There is no n (U+006E) in font nullfont!
Missing character: There is no d (U+0064) in font nullfont!
Missing character: There is no s (U+0073) in font nullfont!
Missing character: There is no y (U+0079) in font nullfont!
Missing character: There is no s (U+0073) in font nullfont!
Missing character: There is no t (U+0074) in font nullfont!
Missing character: There is no e (U+0065) in font nullfont!
Missing character: There is no m (U+006D) in font nullfont!
Missing character: There is no s (U+0073) in font nullfont!
Missing character: There is no . (U+002E) in font nullfont!
Missing character: There is no E (U+0045) in font nullfont!
Missing character: There is no l (U+006C) in font nullfont!
Missing character: There is no s (U+0073) in font nullfont!
Missing character: There is no e (U+0065) in font nullfont!
Missing character: There is no v (U+0076) in font nullfont!
Missing character: There is no i (U+0069) in font nullfont!
Missing character: There is no e (U+0065) in font nullfont!
Missing character: There is no r (U+0072) in font nullfont!
Missing character: There is no , (U+002C) in font nullfont!
Missing character: There is no A (U+0041) in font nullfont!
Missing character: There is no m (U+006D) in font nullfont!
Missing character: There is no s (U+0073) in font nullfont!
Missing character: There is no t (U+0074) in font nullfont!
Missing character: There is no e (U+0065) in font nullfont!
Missing character: There is no r (U+0072) in font nullfont!
Missing character: There is no d (U+0064) in font nullfont!
Missing character: There is no a (U+0061) in font nullfont!
Missing character: There is no m (U+006D) in font nullfont!
Missing character: There is no ; (U+003B) in font nullfont!
Missing character: There is no B (U+0042) in font nullfont!
Missing character: There is no o (U+006F) in font nullfont!
Missing character: There is no s (U+0073) in font nullfont!
Missing character: There is no t (U+0074) in font nullfont!
Missing character: There is no o (U+006F) in font nullfont!
Missing character: There is no n (U+006E) in font nullfont!
Missing character: There is no , (U+002C) in font nullfont!
Missing character: There is no 3 (U+0033) in font nullfont!
Missing character: There is no r (U+0072) in font nullfont!
Missing character: There is no d (U+0064) in font nullfont!
Missing character: There is no e (U+0065) in font nullfont!
Missing character: There is no d (U+0064) in font nullfont!
Missing character: There is no i (U+0069) in font nullfont!
Missing character: There is no t (U+0074) in font nullfont!
Missing character: There is no i (U+0069) in font nullfont!
Missing character: There is no o (U+006F) in font nullfont!
Missing character: There is no n (U+006E) in font nullfont!
Missing character: There is no , (U+002C) in font nullfont!
Missing character: There is no 2 (U+0032) in font nullfont!
Missing character: There is no 0 (U+0030) in font nullfont!
Missing character: There is no 0 (U+0030) in font nullfont!
Missing character: There is no 6 (U+0036) in font nullfont!
Missing character: There is no . (U+002E) in font nullfont!
Missing character: There is no [ (U+005B) in font nullfont!
Missing character: There is no 1 (U+0031) in font nullfont!
Missing character: There is no 1 (U+0031) in font nullfont!
Missing character: There is no ] (U+005D) in font nullfont!
Missing character: There is no C (U+0043) in font nullfont!
Missing character: There is no l (U+006C) in font nullfont!
Missing character: There is no a (U+0061) in font nullfont!
Missing character: There is no u (U+0075) in font nullfont!
Missing character: There is no d (U+0064) in font nullfont!
Missing character: There is no e (U+0065) in font nullfont!
Missing character: There is no E (U+0045) in font nullfont!
Missing character: There is no l (U+006C) in font nullfont!
Missing character: There is no w (U+0077) in font nullfont!
Missing character: There is no o (U+006F) in font nullfont!
Missing character: There is no o (U+006F) in font nullfont!
Missing character: There is no d (U+0064) in font nullfont!
Missing character: There is no S (U+0053) in font nullfont!
Missing character: There is no h (U+0068) in font nullfont!
Missing character: There is no a (U+0061) in font nullfont!
Missing character: There is no n (U+006E) in font nullfont!
Missing character: There is no n (U+006E) in font nullfont!
Missing character: There is no o (U+006F) in font nullfont!
Missing character: There is no n (U+006E) in font nullfont!
Missing character: There is no . (U+002E) in font nullfont!
Missing character: There is no A (U+0041) in font nullfont!
Missing character: There is no m (U+006D) in font nullfont!
Missing character: There is no a (U+0061) in font nullfont!
Missing character: There is no t (U+0074) in font nullfont!
Missing character: There is no h (U+0068) in font nullfont!
Missing character: There is no e (U+0065) in font nullfont!
Missing character: There is no m (U+006D) in font nullfont!
Missing character: There is no a (U+0061) in font nullfont!
Missing character: There is no t (U+0074) in font nullfont!
Missing character: There is no i (U+0069) in font nullfont!
Missing character: There is no c (U+0063) in font nullfont!
Missing character: There is no a (U+0061) in font nullfont!
Missing character: There is no l (U+006C) in font nullfont!
Missing character: There is no t (U+0074) in font nullfont!
Missing character: There is no h (U+0068) in font nullfont!
Missing character: There is no e (U+0065) in font nullfont!
Missing character: There is no o (U+006F) in font nullfont!
Missing character: There is no r (U+0072) in font nullfont!
Missing character: There is no y (U+0079) in font nullfont!
Missing character: There is no o (U+006F) in font nullfont!
Missing character: There is no f (U+0066) in font nullfont!
Missing character: There is no c (U+0063) in font nullfont!
Missing character: There is no o (U+006F) in font nullfont!
Missing character: There is no m (U+006D) in font nullfont!
Missing character: There is no m (U+006D) in font nullfont!
Missing character: There is no u (U+0075) in font nullfont!
Missing character: There is no n (U+006E) in font nullfont!
Missing character: There is no i (U+0069) in font nullfont!
Missing character: There is no c (U+0063) in font nullfont!
Missing character: There is no a (U+0061) in font nullfont!
Missing character: There is no t (U+0074) in font nullfont!
Missing character: There is no i (U+0069) in font nullfont!
Missing character: There is no o (U+006F) in font nullfont!
Missing character: There is no n (U+006E) in font nullfont!
Missing character: There is no . (U+002E) in font nullfont!
Missing character: There is no T (U+0054) in font nullfont!
Missing character: There is no h (U+0068) in font nullfont!
Missing character: There is no e (U+0065) in font nullfont!
Missing character: There is no B (U+0042) in font nullfont!
Missing character: There is no e (U+0065) in font nullfont!
Missing character: There is no l (U+006C) in font nullfont!
Missing character: There is no l (U+006C) in font nullfont!
Missing character: There is no s (U+0073) in font nullfont!
Missing character: There is no y (U+0079) in font nullfont!
Missing character: There is no s (U+0073) in font nullfont!
Missing character: There is no t (U+0074) in font nullfont!
Missing character: There is no e (U+0065) in font nullfont!
Missing character: There is no m (U+006D) in font nullfont!
Missing character: There is no t (U+0074) in font nullfont!
Missing character: There is no e (U+0065) in font nullfont!
Missing character: There is no c (U+0063) in font nullfont!
Missing character: There is no h (U+0068) in font nullfont!
Missing character: There is no n (U+006E) in font nullfont!
Missing character: There is no i (U+0069) in font nullfont!
Missing character: There is no c (U+0063) in font nullfont!
Missing character: There is no a (U+0061) in font nullfont!
Missing character: There is no l (U+006C) in font nullfont!
Missing character: There is no j (U+006A) in font nullfont!
Missing character: There is no o (U+006F) in font nullfont!
Missing character: There is no u (U+0075) in font nullfont!
Missing character: There is no r (U+0072) in font nullfont!
Missing character: There is no n (U+006E) in font nullfont!
Missing character: There is no a (U+0061) in font nullfont!
Missing character: There is no l (U+006C) in font nullfont!
Missing character: There is no , (U+002C) in font nullfont!
Missing character: There is no 2 (U+0032) in font nullfont!
Missing character: There is no 7 (U+0037) in font nullfont!
Missing character: There is no ( (U+0028) in font nullfont!
Missing character: There is no 3 (U+0033) in font nullfont!
Missing character: There is no ) (U+0029) in font nullfont!
Missing character: There is no : (U+003A) in font nullfont!
Missing character: There is no 3 (U+0033) in font nullfont!
Missing character: There is no 7 (U+0037) in font nullfont!
Missing character: There is no 9 (U+0039) in font nullfont!
Missing character: There is no - (U+002D) in font nullfont!
Missing character: There is no - (U+002D) in font nullfont!
Missing character: There is no 4 (U+0034) in font nullfont!
Missing character: There is no 2 (U+0032) in font nullfont!
Missing character: There is no 3 (U+0033) in font nullfont!
Missing character: There is no , (U+002C) in font nullfont!
Missing character: There is no 1 (U+0031) in font nullfont!
Missing character: There is no 9 (U+0039) in font nullfont!
Missing character: There is no 4 (U+0034) in font nullfont!
Missing character: There is no 8 (U+0038) in font nullfont!
Missing character: There is no . (U+002E) in font nullfont!
Missing character: There is no [ (U+005B) in font nullfont!
Missing character: There is no 1 (U+0031) in font nullfont!
Missing character: There is no 2 (U+0032) in font nullfont!
Missing character: There is no ] (U+005D) in font nullfont!
Missing character: There is no C (U+0043) in font nullfont!
Missing character: There is no h (U+0068) in font nullfont!
Missing character: There is no a (U+0061) in font nullfont!
Missing character: There is no Z (U+005A) in font nullfont!
Missing character: There is no h (U+0068) in font nullfont!
Missing character: There is no a (U+0061) in font nullfont!
Missing character: There is no n (U+006E) in font nullfont!
Missing character: There is no g (U+0067) in font nullfont!
Missing character: There is no , (U+002C) in font nullfont!
Missing character: There is no D (U+0044) in font nullfont!
Missing character: There is no i (U+0069) in font nullfont!
Missing character: There is no n (U+006E) in font nullfont!
Missing character: There is no e (U+0065) in font nullfont!
Missing character: There is no i (U+0069) in font nullfont!
Missing character: There is no F (U+0046) in font nullfont!
Missing character: There is no l (U+006C) in font nullfont!
Missing character: There is no o (U+006F) in font nullfont!
Missing character: There is no r (U+0072) in font nullfont!
Missing character: There is no ê (U+00EA) in font nullfont!
Missing character: There is no n (U+006E) in font nullfont!
Missing character: There is no c (U+0063) in font nullfont!
Missing character: There is no i (U+0069) in font nullfont!
Missing character: There is no o (U+006F) in font nullfont!
Missing character: There is no , (U+002C) in font nullfont!
Missing character: There is no a (U+0061) in font nullfont!
Missing character: There is no n (U+006E) in font nullfont!
Missing character: There is no d (U+0064) in font nullfont!
Missing character: There is no C (U+0043) in font nullfont!
Missing character: There is no h (U+0068) in font nullfont!
Missing character: There is no a (U+0061) in font nullfont!
Missing character: There is no r (U+0072) in font nullfont!
Missing character: There is no l (U+006C) in font nullfont!
Missing character: There is no e (U+0065) in font nullfont!
Missing character: There is no s (U+0073) in font nullfont!
Missing character: There is no L (U+004C) in font nullfont!
Missing character: There is no o (U+006F) in font nullfont!
Missing character: There is no o (U+006F) in font nullfont!
Missing character: There is no p (U+0070) in font nullfont!
Missing character: There is no . (U+002E) in font nullfont!
Missing character: There is no P (U+0050) in font nullfont!
Missing character: There is no o (U+006F) in font nullfont!
Missing character: There is no i (U+0069) in font nullfont!
Missing character: There is no n (U+006E) in font nullfont!
Missing character: There is no t (U+0074) in font nullfont!
Missing character: There is no c (U+0063) in font nullfont!
Missing character: There is no l (U+006C) in font nullfont!
Missing character: There is no o (U+006F) in font nullfont!
Missing character: There is no u (U+0075) in font nullfont!
Missing character: There is no d (U+0064) in font nullfont!
Missing character: There is no a (U+0061) in font nullfont!
Missing character: There is no t (U+0074) in font nullfont!
Missing character: There is no t (U+0074) in font nullfont!
Missing character: There is no r (U+0072) in font nullfont!
Missing character: There is no i (U+0069) in font nullfont!
Missing character: There is no b (U+0062) in font nullfont!
Missing character: There is no u (U+0075) in font nullfont!
Missing character: There is no t (U+0074) in font nullfont!
Missing character: There is no e (U+0065) in font nullfont!
Missing character: There is no c (U+0063) in font nullfont!
Missing character: There is no o (U+006F) in font nullfont!
Missing character: There is no m (U+006D) in font nullfont!
Missing character: There is no p (U+0070) in font nullfont!
Missing character: There is no r (U+0072) in font nullfont!
Missing character: There is no e (U+0065) in font nullfont!
Missing character: There is no s (U+0073) in font nullfont!
Missing character: There is no s (U+0073) in font nullfont!
Missing character: There is no i (U+0069) in font nullfont!
Missing character: There is no o (U+006F) in font nullfont!
Missing character: There is no n (U+006E) in font nullfont!
Missing character: There is no w (U+0077) in font nullfont!
Missing character: There is no i (U+0069) in font nullfont!
Missing character: There is no t (U+0074) in font nullfont!
Missing character: There is no h (U+0068) in font nullfont!
Missing character: There is no g (U+0067) in font nullfont!
Missing character: There is no r (U+0072) in font nullfont!
Missing character: There is no a (U+0061) in font nullfont!
Missing character: There is no p (U+0070) in font nullfont!
Missing character: There is no h (U+0068) in font nullfont!
Missing character: There is no t (U+0074) in font nullfont!
Missing character: There is no r (U+0072) in font nullfont!
Missing character: There is no a (U+0061) in font nullfont!
Missing character: There is no n (U+006E) in font nullfont!
Missing character: There is no s (U+0073) in font nullfont!
Missing character: There is no f (U+0066) in font nullfont!
Missing character: There is no o (U+006F) in font nullfont!
Missing character: There is no r (U+0072) in font nullfont!
Missing character: There is no m (U+006D) in font nullfont!
Missing character: There is no . (U+002E) in font nullfont!
Missing character: There is no I (U+0049) in font nullfont!
Missing character: There is no n (U+006E) in font nullfont!
Missing character: There is no 2 (U+0032) in font nullfont!
Missing character: There is no 0 (U+0030) in font nullfont!
Missing character: There is no 1 (U+0031) in font nullfont!
Missing character: There is no 4 (U+0034) in font nullfont!
Missing character: There is no I (U+0049) in font nullfont!
Missing character: There is no E (U+0045) in font nullfont!
Missing character: There is no E (U+0045) in font nullfont!
Missing character: There is no E (U+0045) in font nullfont!
Missing character: There is no I (U+0049) in font nullfont!
Missing character: There is no n (U+006E) in font nullfont!
Missing character: There is no t (U+0074) in font nullfont!
Missing character: There is no e (U+0065) in font nullfont!
Missing character: There is no r (U+0072) in font nullfont!
Missing character: There is no n (U+006E) in font nullfont!
Missing character: There is no a (U+0061) in font nullfont!
Missing character: There is no t (U+0074) in font nullfont!
Missing character: There is no i (U+0069) in font nullfont!
Missing character: There is no o (U+006F) in font nullfont!
Missing character: There is no n (U+006E) in font nullfont!
Missing character: There is no a (U+0061) in font nullfont!
Missing character: There is no l (U+006C) in font nullfont!
Missing character: There is no C (U+0043) in font nullfont!
Missing character: There is no o (U+006F) in font nullfont!
Missing character: There is no n (U+006E) in font nullfont!
Missing character: There is no f (U+0066) in font nullfont!
Missing character: There is no e (U+0065) in font nullfont!
Missing character: There is no r (U+0072) in font nullfont!
Missing character: There is no e (U+0065) in font nullfont!
Missing character: There is no n (U+006E) in font nullfont!
Missing character: There is no c (U+0063) in font nullfont!
Missing character: There is no e (U+0065) in font nullfont!
Missing character: There is no o (U+006F) in font nullfont!
Missing character: There is no n (U+006E) in font nullfont!
Missing character: There is no I (U+0049) in font nullfont!
Missing character: There is no m (U+006D) in font nullfont!
Missing character: There is no a (U+0061) in font nullfont!
Missing character: There is no g (U+0067) in font nullfont!
Missing character: There is no e (U+0065) in font nullfont!
Missing character: There is no P (U+0050) in font nullfont!
Missing character: There is no r (U+0072) in font nullfont!
Missing character: There is no o (U+006F) in font nullfont!
Missing character: There is no c (U+0063) in font nullfont!
Missing character: There is no e (U+0065) in font nullfont!
Missing character: There is no s (U+0073) in font nullfont!
Missing character: There is no s (U+0073) in font nullfont!
Missing character: There is no i (U+0069) in font nullfont!
Missing character: There is no n (U+006E) in font nullfont!
Missing character: There is no g (U+0067) in font nullfont!
Missing character: There is no ( (U+0028) in font nullfont!
Missing character: There is no I (U+0049) in font nullfont!
Missing character: There is no C (U+0043) in font nullfont!
Missing character: There is no I (U+0049) in font nullfont!
Missing character: There is no P (U+0050) in font nullfont!
Missing character: There is no ) (U+0029) in font nullfont!
Missing character: There is no , (U+002C) in font nullfont!
Missing character: There is no p (U+0070) in font nullfont!
Missing character: There is no a (U+0061) in font nullfont!
Missing character: There is no g (U+0067) in font nullfont!
Missing character: There is no e (U+0065) in font nullfont!
Missing character: There is no s (U+0073) in font nullfont!
Missing character: There is no 2 (U+0032) in font nullfont!
Missing character: There is no 0 (U+0030) in font nullfont!
Missing character: There is no 6 (U+0036) in font nullfont!
Missing character: There is no 6 (U+0036) in font nullfont!
Missing character: There is no - (U+002D) in font nullfont!
Missing character: There is no - (U+002D) in font nullfont!
Missing character: There is no 2 (U+0032) in font nullfont!
Missing character: There is no 0 (U+0030) in font nullfont!
Missing character: There is no 7 (U+0037) in font nullfont!
Missing character: There is no 0 (U+0030) in font nullfont!
Missing character: There is no , (U+002C) in font nullfont!
Missing character: There is no O (U+004F) in font nullfont!
Missing character: There is no c (U+0063) in font nullfont!
Missing character: There is no t (U+0074) in font nullfont!
Missing character: There is no o (U+006F) in font nullfont!
Missing character: There is no b (U+0062) in font nullfont!
Missing character: There is no e (U+0065) in font nullfont!
Missing character: There is no r (U+0072) in font nullfont!
Missing character: There is no 2 (U+0032) in font nullfont!
Missing character: There is no 0 (U+0030) in font nullfont!
Missing character: There is no 1 (U+0031) in font nullfont!
Missing character: There is no 4 (U+0034) in font nullfont!
Missing character: There is no . (U+002E) in font nullfont!
Missing character: There is no S (U+0053) in font nullfont!
Missing character: There is no e (U+0065) in font nullfont!
Missing character: There is no s (U+0073) in font nullfont!
Missing character: There is no i (U+0069) in font nullfont!
Missing character: There is no ó (U+00F3) in font nullfont!
Missing character: There is no n (U+006E) in font nullfont!
Missing character: There is no d (U+0064) in font nullfont!
Missing character: There is no e (U+0065) in font nullfont!
Missing character: There is no P (U+0050) in font nullfont!
Missing character: There is no ó (U+00F3) in font nullfont!
Missing character: There is no s (U+0073) in font nullfont!
Missing character: There is no t (U+0074) in font nullfont!
Missing character: There is no e (U+0065) in font nullfont!
Missing character: There is no r (U+0072) in font nullfont!
Missing character: There is no s (U+0073) in font nullfont!
Missing character: There is no - (U+002D) in font nullfont!
Missing character: There is no T (U+0054) in font nullfont!
Missing character: There is no e (U+0065) in font nullfont!
Missing character: There is no o (U+006F) in font nullfont!
Missing character: There is no r (U+0072) in font nullfont!
Missing character: There is no í (U+00ED) in font nullfont!
Missing character: There is no a (U+0061) in font nullfont!
Missing character: There is no d (U+0064) in font nullfont!
Missing character: There is no e (U+0065) in font nullfont!
Missing character: There is no I (U+0049) in font nullfont!
Missing character: There is no n (U+006E) in font nullfont!
Missing character: There is no f (U+0066) in font nullfont!
Missing character: There is no o (U+006F) in font nullfont!
Missing character: There is no r (U+0072) in font nullfont!
Missing character: There is no m (U+006D) in font nullfont!
Missing character: There is no a (U+0061) in font nullfont!
Missing character: There is no c (U+0063) in font nullfont!
Missing character: There is no i (U+0069) in font nullfont!
Missing character: There is no ó (U+00F3) in font nullfont!
Missing character: There is no n (U+006E) in font nullfont!
Missing character: There is no : (U+003A) in font nullfont!
Missing character: There is no F (U+0046) in font nullfont!
Missing character: There is no u (U+0075) in font nullfont!
Missing character: There is no n (U+006E) in font nullfont!
Missing character: There is no d (U+0064) in font nullfont!
Missing character: There is no a (U+0061) in font nullfont!
Missing character: There is no m (U+006D) in font nullfont!
Missing character: There is no e (U+0065) in font nullfont!
Missing character: There is no n (U+006E) in font nullfont!
Missing character: There is no t (U+0074) in font nullfont!
Missing character: There is no o (U+006F) in font nullfont!
Missing character: There is no s (U+0073) in font nullfont!
Missing character: There is no y (U+0079) in font nullfont!
Missing character: There is no A (U+0041) in font nullfont!
Missing character: There is no p (U+0070) in font nullfont!
Missing character: There is no l (U+006C) in font nullfont!
Missing character: There is no i (U+0069) in font nullfont!
Missing character: There is no c (U+0063) in font nullfont!
Missing character: There is no a (U+0061) in font nullfont!
Missing character: There is no c (U+0063) in font nullfont!
Missing character: There is no i (U+0069) in font nullfont!
Missing character: There is no o (U+006F) in font nullfont!
Missing character: There is no n (U+006E) in font nullfont!
Missing character: There is no e (U+0065) in font nullfont!
Missing character: There is no s (U+0073) in font nullfont!
Missing character: There is no s (U+0073) in font nullfont!
Missing character: There is no i (U+0069) in font nullfont!
Missing character: There is no m (U+006D) in font nullfont!
Missing character: There is no o (U+006F) in font nullfont!
Missing character: There is no n (U+006E) in font nullfont!
Missing character: There is no . (U+002E) in font nullfont!
Missing character: There is no y (U+0079) in font nullfont!
Missing character: There is no a (U+0061) in font nullfont!
Missing character: There is no n (U+006E) in font nullfont!
Missing character: There is no e (U+0065) in font nullfont!
Missing character: There is no z (U+007A) in font nullfont!
Missing character: There is no @ (U+0040) in font nullfont!
Missing character: There is no u (U+0075) in font nullfont!
Missing character: There is no g (U+0067) in font nullfont!
Missing character: There is no . (U+002E) in font nullfont!
Missing character: There is no u (U+0075) in font nullfont!
Missing character: There is no c (U+0063) in font nullfont!
Missing character: There is no h (U+0068) in font nullfont!
Missing character: There is no i (U+0069) in font nullfont!
Missing character: There is no l (U+006C) in font nullfont!
Missing character: There is no e (U+0065) in font nullfont!
Missing character: There is no . (U+002E) in font nullfont!
Missing character: There is no c (U+0063) in font nullfont!
Missing character: There is no l (U+006C) in font nullfont!
<./longdress_thumb.png><./rabbit.jpg><./Grafo_Ejemplo.png><./B4_rd_comparison.pn
g><./B8_rd_comparison.png><./B16_rd_comparison.png><./B32_rd_comparison.png><./l
ogos/FCFM.pdf><./logos/die.pdf>]
\tf@nav=\write6

\openout6 = poster.nav
\tf@toc=\write7

\openout7 = poster.toc
\tf@snm=\write8

\openout8 = poster.snm
Package atveryend Info: Empty hook `BeforeClearDocument' on input line 157.
Package atveryend Info: Empty hook `AfterLastShipout' on input line 157.
 (./poster.aux)
Package atveryend Info: Executing hook `AtVeryEndDocument' on input line 157.
Package atveryend Info: Executing hook `AtEndAfterFileList' on input line 157.
Package rerunfilecheck Info: File `poster.out' has not changed.
(rerunfilecheck)             Checksum: D41D8CD98F00B204E9800998ECF8427E;0.


LaTeX Font Warning: Some font shapes were not available, defaults substituted.

)

Here is how much of LuaTeX's memory you used:
 39773 strings out of 481365
 125007,1648299 words of node,token memory allocated
 52293 words of node memory still in use:
   429 hlist, 45 vlist, 53 rule, 28 disc, 75 local_par, 46 math, 1456 glue, 110 
kern, 218 penalty, 4596 glyph, 83 glue_spec, 4 write, 168 pdf_literal, 10 pdf_st
art_link, 10 pdf_end_link, 12 pdf_dest, 10 pdf_action, 394 pdf_colorstack, 7 pdf
_setmatrix, 7 pdf_save, 7 pdf_restore nodes
   avail lists: 1:2,2:47,3:432,4:446,5:177,6:80,7:6292,8:27,9:590,10:31,11:28
 55107 multiletter control sequences out of 65536+600000
 109 fonts using 6659199 bytes
 73i,20n,127p,772b,1356s stack positions out of 5000i,500n,10000p,200000b,100000s
{/usr/share/texmf/fonts/enc/dvips/lm/lm-rm.enc}{/usr/share/texmf/fonts/enc/dvips
/lm/lm-mathit.enc}{/usr/share/texmf/fonts/enc/dvips/lm/lm-mathsy.enc}</usr/share
/texmf/fonts/type1/public/lm/lmmi12.pfb></usr/share/texmf/fonts/type1/public/lm/
lmr12.pfb></usr/share/texmf/fonts/type1/public/lm/lmr17.pfb></usr/share/texmf/fo
nts/type1/public/lm/lmsy10.pfb>
Output written on poster.pdf (1 page, 401322 bytes).

PDF statistics: 91 PDF objects out of 1000 (max. 8388607)
 54 compressed objects within 1 object stream
 15 named destinations out of 1000 (max. 131072)
 16 words of extra memory for PDF output out of 10000 (max. 100000000)

