2025-06-11 13:50:13,874 - INFO - Currently running with parameters:
        ================================================    
            Point Cloud: longdress_vox10_1051
            Block Size: 8
            Self-loop Weight: 1.2
            Self-loop Percentage: 0.05
        ================================================    
        
2025-06-11 13:59:20,325 - INFO - Bad working blocks []
2025-06-11 13:59:20,326 - INFO - Quantization Step: 24
2025-06-11 13:59:20,335 - INFO - Selected  Structural Graph
2025-06-11 13:59:20,343 - INFO - Selected  Attribute Graph: 
                Self-Loop Weight: 1.2
                Self-Loop Percentage / Threshold: 0.7
                Self-Loop Count: 2
            
2025-06-11 13:59:20,357 - INFO - Selected  Attribute Graph: 
                Self-Loop Weight: 1.2
                Self-Loop Percentage / Threshold: 0.7
                Self-Loop Count: 6
            
2025-06-11 13:59:20,362 - INFO - Selected  Attribute Graph: 
                Self-Loop Weight: 1.2
                Self-Loop Percentage / Threshold: 0.7
                Self-Loop Count: 4
            
2025-06-11 13:59:20,371 - INFO - Selected  Attribute Graph: 
                Self-Loop Weight: 1.2
                Self-Loop Percentage / Threshold: 0.7
                Self-Loop Count: 1
            
2025-06-11 13:59:20,376 - INFO - Selected  Attribute Graph: 
                Self-Loop Weight: 1.2
                Self-Loop Percentage / Threshold: 0.7
                Self-Loop Count: 1
            
2025-06-11 13:59:20,380 - INFO - Selected  Structural Graph
2025-06-11 13:59:20,383 - INFO - Selected  Attribute Graph: 
                Self-Loop Weight: 1.2
                Self-Loop Percentage / Threshold: 0.7
                Self-Loop Count: 1
            
2025-06-11 13:59:20,386 - INFO - Selected  Structural Graph
2025-06-11 13:59:20,390 - INFO - Selected  Structural Graph
2025-06-11 13:59:20,392 - INFO - Selected  Attribute Graph: 
                Self-Loop Weight: 1.2
                Self-Loop Percentage / Threshold: 0.7
                Self-Loop Count: 1
            
2025-06-11 13:59:20,395 - INFO - Selected  Attribute Graph: 
                Self-Loop Weight: 1.2
                Self-Loop Percentage / Threshold: 0.7
                Self-Loop Count: 2
            
2025-06-11 13:59:20,399 - INFO - Selected  Attribute Graph: 
                Self-Loop Weight: 1.2
                Self-Loop Percentage / Threshold: 0.7
                Self-Loop Count: 1
            
2025-06-11 13:59:20,403 - INFO - Selected  Structural Graph
2025-06-11 13:59:20,406 - INFO - Selected  Attribute Graph: 
                Self-Loop Weight: 1.2
                Self-Loop Percentage / Threshold: 0.7
                Self-Loop Count: 8
            
2025-06-11 13:59:20,410 - INFO - Selected  Attribute Graph: 
                Self-Loop Weight: 1.2
                Self-Loop Percentage / Threshold: 0.7
                Self-Loop Count: 1
            
2025-06-11 13:59:20,413 - INFO - Selected  Structural Graph
2025-06-11 13:59:20,417 - INFO - Selected  Structural Graph
2025-06-11 13:59:20,420 - INFO - Selected  Structural Graph
2025-06-11 13:59:20,433 - INFO - Selected  Structural Graph
2025-06-11 13:59:20,437 - INFO - Selected  Structural Graph
2025-06-11 13:59:20,443 - INFO - Selected  Structural Graph
2025-06-11 13:59:20,449 - INFO - Selected  Attribute Graph: 
                Self-Loop Weight: 1.2
                Self-Loop Percentage / Threshold: 0.7
                Self-Loop Count: 2
            
2025-06-11 13:59:20,453 - INFO - Selected  Structural Graph
2025-06-11 13:59:20,465 - INFO - Selected  Structural Graph
2025-06-11 13:59:20,471 - INFO - Selected  Structural Graph
2025-06-11 13:59:20,477 - INFO - Selected  Structural Graph
2025-06-11 13:59:20,487 - INFO - Selected  Attribute Graph: 
                Self-Loop Weight: 1.2
                Self-Loop Percentage / Threshold: 0.7
                Self-Loop Count: 3
            
2025-06-11 13:59:20,501 - INFO - Selected  Attribute Graph: 
                Self-Loop Weight: 1.2
                Self-Loop Percentage / Threshold: 0.7
                Self-Loop Count: 2
            
2025-06-11 13:59:20,511 - INFO - Selected  Attribute Graph: 
                Self-Loop Weight: 1.2
                Self-Loop Percentage / Threshold: 0.7
                Self-Loop Count: 2
            
2025-06-11 13:59:20,521 - INFO - Selected  Attribute Graph: 
                Self-Loop Weight: 1.2
                Self-Loop Percentage / Threshold: 0.7
                Self-Loop Count: 5
            
2025-06-11 13:59:20,532 - INFO - Selected  Attribute Graph: 
                Self-Loop Weight: 1.2
                Self-Loop Percentage / Threshold: 0.7
                Self-Loop Count: 1
            
2025-06-11 13:59:20,544 - INFO - Selected  Attribute Graph: 
                Self-Loop Weight: 1.2
                Self-Loop Percentage / Threshold: 0.7
                Self-Loop Count: 1
            
2025-06-11 13:59:20,555 - INFO - Selected  Attribute Graph: 
                Self-Loop Weight: 1.2
                Self-Loop Percentage / Threshold: 0.7
                Self-Loop Count: 5
            
2025-06-11 13:59:20,568 - INFO - Selected  Attribute Graph: 
                Self-Loop Weight: 1.2
                Self-Loop Percentage / Threshold: 0.7
                Self-Loop Count: 3
            
2025-06-11 13:59:20,577 - INFO - Selected  Structural Graph
2025-06-11 13:59:20,588 - INFO - Selected  Structural Graph
2025-06-11 13:59:20,599 - INFO - Selected  Attribute Graph: 
                Self-Loop Weight: 1.2
                Self-Loop Percentage / Threshold: 0.7
                Self-Loop Count: 4
            
2025-06-11 13:59:20,612 - INFO - Selected  Structural Graph
2025-06-11 13:59:20,622 - INFO - Selected  Structural Graph
2025-06-11 13:59:20,638 - INFO - Selected  Attribute Graph: 
                Self-Loop Weight: 1.2
                Self-Loop Percentage / Threshold: 0.7
                Self-Loop Count: 2
            
2025-06-11 13:59:20,645 - INFO - Selected  Structural Graph
2025-06-11 13:59:20,656 - INFO - Selected  Structural Graph
2025-06-11 13:59:20,670 - INFO - Selected  Structural Graph
2025-06-11 13:59:20,680 - INFO - Selected  Attribute Graph: 
                Self-Loop Weight: 1.2
                Self-Loop Percentage / Threshold: 0.7
                Self-Loop Count: 2
            
2025-06-11 13:59:20,690 - INFO - Selected  Structural Graph
2025-06-11 13:59:20,692 - INFO - Selected  Structural Graph
2025-06-11 13:59:20,696 - INFO - Selected  Structural Graph
2025-06-11 13:59:20,701 - INFO - Selected  Structural Graph
2025-06-11 13:59:20,715 - INFO - Selected  Structural Graph
2025-06-11 13:59:20,720 - INFO - Selected  Structural Graph
2025-06-11 13:59:20,726 - INFO - Selected  Attribute Graph: 
                Self-Loop Weight: 1.2
                Self-Loop Percentage / Threshold: 0.7
                Self-Loop Count: 2
            
2025-06-11 13:59:20,735 - INFO - Selected  Structural Graph
2025-06-11 13:59:20,746 - INFO - Selected  Attribute Graph: 
                Self-Loop Weight: 1.2
                Self-Loop Percentage / Threshold: 0.7
                Self-Loop Count: 2
            
2025-06-11 13:59:20,761 - INFO - Selected  Structural Graph
2025-06-11 13:59:20,769 - INFO - Selected  Structural Graph
2025-06-11 13:59:20,780 - INFO - Selected  Structural Graph
2025-06-11 13:59:20,790 - INFO - Selected  Structural Graph
2025-06-11 13:59:20,806 - INFO - Selected  Structural Graph
2025-06-11 13:59:20,814 - INFO - Selected  Structural Graph
2025-06-11 13:59:20,836 - INFO - Selected  Structural Graph
2025-06-11 13:59:20,843 - INFO - Selected  Structural Graph
2025-06-11 13:59:20,858 - INFO - Selected  Structural Graph
2025-06-11 13:59:20,870 - INFO - Selected  Structural Graph
2025-06-11 13:59:20,881 - INFO - Selected  Structural Graph
2025-06-11 13:59:20,892 - INFO - Selected  Attribute Graph: 
                Self-Loop Weight: 1.2
                Self-Loop Percentage / Threshold: 0.7
                Self-Loop Count: 2
            
2025-06-11 13:59:20,914 - INFO - Selected  Structural Graph
2025-06-11 13:59:20,919 - INFO - Selected  Attribute Graph: 
                Self-Loop Weight: 1.2
                Self-Loop Percentage / Threshold: 0.7
                Self-Loop Count: 4
            
2025-06-11 13:59:21,069 - INFO - Selected  Attribute Graph: 
                Self-Loop Weight: 1.2
                Self-Loop Percentage / Threshold: 0.7
                Self-Loop Count: 1
            
2025-06-11 13:59:21,073 - INFO - Selected  Structural Graph
2025-06-11 13:59:21,083 - INFO - Selected  Structural Graph
2025-06-11 13:59:21,089 - INFO - Selected  Attribute Graph: 
                Self-Loop Weight: 1.2
                Self-Loop Percentage / Threshold: 0.7
                Self-Loop Count: 1
            
2025-06-11 13:59:21,104 - INFO - Selected  Attribute Graph: 
                Self-Loop Weight: 1.2
                Self-Loop Percentage / Threshold: 0.7
                Self-Loop Count: 2
            
2025-06-11 13:59:21,116 - INFO - Selected  Attribute Graph: 
                Self-Loop Weight: 1.2
                Self-Loop Percentage / Threshold: 0.7
                Self-Loop Count: 1
            
2025-06-11 13:59:21,122 - INFO - Selected  Structural Graph
2025-06-11 13:59:21,139 - INFO - Selected  Attribute Graph: 
                Self-Loop Weight: 1.2
                Self-Loop Percentage / Threshold: 0.7
                Self-Loop Count: 3
            
2025-06-11 13:59:21,160 - INFO - Selected  Attribute Graph: 
                Self-Loop Weight: 1.2
                Self-Loop Percentage / Threshold: 0.7
                Self-Loop Count: 2
            
2025-06-11 13:59:21,180 - INFO - Selected  Attribute Graph: 
                Self-Loop Weight: 1.2
                Self-Loop Percentage / Threshold: 0.7
                Self-Loop Count: 3
            
2025-06-11 13:59:21,196 - INFO - Selected  Structural Graph
2025-06-11 13:59:21,225 - INFO - Selected  Structural Graph
2025-06-11 13:59:21,231 - INFO - Selected  Structural Graph
2025-06-11 13:59:21,242 - INFO - Selected  Structural Graph
2025-06-11 13:59:21,254 - INFO - Selected  Structural Graph
2025-06-11 13:59:21,273 - INFO - Selected  Structural Graph
2025-06-11 13:59:21,295 - INFO - Selected  Attribute Graph: 
                Self-Loop Weight: 1.2
                Self-Loop Percentage / Threshold: 0.7
                Self-Loop Count: 1
            
2025-06-11 13:59:21,307 - INFO - Selected  Structural Graph
2025-06-11 13:59:21,328 - INFO - Selected  Structural Graph
2025-06-11 13:59:21,353 - INFO - Selected  Attribute Graph: 
                Self-Loop Weight: 1.2
                Self-Loop Percentage / Threshold: 0.7
                Self-Loop Count: 1
            
2025-06-11 13:59:21,365 - INFO - Selected  Structural Graph
2025-06-11 13:59:21,371 - INFO - Selected  Attribute Graph: 
                Self-Loop Weight: 1.2
                Self-Loop Percentage / Threshold: 0.7
                Self-Loop Count: 1
            
2025-06-11 13:59:21,386 - INFO - Selected  Attribute Graph: 
                Self-Loop Weight: 1.2
                Self-Loop Percentage / Threshold: 0.7
                Self-Loop Count: 7
            
2025-06-11 13:59:21,411 - INFO - Selected  Structural Graph
2025-06-11 13:59:21,431 - INFO - Selected  Structural Graph
2025-06-11 13:59:21,453 - INFO - Selected  Structural Graph
2025-06-11 13:59:21,470 - INFO - Selected  Structural Graph
2025-06-11 13:59:21,473 - INFO - Selected  Structural Graph
2025-06-11 13:59:21,496 - INFO - Selected  Structural Graph
2025-06-11 13:59:21,509 - INFO - Selected  Attribute Graph: 
                Self-Loop Weight: 1.2
                Self-Loop Percentage / Threshold: 0.7
                Self-Loop Count: 1
            
2025-06-11 13:59:21,534 - INFO - Selected  Structural Graph
2025-06-11 13:59:21,547 - INFO - Selected  Structural Graph
2025-06-11 13:59:21,555 - INFO - Selected  Structural Graph
2025-06-11 13:59:21,565 - INFO - Selected  Structural Graph
2025-06-11 13:59:21,592 - INFO - Selected  Attribute Graph: 
                Self-Loop Weight: 1.2
                Self-Loop Percentage / Threshold: 0.7
                Self-Loop Count: 3
            
2025-06-11 13:59:21,609 - INFO - Selected  Structural Graph
2025-06-11 13:59:21,623 - INFO - Selected  Structural Graph
2025-06-11 13:59:21,644 - INFO - Selected  Structural Graph
2025-06-11 13:59:21,649 - INFO - Selected  Structural Graph
2025-06-11 13:59:21,666 - INFO - Selected  Structural Graph
2025-06-11 13:59:21,699 - INFO - Selected  Structural Graph
2025-06-11 13:59:21,702 - INFO - Selected  Structural Graph
2025-06-11 13:59:21,706 - INFO - Selected  Structural Graph
2025-06-11 13:59:21,712 - INFO - Selected  Attribute Graph: 
                Self-Loop Weight: 1.2
                Self-Loop Percentage / Threshold: 0.7
                Self-Loop Count: 1
            
2025-06-11 13:59:21,734 - INFO - Selected  Structural Graph
2025-06-11 13:59:21,739 - INFO - Selected  Structural Graph
2025-06-11 13:59:21,744 - INFO - Selected  Attribute Graph: 
                Self-Loop Weight: 1.2
                Self-Loop Percentage / Threshold: 0.7
                Self-Loop Count: 6
            
2025-06-11 13:59:21,758 - INFO - Selected  Structural Graph
2025-06-11 13:59:21,761 - INFO - Selected  Structural Graph
2025-06-11 13:59:21,768 - INFO - Selected  Structural Graph
2025-06-11 13:59:21,792 - INFO - Selected  Structural Graph
2025-06-11 13:59:21,806 - INFO - Selected  Structural Graph
2025-06-11 13:59:21,814 - INFO - Selected  Structural Graph
2025-06-11 13:59:21,852 - INFO - Selected  Attribute Graph: 
                Self-Loop Weight: 1.2
                Self-Loop Percentage / Threshold: 0.7
                Self-Loop Count: 1
            
2025-06-11 13:59:21,859 - INFO - Selected  Attribute Graph: 
                Self-Loop Weight: 1.2
                Self-Loop Percentage / Threshold: 0.7
                Self-Loop Count: 1
            
2025-06-11 13:59:21,882 - INFO - Selected  Structural Graph
2025-06-11 13:59:21,892 - INFO - Selected  Attribute Graph: 
                Self-Loop Weight: 1.2
                Self-Loop Percentage / Threshold: 0.7
                Self-Loop Count: 1
            
2025-06-11 13:59:21,903 - INFO - Selected  Attribute Graph: 
                Self-Loop Weight: 1.2
                Self-Loop Percentage / Threshold: 0.7
                Self-Loop Count: 3
            
2025-06-11 13:59:21,915 - INFO - Selected  Structural Graph
2025-06-11 13:59:21,922 - INFO - Selected  Attribute Graph: 
                Self-Loop Weight: 1.2
                Self-Loop Percentage / Threshold: 0.7
                Self-Loop Count: 6
            
2025-06-11 13:59:21,947 - INFO - Selected  Attribute Graph: 
                Self-Loop Weight: 1.2
                Self-Loop Percentage / Threshold: 0.7
                Self-Loop Count: 2
            
2025-06-11 13:59:21,958 - INFO - Selected  Structural Graph
2025-06-11 13:59:21,981 - INFO - Selected  Attribute Graph: 
                Self-Loop Weight: 1.2
                Self-Loop Percentage / Threshold: 0.7
                Self-Loop Count: 2
            
2025-06-11 13:59:21,992 - INFO - Selected  Structural Graph
2025-06-11 13:59:22,002 - INFO - Selected  Structural Graph
2025-06-11 13:59:22,014 - INFO - Selected  Structural Graph
2025-06-11 13:59:22,028 - INFO - Selected  Structural Graph
2025-06-11 13:59:22,038 - INFO - Selected  Attribute Graph: 
                Self-Loop Weight: 1.2
                Self-Loop Percentage / Threshold: 0.7
                Self-Loop Count: 3
            
2025-06-11 13:59:22,049 - INFO - Selected  Attribute Graph: 
                Self-Loop Weight: 1.2
                Self-Loop Percentage / Threshold: 0.7
                Self-Loop Count: 2
            
2025-06-11 13:59:22,080 - INFO - Selected  Structural Graph
2025-06-11 13:59:22,093 - INFO - Selected  Structural Graph
2025-06-11 13:59:22,100 - INFO - Selected  Structural Graph
2025-06-11 13:59:22,107 - INFO - Selected  Attribute Graph: 
                Self-Loop Weight: 1.2
                Self-Loop Percentage / Threshold: 0.7
                Self-Loop Count: 3
            
2025-06-11 13:59:22,118 - INFO - Selected  Structural Graph
2025-06-11 13:59:22,127 - INFO - Selected  Structural Graph
2025-06-11 13:59:22,139 - INFO - Selected  Structural Graph
2025-06-11 13:59:22,151 - INFO - Selected  Attribute Graph: 
                Self-Loop Weight: 1.2
                Self-Loop Percentage / Threshold: 0.7
                Self-Loop Count: 2
            
2025-06-11 13:59:22,160 - INFO - Selected  Structural Graph
2025-06-11 13:59:22,172 - INFO - Selected  Structural Graph
2025-06-11 13:59:22,174 - INFO - Selected  Structural Graph
2025-06-11 13:59:22,184 - INFO - Selected  Structural Graph
2025-06-11 13:59:22,210 - INFO - Selected  Attribute Graph: 
                Self-Loop Weight: 1.2
                Self-Loop Percentage / Threshold: 0.7
                Self-Loop Count: 1
            
2025-06-11 13:59:22,229 - INFO - Selected  Structural Graph
2025-06-11 13:59:22,250 - INFO - Selected  Attribute Graph: 
                Self-Loop Weight: 1.2
                Self-Loop Percentage / Threshold: 0.7
                Self-Loop Count: 2
            
2025-06-11 13:59:22,325 - INFO - Selected  Attribute Graph: 
                Self-Loop Weight: 1.2
                Self-Loop Percentage / Threshold: 0.7
                Self-Loop Count: 2
            
2025-06-11 13:59:22,350 - INFO - Selected  Structural Graph
2025-06-11 13:59:22,373 - INFO - Selected  Structural Graph
2025-06-11 13:59:22,385 - INFO - Selected  Structural Graph
2025-06-11 13:59:22,396 - INFO - Selected  Structural Graph
2025-06-11 13:59:22,419 - INFO - Selected  Attribute Graph: 
                Self-Loop Weight: 1.2
                Self-Loop Percentage / Threshold: 0.7
                Self-Loop Count: 1
            
2025-06-11 13:59:22,442 - INFO - Selected  Structural Graph
2025-06-11 13:59:22,458 - INFO - Selected  Structural Graph
2025-06-11 13:59:22,475 - INFO - Selected  Structural Graph
2025-06-11 13:59:22,555 - INFO - Selected  Attribute Graph: 
                Self-Loop Weight: 1.2
                Self-Loop Percentage / Threshold: 0.7
                Self-Loop Count: 2
            
2025-06-11 13:59:22,576 - INFO - Selected  Structural Graph
2025-06-11 13:59:22,589 - INFO - Selected  Structural Graph
2025-06-11 13:59:22,611 - INFO - Selected  Structural Graph
2025-06-11 13:59:22,769 - INFO - Selected  Structural Graph
2025-06-11 13:59:22,778 - INFO - Selected  Structural Graph
2025-06-11 13:59:22,794 - INFO - Selected  Attribute Graph: 
                Self-Loop Weight: 1.2
                Self-Loop Percentage / Threshold: 0.7
                Self-Loop Count: 2
            
2025-06-11 13:59:22,831 - INFO - Selected  Structural Graph
2025-06-11 13:59:22,848 - INFO - Selected  Structural Graph
2025-06-11 13:59:22,890 - INFO - Selected  Structural Graph
2025-06-11 13:59:22,945 - INFO - Selected  Structural Graph
2025-06-11 13:59:24,202 - INFO - Selected  Structural Graph
2025-06-11 13:59:24,212 - INFO - Selected  Structural Graph
2025-06-11 13:59:24,269 - INFO - Selected  Structural Graph
2025-06-11 13:59:24,276 - INFO - Selected  Structural Graph
2025-06-11 13:59:24,317 - INFO - Selected  Structural Graph
2025-06-11 13:59:24,326 - INFO - Selected  Structural Graph
2025-06-11 13:59:24,334 - INFO - Selected  Structural Graph
2025-06-11 13:59:24,340 - INFO - Selected  Structural Graph
2025-06-11 13:59:24,371 - INFO - Selected  Structural Graph
2025-06-11 13:59:24,377 - INFO - Selected  Attribute Graph: 
                Self-Loop Weight: 1.2
                Self-Loop Percentage / Threshold: 0.7
                Self-Loop Count: 2
            
2025-06-11 13:59:24,382 - INFO - Selected  Structural Graph
2025-06-11 13:59:24,386 - INFO - Selected  Attribute Graph: 
                Self-Loop Weight: 1.2
                Self-Loop Percentage / Threshold: 0.7
                Self-Loop Count: 4
            
2025-06-11 13:59:24,418 - INFO - Selected  Structural Graph
2025-06-11 13:59:24,470 - INFO - Selected  Attribute Graph: 
                Self-Loop Weight: 1.2
                Self-Loop Percentage / Threshold: 0.7
                Self-Loop Count: 5
            
2025-06-11 13:59:24,659 - INFO - Selected  Attribute Graph: 
                Self-Loop Weight: 1.2
                Self-Loop Percentage / Threshold: 0.7
                Self-Loop Count: 2
            
2025-06-11 13:59:24,735 - INFO - Selected  Structural Graph
2025-06-11 13:59:24,740 - INFO - Selected  Attribute Graph: 
                Self-Loop Weight: 1.2
                Self-Loop Percentage / Threshold: 0.7
                Self-Loop Count: 2
            
2025-06-11 13:59:24,789 - INFO - Selected  Structural Graph
2025-06-11 13:59:24,830 - INFO - Selected  Attribute Graph: 
                Self-Loop Weight: 1.2
                Self-Loop Percentage / Threshold: 0.7
                Self-Loop Count: 1
            
2025-06-11 13:59:24,837 - INFO - Selected  Attribute Graph: 
                Self-Loop Weight: 1.2
                Self-Loop Percentage / Threshold: 0.7
                Self-Loop Count: 4
            
2025-06-11 13:59:24,896 - INFO - Selected  Structural Graph
2025-06-11 13:59:24,939 - INFO - Selected  Attribute Graph: 
                Self-Loop Weight: 1.2
                Self-Loop Percentage / Threshold: 0.7
                Self-Loop Count: 1
            
2025-06-11 13:59:24,975 - INFO - Selected  Attribute Graph: 
                Self-Loop Weight: 1.2
                Self-Loop Percentage / Threshold: 0.7
                Self-Loop Count: 1
            
2025-06-11 13:59:24,997 - INFO - Selected  Structural Graph
2025-06-11 13:59:25,004 - INFO - Selected  Structural Graph
2025-06-11 13:59:25,051 - INFO - Selected  Structural Graph
2025-06-11 13:59:25,056 - INFO - Selected  Attribute Graph: 
                Self-Loop Weight: 1.2
                Self-Loop Percentage / Threshold: 0.7
                Self-Loop Count: 3
            
2025-06-11 13:59:25,120 - INFO - Selected  Structural Graph
2025-06-11 13:59:25,173 - INFO - Selected  Structural Graph
2025-06-11 13:59:25,181 - INFO - Selected  Structural Graph
2025-06-11 13:59:25,187 - INFO - Selected  Attribute Graph: 
                Self-Loop Weight: 1.2
                Self-Loop Percentage / Threshold: 0.7
                Self-Loop Count: 2
            
2025-06-11 13:59:25,198 - INFO - Selected  Structural Graph
2025-06-11 13:59:25,287 - INFO - Selected  Structural Graph
2025-06-11 13:59:25,309 - INFO - Selected  Attribute Graph: 
                Self-Loop Weight: 1.2
                Self-Loop Percentage / Threshold: 0.7
                Self-Loop Count: 1
            
2025-06-11 13:59:25,331 - INFO - Selected  Structural Graph
2025-06-11 13:59:25,336 - INFO - Selected  Attribute Graph: 
                Self-Loop Weight: 1.2
                Self-Loop Percentage / Threshold: 0.7
                Self-Loop Count: 4
            
2025-06-11 13:59:25,342 - INFO - Selected  Structural Graph
2025-06-11 13:59:25,347 - INFO - Selected  Structural Graph
2025-06-11 13:59:25,392 - INFO - Selected  Structural Graph
2025-06-11 13:59:25,437 - INFO - Selected  Structural Graph
2025-06-11 13:59:25,482 - INFO - Selected  Attribute Graph: 
                Self-Loop Weight: 1.2
                Self-Loop Percentage / Threshold: 0.7
                Self-Loop Count: 2
            
2025-06-11 13:59:25,531 - INFO - Selected  Structural Graph
2025-06-11 13:59:25,544 - INFO - Selected  Structural Graph
2025-06-11 13:59:25,548 - INFO - Selected  Attribute Graph: 
                Self-Loop Weight: 1.2
                Self-Loop Percentage / Threshold: 0.7
                Self-Loop Count: 2
            
2025-06-11 13:59:25,556 - INFO - Selected  Structural Graph
2025-06-11 13:59:25,594 - INFO - Selected  Structural Graph
2025-06-11 13:59:25,651 - INFO - Selected  Structural Graph
2025-06-11 13:59:25,656 - INFO - Selected  Attribute Graph: 
                Self-Loop Weight: 1.2
                Self-Loop Percentage / Threshold: 0.7
                Self-Loop Count: 1
            
2025-06-11 13:59:25,696 - INFO - Selected  Attribute Graph: 
                Self-Loop Weight: 1.2
                Self-Loop Percentage / Threshold: 0.7
                Self-Loop Count: 2
            
2025-06-11 13:59:25,713 - INFO - Selected  Structural Graph
2025-06-11 13:59:25,718 - INFO - Selected  Structural Graph
2025-06-11 13:59:25,763 - INFO - Selected  Structural Graph
2025-06-11 13:59:25,806 - INFO - Selected  Structural Graph
2025-06-11 13:59:25,898 - INFO - Selected  Structural Graph
2025-06-11 13:59:25,913 - INFO - Selected  Structural Graph
2025-06-11 13:59:25,923 - INFO - Selected  Structural Graph
2025-06-11 13:59:25,934 - INFO - Selected  Structural Graph
2025-06-11 13:59:25,937 - INFO - Selected  Attribute Graph: 
                Self-Loop Weight: 1.2
                Self-Loop Percentage / Threshold: 0.7
                Self-Loop Count: 3
            
2025-06-11 13:59:25,941 - INFO - Selected  Attribute Graph: 
                Self-Loop Weight: 1.2
                Self-Loop Percentage / Threshold: 0.7
                Self-Loop Count: 5
            
2025-06-11 13:59:25,992 - INFO - Selected  Structural Graph
2025-06-11 13:59:26,004 - INFO - Selected  Attribute Graph: 
                Self-Loop Weight: 1.2
                Self-Loop Percentage / Threshold: 0.7
                Self-Loop Count: 3
            
2025-06-11 13:59:26,053 - INFO - Selected  Structural Graph
2025-06-11 13:59:26,071 - INFO - Selected  Structural Graph
2025-06-11 13:59:26,077 - INFO - Selected  Structural Graph
2025-06-11 13:59:26,103 - INFO - Selected  Structural Graph
2025-06-11 13:59:26,114 - INFO - Selected  Attribute Graph: 
                Self-Loop Weight: 1.2
                Self-Loop Percentage / Threshold: 0.7
                Self-Loop Count: 2
            
2025-06-11 13:59:26,128 - INFO - Selected  Attribute Graph: 
                Self-Loop Weight: 1.2
                Self-Loop Percentage / Threshold: 0.7
                Self-Loop Count: 4
            
2025-06-11 13:59:26,183 - INFO - Selected  Structural Graph
2025-06-11 13:59:26,220 - INFO - Selected  Structural Graph
2025-06-11 13:59:26,225 - INFO - Selected  Attribute Graph: 
                Self-Loop Weight: 1.2
                Self-Loop Percentage / Threshold: 0.7
                Self-Loop Count: 1
            
2025-06-11 13:59:26,283 - INFO - Selected  Attribute Graph: 
                Self-Loop Weight: 1.2
                Self-Loop Percentage / Threshold: 0.7
                Self-Loop Count: 2
            
2025-06-11 13:59:26,294 - INFO - Selected  Structural Graph
2025-06-11 13:59:26,302 - INFO - Selected  Attribute Graph: 
                Self-Loop Weight: 1.2
                Self-Loop Percentage / Threshold: 0.7
                Self-Loop Count: 3
            
2025-06-11 13:59:26,318 - INFO - Selected  Attribute Graph: 
                Self-Loop Weight: 1.2
                Self-Loop Percentage / Threshold: 0.7
                Self-Loop Count: 2
            
2025-06-11 13:59:26,329 - INFO - Selected  Structural Graph
2025-06-11 13:59:26,351 - INFO - Selected  Structural Graph
2025-06-11 13:59:26,363 - INFO - Selected  Structural Graph
2025-06-11 13:59:26,373 - INFO - Selected  Structural Graph
2025-06-11 13:59:26,410 - INFO - Selected  Structural Graph
2025-06-11 13:59:26,430 - INFO - Selected  Structural Graph
2025-06-11 13:59:26,435 - INFO - Selected  Structural Graph
2025-06-11 13:59:26,442 - INFO - Selected  Structural Graph
2025-06-11 13:59:26,484 - INFO - Selected  Structural Graph
2025-06-11 13:59:26,487 - INFO - Selected  Structural Graph
2025-06-11 13:59:26,518 - INFO - Selected  Structural Graph
2025-06-11 13:59:26,532 - INFO - Selected  Attribute Graph: 
                Self-Loop Weight: 1.2
                Self-Loop Percentage / Threshold: 0.7
                Self-Loop Count: 5
            
2025-06-11 13:59:26,566 - INFO - Selected  Structural Graph
2025-06-11 13:59:26,589 - INFO - Selected  Attribute Graph: 
                Self-Loop Weight: 1.2
                Self-Loop Percentage / Threshold: 0.7
                Self-Loop Count: 2
            
2025-06-11 13:59:26,597 - INFO - Selected  Structural Graph
2025-06-11 13:59:26,600 - INFO - Selected  Structural Graph
2025-06-11 13:59:26,607 - INFO - Selected  Attribute Graph: 
                Self-Loop Weight: 1.2
                Self-Loop Percentage / Threshold: 0.7
                Self-Loop Count: 1
            
2025-06-11 13:59:26,624 - INFO - Selected  Attribute Graph: 
                Self-Loop Weight: 1.2
                Self-Loop Percentage / Threshold: 0.7
                Self-Loop Count: 3
            
2025-06-11 13:59:26,633 - INFO - Selected  Structural Graph
2025-06-11 13:59:26,642 - INFO - Selected  Structural Graph
2025-06-11 13:59:26,678 - INFO - Selected  Structural Graph
2025-06-11 13:59:26,739 - INFO - Selected  Structural Graph
2025-06-11 13:59:26,746 - INFO - Selected  Structural Graph
2025-06-11 13:59:26,752 - INFO - Selected  Structural Graph
2025-06-11 13:59:26,776 - INFO - Selected  Attribute Graph: 
                Self-Loop Weight: 1.2
                Self-Loop Percentage / Threshold: 0.7
                Self-Loop Count: 2
            
2025-06-11 13:59:26,788 - INFO - Selected  Structural Graph
2025-06-11 13:59:26,801 - INFO - Selected  Structural Graph
2025-06-11 13:59:26,804 - INFO - Selected  Attribute Graph: 
                Self-Loop Weight: 1.2
                Self-Loop Percentage / Threshold: 0.7
                Self-Loop Count: 1
            
2025-06-11 13:59:26,840 - INFO - Selected  Attribute Graph: 
                Self-Loop Weight: 1.2
                Self-Loop Percentage / Threshold: 0.7
                Self-Loop Count: 5
            
2025-06-11 13:59:26,860 - INFO - Selected  Structural Graph
2025-06-11 13:59:26,999 - INFO - Selected  Structural Graph
2025-06-11 13:59:27,002 - INFO - Selected  Structural Graph
2025-06-11 13:59:27,010 - INFO - Selected  Structural Graph
2025-06-11 13:59:27,050 - INFO - Selected  Structural Graph
2025-06-11 13:59:27,069 - INFO - Selected  Structural Graph
2025-06-11 13:59:27,080 - INFO - Selected  Structural Graph
2025-06-11 13:59:27,086 - INFO - Selected  Attribute Graph: 
                Self-Loop Weight: 1.2
                Self-Loop Percentage / Threshold: 0.7
                Self-Loop Count: 4
            
2025-06-11 13:59:27,144 - INFO - Selected  Structural Graph
2025-06-11 13:59:27,165 - INFO - Selected  Structural Graph
2025-06-11 13:59:27,183 - INFO - Selected  Structural Graph
2025-06-11 13:59:27,195 - INFO - Selected  Structural Graph
2025-06-11 13:59:27,215 - INFO - Selected  Structural Graph
2025-06-11 13:59:27,224 - INFO - Selected  Structural Graph
2025-06-11 13:59:27,234 - INFO - Selected  Attribute Graph: 
                Self-Loop Weight: 1.2
                Self-Loop Percentage / Threshold: 0.7
                Self-Loop Count: 3
            
2025-06-11 13:59:27,287 - INFO - Selected  Structural Graph
2025-06-11 13:59:27,301 - INFO - Selected  Attribute Graph: 
                Self-Loop Weight: 1.2
                Self-Loop Percentage / Threshold: 0.7
                Self-Loop Count: 3
            
2025-06-11 13:59:27,345 - INFO - Selected  Structural Graph
2025-06-11 13:59:27,369 - INFO - Selected  Structural Graph
2025-06-11 13:59:27,373 - INFO - Selected  Structural Graph
2025-06-11 13:59:27,381 - INFO - Selected  Structural Graph
2025-06-11 13:59:27,389 - INFO - Selected  Structural Graph
2025-06-11 13:59:27,402 - INFO - Selected  Attribute Graph: 
                Self-Loop Weight: 1.2
                Self-Loop Percentage / Threshold: 0.7
                Self-Loop Count: 1
            
2025-06-11 13:59:27,415 - INFO - Selected  Structural Graph
2025-06-11 13:59:27,420 - INFO - Selected  Attribute Graph: 
                Self-Loop Weight: 1.2
                Self-Loop Percentage / Threshold: 0.7
                Self-Loop Count: 1
            
2025-06-11 13:59:27,497 - INFO - Selected  Structural Graph
2025-06-11 13:59:27,525 - INFO - Selected  Attribute Graph: 
                Self-Loop Weight: 1.2
                Self-Loop Percentage / Threshold: 0.7
                Self-Loop Count: 1
            
2025-06-11 13:59:27,529 - INFO - Selected  Attribute Graph: 
                Self-Loop Weight: 1.2
                Self-Loop Percentage / Threshold: 0.7
                Self-Loop Count: 9
            
2025-06-11 13:59:27,539 - INFO - Selected  Attribute Graph: 
                Self-Loop Weight: 1.2
                Self-Loop Percentage / Threshold: 0.7
                Self-Loop Count: 2
            
2025-06-11 13:59:27,544 - INFO - Selected  Attribute Graph: 
                Self-Loop Weight: 1.2
                Self-Loop Percentage / Threshold: 0.7
                Self-Loop Count: 2
            
2025-06-11 13:59:27,560 - INFO - Selected  Structural Graph
2025-06-11 13:59:27,567 - INFO - Selected  Attribute Graph: 
                Self-Loop Weight: 1.2
                Self-Loop Percentage / Threshold: 0.7
                Self-Loop Count: 2
            
2025-06-11 13:59:27,596 - INFO - Selected  Attribute Graph: 
                Self-Loop Weight: 1.2
                Self-Loop Percentage / Threshold: 0.7
                Self-Loop Count: 4
            
2025-06-11 13:59:27,642 - INFO - Selected  Attribute Graph: 
                Self-Loop Weight: 1.2
                Self-Loop Percentage / Threshold: 0.7
                Self-Loop Count: 2
            
2025-06-11 13:59:27,646 - INFO - Selected  Structural Graph
2025-06-11 13:59:27,661 - INFO - Selected  Attribute Graph: 
                Self-Loop Weight: 1.2
                Self-Loop Percentage / Threshold: 0.7
                Self-Loop Count: 3
            
2025-06-11 13:59:27,670 - INFO - Selected  Structural Graph
2025-06-11 13:59:27,675 - INFO - Selected  Structural Graph
2025-06-11 13:59:27,678 - INFO - Selected  Attribute Graph: 
                Self-Loop Weight: 1.2
                Self-Loop Percentage / Threshold: 0.7
                Self-Loop Count: 3
            
2025-06-11 13:59:27,715 - INFO - Selected  Structural Graph
2025-06-11 13:59:27,718 - INFO - Selected  Structural Graph
2025-06-11 13:59:27,740 - INFO - Selected  Structural Graph
2025-06-11 13:59:27,775 - INFO - Selected  Structural Graph
2025-06-11 13:59:27,797 - INFO - Selected  Structural Graph
2025-06-11 13:59:27,801 - INFO - Selected  Structural Graph
2025-06-11 13:59:27,805 - INFO - Selected  Structural Graph
2025-06-11 13:59:27,820 - INFO - Selected  Structural Graph
2025-06-11 13:59:27,826 - INFO - Selected  Structural Graph
2025-06-11 13:59:27,840 - INFO - Selected  Structural Graph
2025-06-11 13:59:27,898 - INFO - Selected  Attribute Graph: 
                Self-Loop Weight: 1.2
                Self-Loop Percentage / Threshold: 0.7
                Self-Loop Count: 2
            
2025-06-11 13:59:27,904 - INFO - Selected  Structural Graph
2025-06-11 13:59:27,922 - INFO - Selected  Attribute Graph: 
                Self-Loop Weight: 1.2
                Self-Loop Percentage / Threshold: 0.7
                Self-Loop Count: 3
            
2025-06-11 13:59:27,931 - INFO - Selected  Structural Graph
2025-06-11 13:59:27,934 - INFO - Selected  Attribute Graph: 
                Self-Loop Weight: 1.2
                Self-Loop Percentage / Threshold: 0.7
                Self-Loop Count: 1
            
2025-06-11 13:59:27,942 - INFO - Selected  Attribute Graph: 
                Self-Loop Weight: 1.2
                Self-Loop Percentage / Threshold: 0.7
                Self-Loop Count: 1
            
2025-06-11 13:59:27,955 - INFO - Selected  Structural Graph
2025-06-11 13:59:27,966 - INFO - Selected  Structural Graph
2025-06-11 13:59:27,975 - INFO - Selected  Structural Graph
2025-06-11 13:59:28,012 - INFO - Selected  Structural Graph
2025-06-11 13:59:28,059 - INFO - Selected  Attribute Graph: 
                Self-Loop Weight: 1.2
                Self-Loop Percentage / Threshold: 0.7
                Self-Loop Count: 2
            
2025-06-11 13:59:28,076 - INFO - Selected  Structural Graph
2025-06-11 13:59:28,083 - INFO - Selected  Attribute Graph: 
                Self-Loop Weight: 1.2
                Self-Loop Percentage / Threshold: 0.7
                Self-Loop Count: 3
            
2025-06-11 13:59:28,099 - INFO - Selected  Attribute Graph: 
                Self-Loop Weight: 1.2
                Self-Loop Percentage / Threshold: 0.7
                Self-Loop Count: 1
            
2025-06-11 13:59:28,106 - INFO - Selected  Attribute Graph: 
                Self-Loop Weight: 1.2
                Self-Loop Percentage / Threshold: 0.7
                Self-Loop Count: 3
            
2025-06-11 13:59:28,121 - INFO - Selected  Structural Graph
2025-06-11 13:59:28,133 - INFO - Selected  Structural Graph
2025-06-11 13:59:28,136 - INFO - Selected  Attribute Graph: 
                Self-Loop Weight: 1.2
                Self-Loop Percentage / Threshold: 0.7
                Self-Loop Count: 3
            
2025-06-11 13:59:28,143 - INFO - Selected  Structural Graph
2025-06-11 13:59:28,147 - INFO - Selected  Attribute Graph: 
                Self-Loop Weight: 1.2
                Self-Loop Percentage / Threshold: 0.7
                Self-Loop Count: 4
            
2025-06-11 13:59:28,179 - INFO - Selected  Structural Graph
2025-06-11 13:59:28,243 - INFO - Selected  Structural Graph
2025-06-11 13:59:28,254 - INFO - Selected  Structural Graph
2025-06-11 13:59:28,277 - INFO - Selected  Structural Graph
2025-06-11 13:59:28,288 - INFO - Selected  Structural Graph
2025-06-11 13:59:28,303 - INFO - Selected  Structural Graph
2025-06-11 13:59:28,314 - INFO - Selected  Attribute Graph: 
                Self-Loop Weight: 1.2
                Self-Loop Percentage / Threshold: 0.7
                Self-Loop Count: 4
            
2025-06-11 13:59:28,346 - INFO - Selected  Attribute Graph: 
                Self-Loop Weight: 1.2
                Self-Loop Percentage / Threshold: 0.7
                Self-Loop Count: 2
            
2025-06-11 13:59:28,365 - INFO - Selected  Structural Graph
2025-06-11 13:59:28,387 - INFO - Selected  Structural Graph
2025-06-11 13:59:28,404 - INFO - Selected  Structural Graph
2025-06-11 13:59:28,442 - INFO - Selected  Structural Graph
2025-06-11 13:59:28,466 - INFO - Selected  Structural Graph
2025-06-11 13:59:28,477 - INFO - Selected  Structural Graph
2025-06-11 13:59:28,492 - INFO - Selected  Attribute Graph: 
                Self-Loop Weight: 1.2
                Self-Loop Percentage / Threshold: 0.7
                Self-Loop Count: 4
            
2025-06-11 13:59:28,545 - INFO - Selected  Structural Graph
2025-06-11 13:59:28,553 - INFO - Selected  Attribute Graph: 
                Self-Loop Weight: 1.2
                Self-Loop Percentage / Threshold: 0.7
                Self-Loop Count: 1
            
2025-06-11 13:59:28,580 - INFO - Selected  Structural Graph
2025-06-11 13:59:28,592 - INFO - Selected  Structural Graph
2025-06-11 13:59:28,603 - INFO - Selected  Structural Graph
2025-06-11 13:59:28,614 - INFO - Selected  Structural Graph
2025-06-11 13:59:28,626 - INFO - Selected  Structural Graph
2025-06-11 13:59:28,677 - INFO - Selected  Structural Graph
2025-06-11 13:59:28,680 - INFO - Selected  Structural Graph
2025-06-11 13:59:28,714 - INFO - Selected  Structural Graph
2025-06-11 13:59:28,736 - INFO - Selected  Attribute Graph: 
                Self-Loop Weight: 1.2
                Self-Loop Percentage / Threshold: 0.7
                Self-Loop Count: 1
            
2025-06-11 13:59:28,757 - INFO - Selected  Structural Graph
2025-06-11 13:59:28,761 - INFO - Selected  Structural Graph
2025-06-11 13:59:28,768 - INFO - Selected  Structural Graph
2025-06-11 13:59:28,788 - INFO - Selected  Attribute Graph: 
                Self-Loop Weight: 1.2
                Self-Loop Percentage / Threshold: 0.7
                Self-Loop Count: 1
            
2025-06-11 13:59:28,804 - INFO - Selected  Structural Graph
2025-06-11 13:59:28,811 - INFO - Selected  Structural Graph
2025-06-11 13:59:28,855 - INFO - Selected  Attribute Graph: 
                Self-Loop Weight: 1.2
                Self-Loop Percentage / Threshold: 0.7
                Self-Loop Count: 2
            
2025-06-11 13:59:29,045 - INFO - Selected  Attribute Graph: 
                Self-Loop Weight: 1.2
                Self-Loop Percentage / Threshold: 0.7
                Self-Loop Count: 1
            
2025-06-11 13:59:29,049 - INFO - Selected  Attribute Graph: 
                Self-Loop Weight: 1.2
                Self-Loop Percentage / Threshold: 0.7
                Self-Loop Count: 1
            
2025-06-11 13:59:29,061 - INFO - Selected  Attribute Graph: 
                Self-Loop Weight: 1.2
                Self-Loop Percentage / Threshold: 0.7
                Self-Loop Count: 1
            
2025-06-11 13:59:29,072 - INFO - Selected  Structural Graph
2025-06-11 13:59:29,084 - INFO - Selected  Structural Graph
2025-06-11 13:59:29,091 - INFO - Selected  Structural Graph
2025-06-11 13:59:29,114 - INFO - Selected  Structural Graph
2025-06-11 13:59:29,140 - INFO - Selected  Structural Graph
2025-06-11 13:59:29,177 - INFO - Selected  Structural Graph
2025-06-11 13:59:29,226 - INFO - Selected  Structural Graph
2025-06-11 13:59:29,241 - INFO - Selected  Structural Graph
2025-06-11 13:59:29,245 - INFO - Selected  Structural Graph
2025-06-11 13:59:29,249 - INFO - Selected  Structural Graph
2025-06-11 13:59:29,273 - INFO - Selected  Attribute Graph: 
                Self-Loop Weight: 1.2
                Self-Loop Percentage / Threshold: 0.7
                Self-Loop Count: 1
            
2025-06-11 13:59:29,295 - INFO - Selected  Attribute Graph: 
                Self-Loop Weight: 1.2
                Self-Loop Percentage / Threshold: 0.7
                Self-Loop Count: 2
            
2025-06-11 13:59:29,312 - INFO - Selected  Attribute Graph: 
                Self-Loop Weight: 1.2
                Self-Loop Percentage / Threshold: 0.7
                Self-Loop Count: 3
            
2025-06-11 13:59:29,329 - INFO - Selected  Attribute Graph: 
                Self-Loop Weight: 1.2
                Self-Loop Percentage / Threshold: 0.7
                Self-Loop Count: 2
            
2025-06-11 13:59:29,371 - INFO - Selected  Attribute Graph: 
                Self-Loop Weight: 1.2
                Self-Loop Percentage / Threshold: 0.7
                Self-Loop Count: 1
            
2025-06-11 13:59:29,375 - INFO - Selected  Structural Graph
2025-06-11 13:59:29,380 - INFO - Selected  Attribute Graph: 
                Self-Loop Weight: 1.2
                Self-Loop Percentage / Threshold: 0.7
                Self-Loop Count: 3
            
2025-06-11 13:59:29,425 - INFO - Selected  Attribute Graph: 
                Self-Loop Weight: 1.2
                Self-Loop Percentage / Threshold: 0.7
                Self-Loop Count: 2
            
2025-06-11 13:59:29,429 - INFO - Selected  Structural Graph
2025-06-11 13:59:29,443 - INFO - Selected  Structural Graph
2025-06-11 13:59:29,454 - INFO - Selected  Attribute Graph: 
                Self-Loop Weight: 1.2
                Self-Loop Percentage / Threshold: 0.7
                Self-Loop Count: 3
            
2025-06-11 13:59:29,458 - INFO - Selected  Structural Graph
2025-06-11 13:59:29,493 - INFO - Selected  Structural Graph
2025-06-11 13:59:29,497 - INFO - Selected  Structural Graph
2025-06-11 13:59:29,521 - INFO - Selected  Attribute Graph: 
                Self-Loop Weight: 1.2
                Self-Loop Percentage / Threshold: 0.7
                Self-Loop Count: 3
            
2025-06-11 13:59:29,560 - INFO - Selected  Structural Graph
2025-06-11 13:59:29,578 - INFO - Selected  Structural Graph
2025-06-11 13:59:29,588 - INFO - Selected  Structural Graph
2025-06-11 13:59:29,599 - INFO - Selected  Structural Graph
2025-06-11 13:59:29,611 - INFO - Selected  Structural Graph
2025-06-11 13:59:29,667 - INFO - Selected  Structural Graph
2025-06-11 13:59:29,746 - INFO - Selected  Structural Graph
2025-06-11 13:59:29,766 - INFO - Selected  Structural Graph
2025-06-11 13:59:29,778 - INFO - Selected  Structural Graph
2025-06-11 13:59:29,789 - INFO - Selected  Structural Graph
2025-06-11 13:59:29,795 - INFO - Selected  Structural Graph
2025-06-11 13:59:29,807 - INFO - Selected  Structural Graph
2025-06-11 13:59:29,812 - INFO - Selected  Structural Graph
2025-06-11 13:59:29,821 - INFO - Selected  Structural Graph
2025-06-11 13:59:29,847 - INFO - Selected  Structural Graph
2025-06-11 13:59:29,936 - INFO - Selected  Structural Graph
2025-06-11 13:59:29,959 - INFO - Selected  Structural Graph
2025-06-11 13:59:29,969 - INFO - Selected  Structural Graph
2025-06-11 13:59:29,992 - INFO - Selected  Structural Graph
2025-06-11 13:59:30,016 - INFO - Selected  Structural Graph
2025-06-11 13:59:30,036 - INFO - Selected  Structural Graph
2025-06-11 13:59:30,045 - INFO - Selected  Structural Graph
2025-06-11 13:59:30,069 - INFO - Selected  Structural Graph
2025-06-11 13:59:30,110 - INFO - Selected  Structural Graph
2025-06-11 13:59:30,128 - INFO - Selected  Structural Graph
2025-06-11 13:59:30,140 - INFO - Selected  Structural Graph
2025-06-11 13:59:30,149 - INFO - Selected  Structural Graph
2025-06-11 13:59:30,158 - INFO - Selected  Attribute Graph: 
                Self-Loop Weight: 1.2
                Self-Loop Percentage / Threshold: 0.7
                Self-Loop Count: 11
            
2025-06-11 13:59:30,205 - INFO - Selected  Attribute Graph: 
                Self-Loop Weight: 1.2
                Self-Loop Percentage / Threshold: 0.7
                Self-Loop Count: 2
            
2025-06-11 13:59:30,228 - INFO - Selected  Attribute Graph: 
                Self-Loop Weight: 1.2
                Self-Loop Percentage / Threshold: 0.7
                Self-Loop Count: 3
            
2025-06-11 13:59:30,239 - INFO - Selected  Structural Graph
2025-06-11 13:59:30,249 - INFO - Selected  Attribute Graph: 
                Self-Loop Weight: 1.2
                Self-Loop Percentage / Threshold: 0.7
                Self-Loop Count: 3
            
2025-06-11 13:59:30,272 - INFO - Selected  Attribute Graph: 
                Self-Loop Weight: 1.2
                Self-Loop Percentage / Threshold: 0.7
                Self-Loop Count: 1
            
2025-06-11 13:59:30,309 - INFO - Selected  Attribute Graph: 
                Self-Loop Weight: 1.2
                Self-Loop Percentage / Threshold: 0.7
                Self-Loop Count: 3
            
2025-06-11 13:59:30,339 - INFO - Selected  Attribute Graph: 
                Self-Loop Weight: 1.2
                Self-Loop Percentage / Threshold: 0.7
                Self-Loop Count: 1
            
2025-06-11 13:59:30,350 - INFO - Selected  Structural Graph
2025-06-11 13:59:30,393 - INFO - Selected  Attribute Graph: 
                Self-Loop Weight: 1.2
                Self-Loop Percentage / Threshold: 0.7
                Self-Loop Count: 1
            
2025-06-11 13:59:30,397 - INFO - Selected  Structural Graph
2025-06-11 13:59:30,403 - INFO - Selected  Attribute Graph: 
                Self-Loop Weight: 1.2
                Self-Loop Percentage / Threshold: 0.7
                Self-Loop Count: 4
            
2025-06-11 13:59:30,419 - INFO - Selected  Attribute Graph: 
                Self-Loop Weight: 1.2
                Self-Loop Percentage / Threshold: 0.7
                Self-Loop Count: 5
            
2025-06-11 13:59:30,429 - INFO - Selected  Structural Graph
2025-06-11 13:59:30,440 - INFO - Selected  Structural Graph
2025-06-11 13:59:30,477 - INFO - Selected  Attribute Graph: 
                Self-Loop Weight: 1.2
                Self-Loop Percentage / Threshold: 0.7
                Self-Loop Count: 1
            
2025-06-11 13:59:30,498 - INFO - Selected  Attribute Graph: 
                Self-Loop Weight: 1.2
                Self-Loop Percentage / Threshold: 0.7
                Self-Loop Count: 1
            
2025-06-11 13:59:30,508 - INFO - Selected  Structural Graph
2025-06-11 13:59:30,519 - INFO - Selected  Structural Graph
2025-06-11 13:59:30,532 - INFO - Selected  Structural Graph
2025-06-11 13:59:30,581 - INFO - Selected  Structural Graph
2025-06-11 13:59:30,599 - INFO - Selected  Structural Graph
2025-06-11 13:59:30,607 - INFO - Selected  Attribute Graph: 
                Self-Loop Weight: 1.2
                Self-Loop Percentage / Threshold: 0.7
                Self-Loop Count: 1
            
2025-06-11 13:59:30,618 - INFO - Selected  Attribute Graph: 
                Self-Loop Weight: 1.2
                Self-Loop Percentage / Threshold: 0.7
                Self-Loop Count: 3
            
2025-06-11 13:59:30,653 - INFO - Selected  Structural Graph
2025-06-11 13:59:30,674 - INFO - Selected  Attribute Graph: 
                Self-Loop Weight: 1.2
                Self-Loop Percentage / Threshold: 0.7
                Self-Loop Count: 2
            
2025-06-11 13:59:30,685 - INFO - Selected  Structural Graph
2025-06-11 13:59:30,692 - INFO - Selected  Attribute Graph: 
                Self-Loop Weight: 1.2
                Self-Loop Percentage / Threshold: 0.7
                Self-Loop Count: 6
            
2025-06-11 13:59:30,707 - INFO - Selected  Attribute Graph: 
                Self-Loop Weight: 1.2
                Self-Loop Percentage / Threshold: 0.7
                Self-Loop Count: 2
            
2025-06-11 13:59:30,732 - INFO - Selected  Attribute Graph: 
                Self-Loop Weight: 1.2
                Self-Loop Percentage / Threshold: 0.7
                Self-Loop Count: 4
            
2025-06-11 13:59:30,780 - INFO - Selected  Attribute Graph: 
                Self-Loop Weight: 1.2
                Self-Loop Percentage / Threshold: 0.7
                Self-Loop Count: 4
            
2025-06-11 13:59:30,800 - INFO - Selected  Structural Graph
2025-06-11 13:59:30,811 - INFO - Selected  Structural Graph
2025-06-11 13:59:30,822 - INFO - Selected  Structural Graph
2025-06-11 13:59:30,864 - INFO - Selected  Structural Graph
2025-06-11 13:59:30,867 - INFO - Selected  Attribute Graph: 
                Self-Loop Weight: 1.2
                Self-Loop Percentage / Threshold: 0.7
                Self-Loop Count: 2
            
2025-06-11 13:59:30,881 - INFO - Selected  Structural Graph
2025-06-11 13:59:30,890 - INFO - Selected  Attribute Graph: 
                Self-Loop Weight: 1.2
                Self-Loop Percentage / Threshold: 0.7
                Self-Loop Count: 2
            
2025-06-11 13:59:30,901 - INFO - Selected  Attribute Graph: 
                Self-Loop Weight: 1.2
                Self-Loop Percentage / Threshold: 0.7
                Self-Loop Count: 3
            
2025-06-11 13:59:30,915 - INFO - Selected  Attribute Graph: 
                Self-Loop Weight: 1.2
                Self-Loop Percentage / Threshold: 0.7
                Self-Loop Count: 4
            
2025-06-11 13:59:30,925 - INFO - Selected  Structural Graph
2025-06-11 13:59:31,100 - INFO - Selected  Attribute Graph: 
                Self-Loop Weight: 1.2
                Self-Loop Percentage / Threshold: 0.7
                Self-Loop Count: 1
            
2025-06-11 13:59:31,112 - INFO - Selected  Attribute Graph: 
                Self-Loop Weight: 1.2
                Self-Loop Percentage / Threshold: 0.7
                Self-Loop Count: 1
            
2025-06-11 13:59:31,125 - INFO - Selected  Attribute Graph: 
                Self-Loop Weight: 1.2
                Self-Loop Percentage / Threshold: 0.7
                Self-Loop Count: 3
            
2025-06-11 13:59:31,136 - INFO - Selected  Attribute Graph: 
                Self-Loop Weight: 1.2
                Self-Loop Percentage / Threshold: 0.7
                Self-Loop Count: 4
            
2025-06-11 13:59:31,146 - INFO - Selected  Structural Graph
2025-06-11 13:59:31,158 - INFO - Selected  Attribute Graph: 
                Self-Loop Weight: 1.2
                Self-Loop Percentage / Threshold: 0.7
                Self-Loop Count: 1
            
2025-06-11 13:59:31,169 - INFO - Selected  Structural Graph
2025-06-11 13:59:31,174 - INFO - Selected  Structural Graph
2025-06-11 13:59:31,183 - INFO - Selected  Structural Graph
2025-06-11 13:59:31,221 - INFO - Selected  Structural Graph
2025-06-11 13:59:31,225 - INFO - Selected  Structural Graph
2025-06-11 13:59:31,228 - INFO - Selected  Structural Graph
2025-06-11 13:59:31,273 - INFO - Selected  Structural Graph
2025-06-11 13:59:31,301 - INFO - Selected  Structural Graph
2025-06-11 13:59:31,304 - INFO - Selected  Attribute Graph: 
                Self-Loop Weight: 1.2
                Self-Loop Percentage / Threshold: 0.7
                Self-Loop Count: 2
            
2025-06-11 13:59:31,316 - INFO - Selected  Structural Graph
2025-06-11 13:59:31,324 - INFO - Selected  Structural Graph
2025-06-11 13:59:31,334 - INFO - Selected  Attribute Graph: 
                Self-Loop Weight: 1.2
                Self-Loop Percentage / Threshold: 0.7
                Self-Loop Count: 3
            
2025-06-11 13:59:31,347 - INFO - Selected  Structural Graph
2025-06-11 13:59:31,369 - INFO - Selected  Structural Graph
2025-06-11 13:59:31,410 - INFO - Selected  Structural Graph
2025-06-11 13:59:31,452 - INFO - Selected  Structural Graph
2025-06-11 13:59:31,457 - INFO - Selected  Attribute Graph: 
                Self-Loop Weight: 1.2
                Self-Loop Percentage / Threshold: 0.7
                Self-Loop Count: 4
            
2025-06-11 13:59:31,474 - INFO - Selected  Structural Graph
2025-06-11 13:59:31,484 - INFO - Selected  Attribute Graph: 
                Self-Loop Weight: 1.2
                Self-Loop Percentage / Threshold: 0.7
                Self-Loop Count: 1
            
2025-06-11 13:59:31,492 - INFO - Selected  Structural Graph
2025-06-11 13:59:31,494 - INFO - Selected  Structural Graph
2025-06-11 13:59:31,517 - INFO - Selected  Structural Graph
2025-06-11 13:59:31,555 - INFO - Selected  Structural Graph
2025-06-11 13:59:31,581 - INFO - Selected  Structural Graph
2025-06-11 13:59:31,619 - INFO - Selected  Structural Graph
2025-06-11 13:59:31,650 - INFO - Selected  Attribute Graph: 
                Self-Loop Weight: 1.2
                Self-Loop Percentage / Threshold: 0.7
                Self-Loop Count: 4
            
2025-06-11 13:59:31,662 - INFO - Selected  Attribute Graph: 
                Self-Loop Weight: 1.2
                Self-Loop Percentage / Threshold: 0.7
                Self-Loop Count: 3
            
2025-06-11 13:59:31,672 - INFO - Selected  Structural Graph
2025-06-11 13:59:31,684 - INFO - Selected  Structural Graph
2025-06-11 13:59:31,694 - INFO - Selected  Attribute Graph: 
                Self-Loop Weight: 1.2
                Self-Loop Percentage / Threshold: 0.7
                Self-Loop Count: 1
            
2025-06-11 13:59:31,716 - INFO - Selected  Attribute Graph: 
                Self-Loop Weight: 1.2
                Self-Loop Percentage / Threshold: 0.7
                Self-Loop Count: 2
            
2025-06-11 13:59:31,798 - INFO - Selected  Structural Graph
2025-06-11 13:59:31,820 - INFO - Selected  Attribute Graph: 
                Self-Loop Weight: 1.2
                Self-Loop Percentage / Threshold: 0.7
                Self-Loop Count: 5
            
2025-06-11 13:59:31,828 - INFO - Selected  Attribute Graph: 
                Self-Loop Weight: 1.2
                Self-Loop Percentage / Threshold: 0.7
                Self-Loop Count: 3
            
2025-06-11 13:59:31,840 - INFO - Selected  Structural Graph
2025-06-11 13:59:31,861 - INFO - Selected  Attribute Graph: 
                Self-Loop Weight: 1.2
                Self-Loop Percentage / Threshold: 0.7
                Self-Loop Count: 4
            
2025-06-11 13:59:31,875 - INFO - Selected  Structural Graph
2025-06-11 13:59:31,885 - INFO - Selected  Structural Graph
2025-06-11 13:59:31,898 - INFO - Selected  Structural Graph
2025-06-11 13:59:31,950 - INFO - Selected  Structural Graph
2025-06-11 13:59:31,998 - INFO - Selected  Structural Graph
2025-06-11 13:59:32,029 - INFO - Selected  Attribute Graph: 
                Self-Loop Weight: 1.2
                Self-Loop Percentage / Threshold: 0.7
                Self-Loop Count: 2
            
2025-06-11 13:59:32,042 - INFO - Selected  Structural Graph
2025-06-11 13:59:32,045 - INFO - Selected  Attribute Graph: 
                Self-Loop Weight: 1.2
                Self-Loop Percentage / Threshold: 0.7
                Self-Loop Count: 5
            
2025-06-11 13:59:32,054 - INFO - Selected  Structural Graph
2025-06-11 13:59:32,060 - INFO - Selected  Structural Graph
2025-06-11 13:59:32,075 - INFO - Selected  Structural Graph
2025-06-11 13:59:32,111 - INFO - Selected  Structural Graph
2025-06-11 13:59:32,114 - INFO - Selected  Structural Graph
2025-06-11 13:59:32,151 - INFO - Selected  Structural Graph
2025-06-11 13:59:32,175 - INFO - Selected  Structural Graph
2025-06-11 13:59:32,191 - INFO - Selected  Structural Graph
2025-06-11 13:59:32,209 - INFO - Selected  Structural Graph
2025-06-11 13:59:32,220 - INFO - Selected  Attribute Graph: 
                Self-Loop Weight: 1.2
                Self-Loop Percentage / Threshold: 0.7
                Self-Loop Count: 1
            
2025-06-11 13:59:32,242 - INFO - Selected  Structural Graph
2025-06-11 13:59:32,257 - INFO - Selected  Structural Graph
2025-06-11 13:59:32,264 - INFO - Selected  Structural Graph
2025-06-11 13:59:32,303 - INFO - Selected  Attribute Graph: 
                Self-Loop Weight: 1.2
                Self-Loop Percentage / Threshold: 0.7
                Self-Loop Count: 2
            
2025-06-11 13:59:32,324 - INFO - Selected  Attribute Graph: 
                Self-Loop Weight: 1.2
                Self-Loop Percentage / Threshold: 0.7
                Self-Loop Count: 3
            
2025-06-11 13:59:32,328 - INFO - Selected  Attribute Graph: 
                Self-Loop Weight: 1.2
                Self-Loop Percentage / Threshold: 0.7
                Self-Loop Count: 1
            
2025-06-11 13:59:32,334 - INFO - Selected  Attribute Graph: 
                Self-Loop Weight: 1.2
                Self-Loop Percentage / Threshold: 0.7
                Self-Loop Count: 1
            
2025-06-11 13:59:32,339 - INFO - Selected  Structural Graph
2025-06-11 13:59:32,385 - INFO - Selected  Structural Graph
2025-06-11 13:59:32,410 - INFO - Selected  Structural Graph
2025-06-11 13:59:32,414 - INFO - Selected  Attribute Graph: 
                Self-Loop Weight: 1.2
                Self-Loop Percentage / Threshold: 0.7
                Self-Loop Count: 2
            
2025-06-11 13:59:32,433 - INFO - Selected  Structural Graph
2025-06-11 13:59:32,457 - INFO - Selected  Structural Graph
2025-06-11 13:59:32,490 - INFO - Selected  Structural Graph
2025-06-11 13:59:32,493 - INFO - Selected  Structural Graph
2025-06-11 13:59:32,496 - INFO - Selected  Structural Graph
2025-06-11 13:59:32,543 - INFO - Selected  Attribute Graph: 
                Self-Loop Weight: 1.2
                Self-Loop Percentage / Threshold: 0.7
                Self-Loop Count: 1
            
2025-06-11 13:59:32,569 - INFO - Selected  Structural Graph
2025-06-11 13:59:32,571 - INFO - Selected  Attribute Graph: 
                Self-Loop Weight: 1.2
                Self-Loop Percentage / Threshold: 0.7
                Self-Loop Count: 2
            
2025-06-11 13:59:32,592 - INFO - Selected  Attribute Graph: 
                Self-Loop Weight: 1.2
                Self-Loop Percentage / Threshold: 0.7
                Self-Loop Count: 3
            
2025-06-11 13:59:32,604 - INFO - Selected  Structural Graph
2025-06-11 13:59:32,628 - INFO - Selected  Structural Graph
2025-06-11 13:59:32,649 - INFO - Selected  Structural Graph
2025-06-11 13:59:32,655 - INFO - Selected  Attribute Graph: 
                Self-Loop Weight: 1.2
                Self-Loop Percentage / Threshold: 0.7
                Self-Loop Count: 4
            
2025-06-11 13:59:32,701 - INFO - Selected  Structural Graph
2025-06-11 13:59:32,730 - INFO - Selected  Structural Graph
2025-06-11 13:59:32,776 - INFO - Selected  Structural Graph
2025-06-11 13:59:32,791 - INFO - Selected  Attribute Graph: 
                Self-Loop Weight: 1.2
                Self-Loop Percentage / Threshold: 0.7
                Self-Loop Count: 2
            
2025-06-11 13:59:32,804 - INFO - Selected  Attribute Graph: 
                Self-Loop Weight: 1.2
                Self-Loop Percentage / Threshold: 0.7
                Self-Loop Count: 1
            
2025-06-11 13:59:32,807 - INFO - Selected  Attribute Graph: 
                Self-Loop Weight: 1.2
                Self-Loop Percentage / Threshold: 0.7
                Self-Loop Count: 2
            
2025-06-11 13:59:32,810 - INFO - Selected  Attribute Graph: 
                Self-Loop Weight: 1.2
                Self-Loop Percentage / Threshold: 0.7
                Self-Loop Count: 1
            
2025-06-11 13:59:32,820 - INFO - Selected  Structural Graph
2025-06-11 13:59:32,826 - INFO - Selected  Attribute Graph: 
                Self-Loop Weight: 1.2
                Self-Loop Percentage / Threshold: 0.7
                Self-Loop Count: 4
            
2025-06-11 13:59:32,893 - INFO - Selected  Structural Graph
2025-06-11 13:59:32,930 - INFO - Selected  Structural Graph
2025-06-11 13:59:32,950 - INFO - Selected  Attribute Graph: 
                Self-Loop Weight: 1.2
                Self-Loop Percentage / Threshold: 0.7
                Self-Loop Count: 1
            
2025-06-11 13:59:33,092 - INFO - Selected  Structural Graph
2025-06-11 13:59:33,109 - INFO - Selected  Attribute Graph: 
                Self-Loop Weight: 1.2
                Self-Loop Percentage / Threshold: 0.7
                Self-Loop Count: 6
            
2025-06-11 13:59:33,113 - INFO - Selected  Attribute Graph: 
                Self-Loop Weight: 1.2
                Self-Loop Percentage / Threshold: 0.7
                Self-Loop Count: 1
            
2025-06-11 13:59:33,126 - INFO - Selected  Structural Graph
2025-06-11 13:59:33,150 - INFO - Selected  Structural Graph
2025-06-11 13:59:33,194 - INFO - Selected  Structural Graph
2025-06-11 13:59:33,207 - INFO - Selected  Structural Graph
2025-06-11 13:59:33,212 - INFO - Selected  Structural Graph
2025-06-11 13:59:33,216 - INFO - Selected  Structural Graph
2025-06-11 13:59:33,219 - INFO - Selected  Structural Graph
2025-06-11 13:59:33,222 - INFO - Selected  Attribute Graph: 
                Self-Loop Weight: 1.2
                Self-Loop Percentage / Threshold: 0.7
                Self-Loop Count: 1
            
2025-06-11 13:59:33,226 - INFO - Selected  Attribute Graph: 
                Self-Loop Weight: 1.2
                Self-Loop Percentage / Threshold: 0.7
                Self-Loop Count: 1
            
2025-06-11 13:59:33,269 - INFO - Selected  Structural Graph
2025-06-11 13:59:33,276 - INFO - Selected  Attribute Graph: 
                Self-Loop Weight: 1.2
                Self-Loop Percentage / Threshold: 0.7
                Self-Loop Count: 3
            
2025-06-11 13:59:33,295 - INFO - Selected  Structural Graph
2025-06-11 13:59:33,300 - INFO - Selected  Structural Graph
2025-06-11 13:59:33,303 - INFO - Selected  Attribute Graph: 
                Self-Loop Weight: 1.2
                Self-Loop Percentage / Threshold: 0.7
                Self-Loop Count: 5
            
2025-06-11 13:59:33,348 - INFO - Selected  Structural Graph
2025-06-11 13:59:33,365 - INFO - Selected  Attribute Graph: 
                Self-Loop Weight: 1.2
                Self-Loop Percentage / Threshold: 0.7
                Self-Loop Count: 3
            
2025-06-11 13:59:33,375 - INFO - Selected  Attribute Graph: 
                Self-Loop Weight: 1.2
                Self-Loop Percentage / Threshold: 0.7
                Self-Loop Count: 1
            
2025-06-11 13:59:33,387 - INFO - Selected  Structural Graph
2025-06-11 13:59:33,392 - INFO - Selected  Structural Graph
2025-06-11 13:59:33,395 - INFO - Selected  Attribute Graph: 
                Self-Loop Weight: 1.2
                Self-Loop Percentage / Threshold: 0.7
                Self-Loop Count: 3
            
2025-06-11 13:59:33,454 - INFO - Selected  Attribute Graph: 
                Self-Loop Weight: 1.2
                Self-Loop Percentage / Threshold: 0.7
                Self-Loop Count: 2
            
2025-06-11 13:59:33,464 - INFO - Selected  Structural Graph
2025-06-11 13:59:33,478 - INFO - Selected  Attribute Graph: 
                Self-Loop Weight: 1.2
                Self-Loop Percentage / Threshold: 0.7
                Self-Loop Count: 8
            
2025-06-11 13:59:33,499 - INFO - Selected  Structural Graph
2025-06-11 13:59:33,512 - INFO - Selected  Attribute Graph: 
                Self-Loop Weight: 1.2
                Self-Loop Percentage / Threshold: 0.7
                Self-Loop Count: 1
            
2025-06-11 13:59:33,519 - INFO - Selected  Structural Graph
2025-06-11 13:59:33,532 - INFO - Selected  Attribute Graph: 
                Self-Loop Weight: 1.2
                Self-Loop Percentage / Threshold: 0.7
                Self-Loop Count: 2
            
2025-06-11 13:59:33,584 - INFO - Selected  Structural Graph
2025-06-11 13:59:33,603 - INFO - Selected  Structural Graph
2025-06-11 13:59:33,646 - INFO - Selected  Structural Graph
2025-06-11 13:59:33,680 - INFO - Selected  Attribute Graph: 
                Self-Loop Weight: 1.2
                Self-Loop Percentage / Threshold: 0.7
                Self-Loop Count: 2
            
2025-06-11 13:59:33,702 - INFO - Selected  Structural Graph
2025-06-11 13:59:33,712 - INFO - Selected  Attribute Graph: 
                Self-Loop Weight: 1.2
                Self-Loop Percentage / Threshold: 0.7
                Self-Loop Count: 3
            
2025-06-11 13:59:33,723 - INFO - Selected  Attribute Graph: 
                Self-Loop Weight: 1.2
                Self-Loop Percentage / Threshold: 0.7
                Self-Loop Count: 3
            
2025-06-11 13:59:33,739 - INFO - Selected  Structural Graph
2025-06-11 13:59:33,770 - INFO - Selected  Attribute Graph: 
                Self-Loop Weight: 1.2
                Self-Loop Percentage / Threshold: 0.7
                Self-Loop Count: 5
            
2025-06-11 13:59:33,804 - INFO - Selected  Structural Graph
2025-06-11 13:59:33,813 - INFO - Selected  Structural Graph
2025-06-11 13:59:33,837 - INFO - Selected  Structural Graph
2025-06-11 13:59:33,842 - INFO - Selected  Structural Graph
2025-06-11 13:59:33,847 - INFO - Selected  Attribute Graph: 
                Self-Loop Weight: 1.2
                Self-Loop Percentage / Threshold: 0.7
                Self-Loop Count: 1
            
2025-06-11 13:59:33,871 - INFO - Selected  Structural Graph
2025-06-11 13:59:33,878 - INFO - Selected  Attribute Graph: 
                Self-Loop Weight: 1.2
                Self-Loop Percentage / Threshold: 0.7
                Self-Loop Count: 3
            
2025-06-11 13:59:33,893 - INFO - Selected  Attribute Graph: 
                Self-Loop Weight: 1.2
                Self-Loop Percentage / Threshold: 0.7
                Self-Loop Count: 2
            
2025-06-11 13:59:33,901 - INFO - Selected  Structural Graph
2025-06-11 13:59:33,940 - INFO - Selected  Structural Graph
2025-06-11 13:59:33,991 - INFO - Selected  Attribute Graph: 
                Self-Loop Weight: 1.2
                Self-Loop Percentage / Threshold: 0.7
                Self-Loop Count: 8
            
2025-06-11 13:59:34,018 - INFO - Selected  Attribute Graph: 
                Self-Loop Weight: 1.2
                Self-Loop Percentage / Threshold: 0.7
                Self-Loop Count: 2
            
2025-06-11 13:59:34,025 - INFO - Selected  Attribute Graph: 
                Self-Loop Weight: 1.2
                Self-Loop Percentage / Threshold: 0.7
                Self-Loop Count: 2
            
2025-06-11 13:59:34,047 - INFO - Selected  Structural Graph
2025-06-11 13:59:34,069 - INFO - Selected  Structural Graph
2025-06-11 13:59:34,081 - INFO - Selected  Attribute Graph: 
                Self-Loop Weight: 1.2
                Self-Loop Percentage / Threshold: 0.7
                Self-Loop Count: 1
            
2025-06-11 13:59:34,094 - INFO - Selected  Structural Graph
2025-06-11 13:59:34,147 - INFO - Selected  Attribute Graph: 
                Self-Loop Weight: 1.2
                Self-Loop Percentage / Threshold: 0.7
                Self-Loop Count: 1
            
2025-06-11 13:59:34,158 - INFO - Selected  Attribute Graph: 
                Self-Loop Weight: 1.2
                Self-Loop Percentage / Threshold: 0.7
                Self-Loop Count: 1
            
2025-06-11 13:59:34,173 - INFO - Selected  Attribute Graph: 
                Self-Loop Weight: 1.2
                Self-Loop Percentage / Threshold: 0.7
                Self-Loop Count: 1
            
2025-06-11 13:59:34,192 - INFO - Selected  Attribute Graph: 
                Self-Loop Weight: 1.2
                Self-Loop Percentage / Threshold: 0.7
                Self-Loop Count: 3
            
2025-06-11 13:59:34,214 - INFO - Selected  Structural Graph
2025-06-11 13:59:34,219 - INFO - Selected  Structural Graph
2025-06-11 13:59:34,228 - INFO - Selected  Structural Graph
2025-06-11 13:59:34,233 - INFO - Selected  Attribute Graph: 
                Self-Loop Weight: 1.2
                Self-Loop Percentage / Threshold: 0.7
                Self-Loop Count: 1
            
2025-06-11 13:59:34,237 - INFO - Selected  Structural Graph
2025-06-11 13:59:34,263 - INFO - Selected  Attribute Graph: 
                Self-Loop Weight: 1.2
                Self-Loop Percentage / Threshold: 0.7
                Self-Loop Count: 2
            
2025-06-11 13:59:34,308 - INFO - Selected  Structural Graph
2025-06-11 13:59:34,370 - INFO - Selected  Attribute Graph: 
                Self-Loop Weight: 1.2
                Self-Loop Percentage / Threshold: 0.7
                Self-Loop Count: 1
            
2025-06-11 13:59:34,385 - INFO - Selected  Attribute Graph: 
                Self-Loop Weight: 1.2
                Self-Loop Percentage / Threshold: 0.7
                Self-Loop Count: 4
            
2025-06-11 13:59:34,397 - INFO - Selected  Attribute Graph: 
                Self-Loop Weight: 1.2
                Self-Loop Percentage / Threshold: 0.7
                Self-Loop Count: 1
            
2025-06-11 13:59:34,417 - INFO - Selected  Attribute Graph: 
                Self-Loop Weight: 1.2
                Self-Loop Percentage / Threshold: 0.7
                Self-Loop Count: 3
            
2025-06-11 13:59:34,432 - INFO - Selected  Attribute Graph: 
                Self-Loop Weight: 1.2
                Self-Loop Percentage / Threshold: 0.7
                Self-Loop Count: 6
            
2025-06-11 13:59:34,441 - INFO - Selected  Attribute Graph: 
                Self-Loop Weight: 1.2
                Self-Loop Percentage / Threshold: 0.7
                Self-Loop Count: 1
            
2025-06-11 13:59:34,451 - INFO - Selected  Attribute Graph: 
                Self-Loop Weight: 1.2
                Self-Loop Percentage / Threshold: 0.7
                Self-Loop Count: 3
            
2025-06-11 13:59:34,464 - INFO - Selected  Structural Graph
2025-06-11 13:59:34,467 - INFO - Selected  Structural Graph
2025-06-11 13:59:34,517 - INFO - Selected  Attribute Graph: 
                Self-Loop Weight: 1.2
                Self-Loop Percentage / Threshold: 0.7
                Self-Loop Count: 1
            
2025-06-11 13:59:34,559 - INFO - Selected  Attribute Graph: 
                Self-Loop Weight: 1.2
                Self-Loop Percentage / Threshold: 0.7
                Self-Loop Count: 4
            
2025-06-11 13:59:34,575 - INFO - Selected  Attribute Graph: 
                Self-Loop Weight: 1.2
                Self-Loop Percentage / Threshold: 0.7
                Self-Loop Count: 1
            
2025-06-11 13:59:34,586 - INFO - Selected  Attribute Graph: 
                Self-Loop Weight: 1.2
                Self-Loop Percentage / Threshold: 0.7
                Self-Loop Count: 1
            
2025-06-11 13:59:34,597 - INFO - Selected  Attribute Graph: 
                Self-Loop Weight: 1.2
                Self-Loop Percentage / Threshold: 0.7
                Self-Loop Count: 6
            
2025-06-11 13:59:34,622 - INFO - Selected  Attribute Graph: 
                Self-Loop Weight: 1.2
                Self-Loop Percentage / Threshold: 0.7
                Self-Loop Count: 7
            
2025-06-11 13:59:34,651 - INFO - Selected  Attribute Graph: 
                Self-Loop Weight: 1.2
                Self-Loop Percentage / Threshold: 0.7
                Self-Loop Count: 2
            
2025-06-11 13:59:34,675 - INFO - Selected  Structural Graph
2025-06-11 13:59:34,687 - INFO - Selected  Structural Graph
2025-06-11 13:59:34,690 - INFO - Selected  Attribute Graph: 
                Self-Loop Weight: 1.2
                Self-Loop Percentage / Threshold: 0.7
                Self-Loop Count: 2
            
2025-06-11 13:59:34,740 - INFO - Selected  Attribute Graph: 
                Self-Loop Weight: 1.2
                Self-Loop Percentage / Threshold: 0.7
                Self-Loop Count: 2
            
2025-06-11 13:59:34,783 - INFO - Selected  Structural Graph
2025-06-11 13:59:34,799 - INFO - Selected  Attribute Graph: 
                Self-Loop Weight: 1.2
                Self-Loop Percentage / Threshold: 0.7
                Self-Loop Count: 2
            
2025-06-11 13:59:34,813 - INFO - Selected  Attribute Graph: 
                Self-Loop Weight: 1.2
                Self-Loop Percentage / Threshold: 0.7
                Self-Loop Count: 4
            
2025-06-11 13:59:34,823 - INFO - Selected  Attribute Graph: 
                Self-Loop Weight: 1.2
                Self-Loop Percentage / Threshold: 0.7
                Self-Loop Count: 4
            
2025-06-11 13:59:34,833 - INFO - Selected  Attribute Graph: 
                Self-Loop Weight: 1.2
                Self-Loop Percentage / Threshold: 0.7
                Self-Loop Count: 1
            
2025-06-11 13:59:34,837 - INFO - Selected  Structural Graph
2025-06-11 13:59:34,857 - INFO - Selected  Attribute Graph: 
                Self-Loop Weight: 1.2
                Self-Loop Percentage / Threshold: 0.7
                Self-Loop Count: 4
            
2025-06-11 13:59:34,867 - INFO - Selected  Structural Graph
2025-06-11 13:59:34,873 - INFO - Selected  Attribute Graph: 
                Self-Loop Weight: 1.2
                Self-Loop Percentage / Threshold: 0.7
                Self-Loop Count: 4
            
2025-06-11 13:59:34,918 - INFO - Selected  Attribute Graph: 
                Self-Loop Weight: 1.2
                Self-Loop Percentage / Threshold: 0.7
                Self-Loop Count: 2
            
2025-06-11 13:59:35,066 - INFO - Selected  Attribute Graph: 
                Self-Loop Weight: 1.2
                Self-Loop Percentage / Threshold: 0.7
                Self-Loop Count: 2
            
2025-06-11 13:59:35,078 - INFO - Selected  Structural Graph
2025-06-11 13:59:35,124 - INFO - Selected  Structural Graph
2025-06-11 13:59:35,154 - INFO - Selected  Structural Graph
2025-06-11 13:59:35,160 - INFO - Selected  Structural Graph
2025-06-11 13:59:35,182 - INFO - Selected  Structural Graph
2025-06-11 13:59:35,228 - INFO - Selected  Structural Graph
2025-06-11 13:59:35,232 - INFO - Selected  Structural Graph
2025-06-11 13:59:35,277 - INFO - Selected  Structural Graph
2025-06-11 13:59:35,283 - INFO - Selected  Structural Graph
2025-06-11 13:59:35,324 - INFO - Selected  Structural Graph
2025-06-11 13:59:35,351 - INFO - Selected  Structural Graph
2025-06-11 13:59:35,359 - INFO - Selected  Structural Graph
2025-06-11 13:59:35,379 - INFO - Selected  Structural Graph
2025-06-11 13:59:35,395 - INFO - Selected  Structural Graph
2025-06-11 13:59:35,413 - INFO - Selected  Structural Graph
2025-06-11 13:59:35,436 - INFO - Selected  Attribute Graph: 
                Self-Loop Weight: 1.2
                Self-Loop Percentage / Threshold: 0.7
                Self-Loop Count: 2
            
2025-06-11 13:59:35,491 - INFO - Selected  Attribute Graph: 
                Self-Loop Weight: 1.2
                Self-Loop Percentage / Threshold: 0.7
                Self-Loop Count: 2
            
2025-06-11 13:59:35,505 - INFO - Selected  Attribute Graph: 
                Self-Loop Weight: 1.2
                Self-Loop Percentage / Threshold: 0.7
                Self-Loop Count: 2
            
2025-06-11 13:59:35,516 - INFO - Selected  Structural Graph
2025-06-11 13:59:35,558 - INFO - Selected  Attribute Graph: 
                Self-Loop Weight: 1.2
                Self-Loop Percentage / Threshold: 0.7
                Self-Loop Count: 6
            
2025-06-11 13:59:35,585 - INFO - Selected  Attribute Graph: 
                Self-Loop Weight: 1.2
                Self-Loop Percentage / Threshold: 0.7
                Self-Loop Count: 1
            
2025-06-11 13:59:35,604 - INFO - Selected  Structural Graph
2025-06-11 13:59:35,608 - INFO - Selected  Attribute Graph: 
                Self-Loop Weight: 1.2
                Self-Loop Percentage / Threshold: 0.7
                Self-Loop Count: 1
            
2025-06-11 13:59:35,612 - INFO - Selected  Structural Graph
2025-06-11 13:59:35,616 - INFO - Selected  Attribute Graph: 
                Self-Loop Weight: 1.2
                Self-Loop Percentage / Threshold: 0.7
                Self-Loop Count: 1
            
2025-06-11 13:59:35,637 - INFO - Selected  Attribute Graph: 
                Self-Loop Weight: 1.2
                Self-Loop Percentage / Threshold: 0.7
                Self-Loop Count: 1
            
2025-06-11 13:59:35,648 - INFO - Selected  Attribute Graph: 
                Self-Loop Weight: 1.2
                Self-Loop Percentage / Threshold: 0.7
                Self-Loop Count: 2
            
2025-06-11 13:59:35,663 - INFO - Selected  Attribute Graph: 
                Self-Loop Weight: 1.2
                Self-Loop Percentage / Threshold: 0.7
                Self-Loop Count: 1
            
2025-06-11 13:59:35,674 - INFO - Selected  Attribute Graph: 
                Self-Loop Weight: 1.2
                Self-Loop Percentage / Threshold: 0.7
                Self-Loop Count: 2
            
2025-06-11 13:59:35,684 - INFO - Selected  Attribute Graph: 
                Self-Loop Weight: 1.2
                Self-Loop Percentage / Threshold: 0.7
                Self-Loop Count: 2
            
2025-06-11 13:59:35,701 - INFO - Selected  Structural Graph
2025-06-11 13:59:35,747 - INFO - Selected  Structural Graph
2025-06-11 13:59:35,805 - INFO - Selected  Structural Graph
2025-06-11 13:59:35,812 - INFO - Selected  Attribute Graph: 
                Self-Loop Weight: 1.2
                Self-Loop Percentage / Threshold: 0.7
                Self-Loop Count: 1
            
2025-06-11 13:59:35,828 - INFO - Selected  Structural Graph
2025-06-11 13:59:35,844 - INFO - Selected  Attribute Graph: 
                Self-Loop Weight: 1.2
                Self-Loop Percentage / Threshold: 0.7
                Self-Loop Count: 5
            
2025-06-11 13:59:35,852 - INFO - Selected  Structural Graph
2025-06-11 13:59:35,856 - INFO - Selected  Structural Graph
2025-06-11 13:59:35,872 - INFO - Selected  Structural Graph
2025-06-11 13:59:35,884 - INFO - Selected  Structural Graph
2025-06-11 13:59:35,900 - INFO - Selected  Structural Graph
2025-06-11 13:59:35,904 - INFO - Selected  Attribute Graph: 
                Self-Loop Weight: 1.2
                Self-Loop Percentage / Threshold: 0.7
                Self-Loop Count: 2
            
2025-06-11 13:59:35,945 - INFO - Selected  Structural Graph
2025-06-11 13:59:35,967 - INFO - Selected  Structural Graph
2025-06-11 13:59:35,978 - INFO - Selected  Structural Graph
2025-06-11 13:59:35,987 - INFO - Selected  Structural Graph
2025-06-11 13:59:36,037 - INFO - Selected  Structural Graph
2025-06-11 13:59:36,056 - INFO - Selected  Structural Graph
2025-06-11 13:59:36,074 - INFO - Selected  Structural Graph
2025-06-11 13:59:36,131 - INFO - Selected  Attribute Graph: 
                Self-Loop Weight: 1.2
                Self-Loop Percentage / Threshold: 0.7
                Self-Loop Count: 6
            
2025-06-11 13:59:36,144 - INFO - Selected  Structural Graph
2025-06-11 13:59:36,148 - INFO - Selected  Structural Graph
2025-06-11 13:59:36,164 - INFO - Selected  Attribute Graph: 
                Self-Loop Weight: 1.2
                Self-Loop Percentage / Threshold: 0.7
                Self-Loop Count: 3
            
2025-06-11 13:59:36,179 - INFO - Selected  Attribute Graph: 
                Self-Loop Weight: 1.2
                Self-Loop Percentage / Threshold: 0.7
                Self-Loop Count: 2
            
2025-06-11 13:59:36,188 - INFO - Selected  Attribute Graph: 
                Self-Loop Weight: 1.2
                Self-Loop Percentage / Threshold: 0.7
                Self-Loop Count: 1
            
2025-06-11 13:59:36,192 - INFO - Selected  Structural Graph
2025-06-11 13:59:36,233 - INFO - Selected  Structural Graph
2025-06-11 13:59:36,247 - INFO - Selected  Attribute Graph: 
                Self-Loop Weight: 1.2
                Self-Loop Percentage / Threshold: 0.7
                Self-Loop Count: 1
            
2025-06-11 13:59:36,301 - INFO - Selected  Structural Graph
2025-06-11 13:59:36,322 - INFO - Selected  Structural Graph
2025-06-11 13:59:36,334 - INFO - Selected  Structural Graph
2025-06-11 13:59:36,360 - INFO - Selected  Structural Graph
2025-06-11 13:59:36,367 - INFO - Selected  Attribute Graph: 
                Self-Loop Weight: 1.2
                Self-Loop Percentage / Threshold: 0.7
                Self-Loop Count: 2
            
2025-06-11 13:59:36,422 - INFO - Selected  Structural Graph
2025-06-11 13:59:36,435 - INFO - Selected  Attribute Graph: 
                Self-Loop Weight: 1.2
                Self-Loop Percentage / Threshold: 0.7
                Self-Loop Count: 4
            
2025-06-11 13:59:36,446 - INFO - Selected  Structural Graph
2025-06-11 13:59:36,457 - INFO - Selected  Structural Graph
2025-06-11 13:59:36,503 - INFO - Selected  Structural Graph
2025-06-11 13:59:36,515 - INFO - Selected  Structural Graph
2025-06-11 13:59:36,522 - INFO - Selected  Attribute Graph: 
                Self-Loop Weight: 1.2
                Self-Loop Percentage / Threshold: 0.7
                Self-Loop Count: 2
            
2025-06-11 13:59:36,538 - INFO - Selected  Attribute Graph: 
                Self-Loop Weight: 1.2
                Self-Loop Percentage / Threshold: 0.7
                Self-Loop Count: 2
            
2025-06-11 13:59:36,545 - INFO - Selected  Attribute Graph: 
                Self-Loop Weight: 1.2
                Self-Loop Percentage / Threshold: 0.7
                Self-Loop Count: 2
            
2025-06-11 13:59:36,551 - INFO - Selected  Attribute Graph: 
                Self-Loop Weight: 1.2
                Self-Loop Percentage / Threshold: 0.7
                Self-Loop Count: 3
            
2025-06-11 13:59:36,559 - INFO - Selected  Attribute Graph: 
                Self-Loop Weight: 1.2
                Self-Loop Percentage / Threshold: 0.7
                Self-Loop Count: 1
            
2025-06-11 13:59:36,571 - INFO - Selected  Structural Graph
2025-06-11 13:59:36,583 - INFO - Selected  Structural Graph
2025-06-11 13:59:36,597 - INFO - Selected  Structural Graph
2025-06-11 13:59:36,603 - INFO - Selected  Structural Graph
2025-06-11 13:59:36,646 - INFO - Selected  Structural Graph
2025-06-11 13:59:36,698 - INFO - Selected  Attribute Graph: 
                Self-Loop Weight: 1.2
                Self-Loop Percentage / Threshold: 0.7
                Self-Loop Count: 1
            
2025-06-11 13:59:36,716 - INFO - Selected  Attribute Graph: 
                Self-Loop Weight: 1.2
                Self-Loop Percentage / Threshold: 0.7
                Self-Loop Count: 2
            
2025-06-11 13:59:36,729 - INFO - Selected  Structural Graph
2025-06-11 13:59:36,749 - INFO - Selected  Structural Graph
2025-06-11 13:59:36,753 - INFO - Selected  Structural Graph
2025-06-11 13:59:36,772 - INFO - Selected  Structural Graph
2025-06-11 13:59:36,783 - INFO - Selected  Structural Graph
2025-06-11 13:59:36,822 - INFO - Selected  Attribute Graph: 
                Self-Loop Weight: 1.2
                Self-Loop Percentage / Threshold: 0.7
                Self-Loop Count: 1
            
2025-06-11 13:59:36,850 - INFO - Selected  Attribute Graph: 
                Self-Loop Weight: 1.2
                Self-Loop Percentage / Threshold: 0.7
                Self-Loop Count: 4
            
2025-06-11 13:59:36,865 - INFO - Selected  Attribute Graph: 
                Self-Loop Weight: 1.2
                Self-Loop Percentage / Threshold: 0.7
                Self-Loop Count: 6
            
2025-06-11 13:59:36,872 - INFO - Selected  Attribute Graph: 
                Self-Loop Weight: 1.2
                Self-Loop Percentage / Threshold: 0.7
                Self-Loop Count: 2
            
2025-06-11 13:59:36,884 - INFO - Selected  Structural Graph
2025-06-11 13:59:36,889 - INFO - Selected  Structural Graph
2025-06-11 13:59:36,892 - INFO - Selected  Structural Graph
2025-06-11 13:59:36,896 - INFO - Selected  Structural Graph
2025-06-11 13:59:36,900 - INFO - Selected  Structural Graph
2025-06-11 13:59:36,903 - INFO - Selected  Structural Graph
2025-06-11 13:59:37,068 - INFO - Selected  Attribute Graph: 
                Self-Loop Weight: 1.2
                Self-Loop Percentage / Threshold: 0.7
                Self-Loop Count: 5
            
2025-06-11 13:59:37,119 - INFO - Selected  Attribute Graph: 
                Self-Loop Weight: 1.2
                Self-Loop Percentage / Threshold: 0.7
                Self-Loop Count: 4
            
2025-06-11 13:59:37,151 - INFO - Selected  Structural Graph
2025-06-11 13:59:37,164 - INFO - Selected  Structural Graph
2025-06-11 13:59:37,175 - INFO - Selected  Structural Graph
2025-06-11 13:59:37,186 - INFO - Selected  Attribute Graph: 
                Self-Loop Weight: 1.2
                Self-Loop Percentage / Threshold: 0.7
                Self-Loop Count: 2
            
2025-06-11 13:59:37,204 - INFO - Selected  Attribute Graph: 
                Self-Loop Weight: 1.2
                Self-Loop Percentage / Threshold: 0.7
                Self-Loop Count: 2
            
2025-06-11 13:59:37,219 - INFO - Selected  Attribute Graph: 
                Self-Loop Weight: 1.2
                Self-Loop Percentage / Threshold: 0.7
                Self-Loop Count: 1
            
2025-06-11 13:59:37,232 - INFO - Selected  Attribute Graph: 
                Self-Loop Weight: 1.2
                Self-Loop Percentage / Threshold: 0.7
                Self-Loop Count: 1
            
2025-06-11 13:59:37,276 - INFO - Selected  Attribute Graph: 
                Self-Loop Weight: 1.2
                Self-Loop Percentage / Threshold: 0.7
                Self-Loop Count: 1
            
2025-06-11 13:59:37,280 - INFO - Selected  Attribute Graph: 
                Self-Loop Weight: 1.2
                Self-Loop Percentage / Threshold: 0.7
                Self-Loop Count: 4
            
2025-06-11 13:59:37,344 - INFO - Selected  Attribute Graph: 
                Self-Loop Weight: 1.2
                Self-Loop Percentage / Threshold: 0.7
                Self-Loop Count: 1
            
2025-06-11 13:59:37,366 - INFO - Selected  Structural Graph
2025-06-11 13:59:37,376 - INFO - Selected  Structural Graph
2025-06-11 13:59:37,390 - INFO - Selected  Attribute Graph: 
                Self-Loop Weight: 1.2
                Self-Loop Percentage / Threshold: 0.7
                Self-Loop Count: 3
            
2025-06-11 13:59:37,409 - INFO - Selected  Structural Graph
2025-06-11 13:59:37,423 - INFO - Selected  Structural Graph
2025-06-11 13:59:37,427 - INFO - Selected  Structural Graph
2025-06-11 13:59:37,432 - INFO - Selected  Structural Graph
2025-06-11 13:59:37,437 - INFO - Selected  Attribute Graph: 
                Self-Loop Weight: 1.2
                Self-Loop Percentage / Threshold: 0.7
                Self-Loop Count: 1
            
2025-06-11 13:59:37,467 - INFO - Selected  Structural Graph
2025-06-11 13:59:37,471 - INFO - Selected  Attribute Graph: 
                Self-Loop Weight: 1.2
                Self-Loop Percentage / Threshold: 0.7
                Self-Loop Count: 1
            
2025-06-11 13:59:37,475 - INFO - Selected  Attribute Graph: 
                Self-Loop Weight: 1.2
                Self-Loop Percentage / Threshold: 0.7
                Self-Loop Count: 4
            
2025-06-11 13:59:37,512 - INFO - Selected  Structural Graph
2025-06-11 13:59:37,520 - INFO - Selected  Structural Graph
2025-06-11 13:59:37,546 - INFO - Selected  Structural Graph
2025-06-11 13:59:37,558 - INFO - Selected  Attribute Graph: 
                Self-Loop Weight: 1.2
                Self-Loop Percentage / Threshold: 0.7
                Self-Loop Count: 1
            
2025-06-11 13:59:37,578 - INFO - Selected  Structural Graph
2025-06-11 13:59:37,609 - INFO - Selected  Structural Graph
2025-06-11 13:59:37,616 - INFO - Selected  Structural Graph
2025-06-11 13:59:37,632 - INFO - Selected  Attribute Graph: 
                Self-Loop Weight: 1.2
                Self-Loop Percentage / Threshold: 0.7
                Self-Loop Count: 4
            
2025-06-11 13:59:37,671 - INFO - Selected  Structural Graph
2025-06-11 13:59:37,721 - INFO - Selected  Attribute Graph: 
                Self-Loop Weight: 1.2
                Self-Loop Percentage / Threshold: 0.7
                Self-Loop Count: 3
            
2025-06-11 13:59:37,748 - INFO - Selected  Attribute Graph: 
                Self-Loop Weight: 1.2
                Self-Loop Percentage / Threshold: 0.7
                Self-Loop Count: 4
            
2025-06-11 13:59:37,766 - INFO - Selected  Attribute Graph: 
                Self-Loop Weight: 1.2
                Self-Loop Percentage / Threshold: 0.7
                Self-Loop Count: 5
            
2025-06-11 13:59:37,788 - INFO - Selected  Structural Graph
2025-06-11 13:59:37,803 - INFO - Selected  Structural Graph
2025-06-11 13:59:37,822 - INFO - Selected  Attribute Graph: 
                Self-Loop Weight: 1.2
                Self-Loop Percentage / Threshold: 0.7
                Self-Loop Count: 4
            
2025-06-11 13:59:37,880 - INFO - Selected  Structural Graph
2025-06-11 13:59:37,889 - INFO - Selected  Attribute Graph: 
                Self-Loop Weight: 1.2
                Self-Loop Percentage / Threshold: 0.7
                Self-Loop Count: 1
            
2025-06-11 13:59:37,896 - INFO - Selected  Attribute Graph: 
                Self-Loop Weight: 1.2
                Self-Loop Percentage / Threshold: 0.7
                Self-Loop Count: 1
            
2025-06-11 13:59:37,912 - INFO - Selected  Structural Graph
2025-06-11 13:59:37,935 - INFO - Selected  Structural Graph
2025-06-11 13:59:37,949 - INFO - Selected  Structural Graph
2025-06-11 13:59:37,999 - INFO - Selected  Structural Graph
2025-06-11 13:59:38,003 - INFO - Selected  Attribute Graph: 
                Self-Loop Weight: 1.2
                Self-Loop Percentage / Threshold: 0.7
                Self-Loop Count: 2
            
2025-06-11 13:59:38,018 - INFO - Selected  Attribute Graph: 
                Self-Loop Weight: 1.2
                Self-Loop Percentage / Threshold: 0.7
                Self-Loop Count: 1
            
2025-06-11 13:59:38,035 - INFO - Selected  Structural Graph
2025-06-11 13:59:38,046 - INFO - Selected  Attribute Graph: 
                Self-Loop Weight: 1.2
                Self-Loop Percentage / Threshold: 0.7
                Self-Loop Count: 8
            
2025-06-11 13:59:38,093 - INFO - Selected  Structural Graph
2025-06-11 13:59:38,097 - INFO - Selected  Structural Graph
2025-06-11 13:59:38,106 - INFO - Selected  Attribute Graph: 
                Self-Loop Weight: 1.2
                Self-Loop Percentage / Threshold: 0.7
                Self-Loop Count: 2
            
2025-06-11 13:59:38,127 - INFO - Selected  Structural Graph
2025-06-11 13:59:38,143 - INFO - Selected  Structural Graph
2025-06-11 13:59:38,152 - INFO - Selected  Structural Graph
2025-06-11 13:59:38,199 - INFO - Selected  Structural Graph
2025-06-11 13:59:38,218 - INFO - Selected  Attribute Graph: 
                Self-Loop Weight: 1.2
                Self-Loop Percentage / Threshold: 0.7
                Self-Loop Count: 1
            
2025-06-11 13:59:38,233 - INFO - Selected  Structural Graph
2025-06-11 13:59:38,242 - INFO - Selected  Structural Graph
2025-06-11 13:59:38,251 - INFO - Selected  Attribute Graph: 
                Self-Loop Weight: 1.2
                Self-Loop Percentage / Threshold: 0.7
                Self-Loop Count: 2
            
2025-06-11 13:59:38,264 - INFO - Selected  Structural Graph
2025-06-11 13:59:38,275 - INFO - Selected  Structural Graph
2025-06-11 13:59:38,280 - INFO - Selected  Attribute Graph: 
                Self-Loop Weight: 1.2
                Self-Loop Percentage / Threshold: 0.7
                Self-Loop Count: 6
            
2025-06-11 13:59:38,355 - INFO - Selected  Structural Graph
2025-06-11 13:59:38,362 - INFO - Selected  Attribute Graph: 
                Self-Loop Weight: 1.2
                Self-Loop Percentage / Threshold: 0.7
                Self-Loop Count: 4
            
2025-06-11 13:59:38,375 - INFO - Selected  Structural Graph
2025-06-11 13:59:38,392 - INFO - Selected  Attribute Graph: 
                Self-Loop Weight: 1.2
                Self-Loop Percentage / Threshold: 0.7
                Self-Loop Count: 2
            
2025-06-11 13:59:38,408 - INFO - Selected  Attribute Graph: 
                Self-Loop Weight: 1.2
                Self-Loop Percentage / Threshold: 0.7
                Self-Loop Count: 5
            
2025-06-11 13:59:38,419 - INFO - Selected  Attribute Graph: 
                Self-Loop Weight: 1.2
                Self-Loop Percentage / Threshold: 0.7
                Self-Loop Count: 4
            
2025-06-11 13:59:38,443 - INFO - Selected  Attribute Graph: 
                Self-Loop Weight: 1.2
                Self-Loop Percentage / Threshold: 0.7
                Self-Loop Count: 1
            
2025-06-11 13:59:38,463 - INFO - Selected  Structural Graph
2025-06-11 13:59:38,545 - INFO - Selected  Attribute Graph: 
                Self-Loop Weight: 1.2
                Self-Loop Percentage / Threshold: 0.7
                Self-Loop Count: 4
            
2025-06-11 13:59:38,567 - INFO - Selected  Attribute Graph: 
                Self-Loop Weight: 1.2
                Self-Loop Percentage / Threshold: 0.7
                Self-Loop Count: 1
            
2025-06-11 13:59:38,570 - INFO - Selected  Attribute Graph: 
                Self-Loop Weight: 1.2
                Self-Loop Percentage / Threshold: 0.7
                Self-Loop Count: 4
            
2025-06-11 13:59:38,573 - INFO - Selected  Structural Graph
2025-06-11 13:59:38,576 - INFO - Selected  Structural Graph
2025-06-11 13:59:38,580 - INFO - Selected  Structural Graph
2025-06-11 13:59:38,585 - INFO - Selected  Structural Graph
2025-06-11 13:59:38,600 - INFO - Selected  Attribute Graph: 
                Self-Loop Weight: 1.2
                Self-Loop Percentage / Threshold: 0.7
                Self-Loop Count: 2
            
2025-06-11 13:59:38,619 - INFO - Selected  Attribute Graph: 
                Self-Loop Weight: 1.2
                Self-Loop Percentage / Threshold: 0.7
                Self-Loop Count: 3
            
2025-06-11 13:59:38,661 - INFO - Selected  Attribute Graph: 
                Self-Loop Weight: 1.2
                Self-Loop Percentage / Threshold: 0.7
                Self-Loop Count: 4
            
2025-06-11 13:59:38,680 - INFO - Selected  Structural Graph
2025-06-11 13:59:38,688 - INFO - Selected  Attribute Graph: 
                Self-Loop Weight: 1.2
                Self-Loop Percentage / Threshold: 0.7
                Self-Loop Count: 3
            
2025-06-11 13:59:38,700 - INFO - Selected  Structural Graph
2025-06-11 13:59:38,710 - INFO - Selected  Structural Graph
2025-06-11 13:59:38,722 - INFO - Selected  Structural Graph
2025-06-11 13:59:38,733 - INFO - Selected  Structural Graph
2025-06-11 13:59:38,768 - INFO - Selected  Attribute Graph: 
                Self-Loop Weight: 1.2
                Self-Loop Percentage / Threshold: 0.7
                Self-Loop Count: 2
            
2025-06-11 13:59:38,829 - INFO - Selected  Structural Graph
2025-06-11 13:59:38,836 - INFO - Selected  Attribute Graph: 
                Self-Loop Weight: 1.2
                Self-Loop Percentage / Threshold: 0.7
                Self-Loop Count: 7
            
2025-06-11 13:59:38,845 - INFO - Selected  Attribute Graph: 
                Self-Loop Weight: 1.2
                Self-Loop Percentage / Threshold: 0.7
                Self-Loop Count: 4
            
2025-06-11 13:59:38,856 - INFO - Selected  Attribute Graph: 
                Self-Loop Weight: 1.2
                Self-Loop Percentage / Threshold: 0.7
                Self-Loop Count: 7
            
2025-06-11 13:59:38,868 - INFO - Selected  Attribute Graph: 
                Self-Loop Weight: 1.2
                Self-Loop Percentage / Threshold: 0.7
                Self-Loop Count: 4
            
2025-06-11 13:59:38,893 - INFO - Selected  Attribute Graph: 
                Self-Loop Weight: 1.2
                Self-Loop Percentage / Threshold: 0.7
                Self-Loop Count: 3
            
2025-06-11 13:59:39,034 - INFO - Selected  Structural Graph
2025-06-11 13:59:39,056 - INFO - Selected  Structural Graph
2025-06-11 13:59:39,059 - INFO - Selected  Structural Graph
2025-06-11 13:59:39,068 - INFO - Selected  Structural Graph
2025-06-11 13:59:39,105 - INFO - Selected  Attribute Graph: 
                Self-Loop Weight: 1.2
                Self-Loop Percentage / Threshold: 0.7
                Self-Loop Count: 6
            
2025-06-11 13:59:39,151 - INFO - Selected  Attribute Graph: 
                Self-Loop Weight: 1.2
                Self-Loop Percentage / Threshold: 0.7
                Self-Loop Count: 8
            
2025-06-11 13:59:39,169 - INFO - Selected  Structural Graph
2025-06-11 13:59:39,180 - INFO - Selected  Structural Graph
2025-06-11 13:59:39,202 - INFO - Selected  Attribute Graph: 
                Self-Loop Weight: 1.2
                Self-Loop Percentage / Threshold: 0.7
                Self-Loop Count: 1
            
2025-06-11 13:59:39,217 - INFO - Selected  Structural Graph
2025-06-11 13:59:39,223 - INFO - Selected  Attribute Graph: 
                Self-Loop Weight: 1.2
                Self-Loop Percentage / Threshold: 0.7
                Self-Loop Count: 2
            
2025-06-11 13:59:39,250 - INFO - Selected  Structural Graph
2025-06-11 13:59:39,273 - INFO - Selected  Structural Graph
2025-06-11 13:59:39,280 - INFO - Selected  Attribute Graph: 
                Self-Loop Weight: 1.2
                Self-Loop Percentage / Threshold: 0.7
                Self-Loop Count: 2
            
2025-06-11 13:59:39,283 - INFO - Selected  Structural Graph
2025-06-11 13:59:39,315 - INFO - Selected  Attribute Graph: 
                Self-Loop Weight: 1.2
                Self-Loop Percentage / Threshold: 0.7
                Self-Loop Count: 2
            
2025-06-11 13:59:39,340 - INFO - Selected  Structural Graph
2025-06-11 13:59:39,347 - INFO - Selected  Structural Graph
2025-06-11 13:59:39,351 - INFO - Selected  Structural Graph
2025-06-11 13:59:39,357 - INFO - Selected  Attribute Graph: 
                Self-Loop Weight: 1.2
                Self-Loop Percentage / Threshold: 0.7
                Self-Loop Count: 1
            
2025-06-11 13:59:39,364 - INFO - Selected  Structural Graph
2025-06-11 13:59:39,400 - INFO - Selected  Attribute Graph: 
                Self-Loop Weight: 1.2
                Self-Loop Percentage / Threshold: 0.7
                Self-Loop Count: 3
            
2025-06-11 13:59:39,425 - INFO - Selected  Attribute Graph: 
                Self-Loop Weight: 1.2
                Self-Loop Percentage / Threshold: 0.7
                Self-Loop Count: 2
            
2025-06-11 13:59:39,449 - INFO - Selected  Attribute Graph: 
                Self-Loop Weight: 1.2
                Self-Loop Percentage / Threshold: 0.7
                Self-Loop Count: 2
            
2025-06-11 13:59:39,466 - INFO - Selected  Structural Graph
2025-06-11 13:59:39,475 - INFO - Selected  Structural Graph
2025-06-11 13:59:39,515 - INFO - Selected  Attribute Graph: 
                Self-Loop Weight: 1.2
                Self-Loop Percentage / Threshold: 0.7
                Self-Loop Count: 1
            
2025-06-11 13:59:39,528 - INFO - Selected  Structural Graph
2025-06-11 13:59:39,540 - INFO - Selected  Structural Graph
2025-06-11 13:59:39,561 - INFO - Selected  Structural Graph
2025-06-11 13:59:39,585 - INFO - Selected  Structural Graph
2025-06-11 13:59:39,595 - INFO - Selected  Structural Graph
2025-06-11 13:59:39,608 - INFO - Selected  Attribute Graph: 
                Self-Loop Weight: 1.2
                Self-Loop Percentage / Threshold: 0.7
                Self-Loop Count: 2
            
2025-06-11 13:59:39,618 - INFO - Selected  Attribute Graph: 
                Self-Loop Weight: 1.2
                Self-Loop Percentage / Threshold: 0.7
                Self-Loop Count: 5
            
2025-06-11 13:59:39,631 - INFO - Selected  Attribute Graph: 
                Self-Loop Weight: 1.2
                Self-Loop Percentage / Threshold: 0.7
                Self-Loop Count: 4
            
2025-06-11 13:59:39,641 - INFO - Selected  Structural Graph
2025-06-11 13:59:39,644 - INFO - Selected  Attribute Graph: 
                Self-Loop Weight: 1.2
                Self-Loop Percentage / Threshold: 0.7
                Self-Loop Count: 2
            
2025-06-11 13:59:39,684 - INFO - Selected  Attribute Graph: 
                Self-Loop Weight: 1.2
                Self-Loop Percentage / Threshold: 0.7
                Self-Loop Count: 5
            
2025-06-11 13:59:39,697 - INFO - Selected  Attribute Graph: 
                Self-Loop Weight: 1.2
                Self-Loop Percentage / Threshold: 0.7
                Self-Loop Count: 4
            
2025-06-11 13:59:39,708 - INFO - Selected  Attribute Graph: 
                Self-Loop Weight: 1.2
                Self-Loop Percentage / Threshold: 0.7
                Self-Loop Count: 2
            
2025-06-11 13:59:39,730 - INFO - Selected  Attribute Graph: 
                Self-Loop Weight: 1.2
                Self-Loop Percentage / Threshold: 0.7
                Self-Loop Count: 9
            
2025-06-11 13:59:39,753 - INFO - Selected  Attribute Graph: 
                Self-Loop Weight: 1.2
                Self-Loop Percentage / Threshold: 0.7
                Self-Loop Count: 4
            
2025-06-11 13:59:39,777 - INFO - Selected  Attribute Graph: 
                Self-Loop Weight: 1.2
                Self-Loop Percentage / Threshold: 0.7
                Self-Loop Count: 5
            
2025-06-11 13:59:39,787 - INFO - Selected  Structural Graph
2025-06-11 13:59:39,799 - INFO - Selected  Structural Graph
2025-06-11 13:59:39,809 - INFO - Selected  Structural Graph
2025-06-11 13:59:39,829 - INFO - Selected  Attribute Graph: 
                Self-Loop Weight: 1.2
                Self-Loop Percentage / Threshold: 0.7
                Self-Loop Count: 1
            
2025-06-11 13:59:39,841 - INFO - Selected  Structural Graph
2025-06-11 13:59:39,852 - INFO - Selected  Attribute Graph: 
                Self-Loop Weight: 1.2
                Self-Loop Percentage / Threshold: 0.7
                Self-Loop Count: 4
            
2025-06-11 13:59:39,870 - INFO - Selected  Attribute Graph: 
                Self-Loop Weight: 1.2
                Self-Loop Percentage / Threshold: 0.7
                Self-Loop Count: 4
            
2025-06-11 13:59:39,885 - INFO - Selected  Structural Graph
2025-06-11 13:59:39,903 - INFO - Selected  Structural Graph
2025-06-11 13:59:39,910 - INFO - Selected  Structural Graph
2025-06-11 13:59:39,930 - INFO - Selected  Structural Graph
2025-06-11 13:59:39,980 - INFO - Selected  Attribute Graph: 
                Self-Loop Weight: 1.2
                Self-Loop Percentage / Threshold: 0.7
                Self-Loop Count: 4
            
2025-06-11 13:59:40,031 - INFO - Selected  Attribute Graph: 
                Self-Loop Weight: 1.2
                Self-Loop Percentage / Threshold: 0.7
                Self-Loop Count: 2
            
2025-06-11 13:59:40,047 - INFO - Selected  Structural Graph
2025-06-11 13:59:40,065 - INFO - Selected  Attribute Graph: 
                Self-Loop Weight: 1.2
                Self-Loop Percentage / Threshold: 0.7
                Self-Loop Count: 5
            
2025-06-11 13:59:40,079 - INFO - Selected  Structural Graph
2025-06-11 13:59:40,092 - INFO - Selected  Structural Graph
2025-06-11 13:59:40,101 - INFO - Selected  Structural Graph
2025-06-11 13:59:40,113 - INFO - Selected  Attribute Graph: 
                Self-Loop Weight: 1.2
                Self-Loop Percentage / Threshold: 0.7
                Self-Loop Count: 2
            
2025-06-11 13:59:40,123 - INFO - Selected  Attribute Graph: 
                Self-Loop Weight: 1.2
                Self-Loop Percentage / Threshold: 0.7
                Self-Loop Count: 5
            
2025-06-11 13:59:40,167 - INFO - Selected  Structural Graph
2025-06-11 13:59:40,179 - INFO - Selected  Attribute Graph: 
                Self-Loop Weight: 1.2
                Self-Loop Percentage / Threshold: 0.7
                Self-Loop Count: 2
            
2025-06-11 13:59:40,214 - INFO - Selected  Structural Graph
2025-06-11 13:59:40,219 - INFO - Selected  Structural Graph
2025-06-11 13:59:40,224 - INFO - Selected  Structural Graph
2025-06-11 13:59:40,227 - INFO - Selected  Structural Graph
2025-06-11 13:59:40,230 - INFO - Selected  Structural Graph
2025-06-11 13:59:40,250 - INFO - Selected  Attribute Graph: 
                Self-Loop Weight: 1.2
                Self-Loop Percentage / Threshold: 0.7
                Self-Loop Count: 2
            
2025-06-11 13:59:40,269 - INFO - Selected  Attribute Graph: 
                Self-Loop Weight: 1.2
                Self-Loop Percentage / Threshold: 0.7
                Self-Loop Count: 3
            
2025-06-11 13:59:40,273 - INFO - Selected  Structural Graph
2025-06-11 13:59:40,289 - INFO - Selected  Structural Graph
2025-06-11 13:59:40,292 - INFO - Selected  Structural Graph
2025-06-11 13:59:40,305 - INFO - Selected  Structural Graph
2025-06-11 13:59:40,337 - INFO - Selected  Structural Graph
2025-06-11 13:59:40,401 - INFO - Selected  Attribute Graph: 
                Self-Loop Weight: 1.2
                Self-Loop Percentage / Threshold: 0.7
                Self-Loop Count: 4
            
2025-06-11 13:59:40,443 - INFO - Selected  Structural Graph
2025-06-11 13:59:40,448 - INFO - Selected  Attribute Graph: 
                Self-Loop Weight: 1.2
                Self-Loop Percentage / Threshold: 0.7
                Self-Loop Count: 1
            
2025-06-11 13:59:40,489 - INFO - Selected  Attribute Graph: 
                Self-Loop Weight: 1.2
                Self-Loop Percentage / Threshold: 0.7
                Self-Loop Count: 4
            
2025-06-11 13:59:40,506 - INFO - Selected  Structural Graph
2025-06-11 13:59:40,548 - INFO - Selected  Structural Graph
2025-06-11 13:59:40,568 - INFO - Selected  Structural Graph
2025-06-11 13:59:40,585 - INFO - Selected  Structural Graph
2025-06-11 13:59:40,594 - INFO - Selected  Structural Graph
2025-06-11 13:59:40,605 - INFO - Selected  Structural Graph
2025-06-11 13:59:40,624 - INFO - Selected  Attribute Graph: 
                Self-Loop Weight: 1.2
                Self-Loop Percentage / Threshold: 0.7
                Self-Loop Count: 3
            
2025-06-11 13:59:40,640 - INFO - Selected  Structural Graph
2025-06-11 13:59:40,651 - INFO - Selected  Attribute Graph: 
                Self-Loop Weight: 1.2
                Self-Loop Percentage / Threshold: 0.7
                Self-Loop Count: 1
            
2025-06-11 13:59:40,660 - INFO - Selected  Attribute Graph: 
                Self-Loop Weight: 1.2
                Self-Loop Percentage / Threshold: 0.7
                Self-Loop Count: 3
            
2025-06-11 13:59:40,671 - INFO - Selected  Attribute Graph: 
                Self-Loop Weight: 1.2
                Self-Loop Percentage / Threshold: 0.7
                Self-Loop Count: 2
            
2025-06-11 13:59:40,682 - INFO - Selected  Attribute Graph: 
                Self-Loop Weight: 1.2
                Self-Loop Percentage / Threshold: 0.7
                Self-Loop Count: 5
            
2025-06-11 13:59:40,766 - INFO - Selected  Structural Graph
2025-06-11 13:59:40,794 - INFO - Selected  Attribute Graph: 
                Self-Loop Weight: 1.2
                Self-Loop Percentage / Threshold: 0.7
                Self-Loop Count: 1
            
2025-06-11 13:59:40,797 - INFO - Selected  Attribute Graph: 
                Self-Loop Weight: 1.2
                Self-Loop Percentage / Threshold: 0.7
                Self-Loop Count: 3
            
2025-06-11 13:59:40,805 - INFO - Selected  Structural Graph
2025-06-11 13:59:40,807 - INFO - Selected  Attribute Graph: 
                Self-Loop Weight: 1.2
                Self-Loop Percentage / Threshold: 0.7
                Self-Loop Count: 1
            
2025-06-11 13:59:40,818 - INFO - Selected  Attribute Graph: 
                Self-Loop Weight: 1.2
                Self-Loop Percentage / Threshold: 0.7
                Self-Loop Count: 2
            
2025-06-11 13:59:40,832 - INFO - Selected  Attribute Graph: 
                Self-Loop Weight: 1.2
                Self-Loop Percentage / Threshold: 0.7
                Self-Loop Count: 2
            
2025-06-11 13:59:40,981 - INFO - Selected  Structural Graph
2025-06-11 13:59:41,018 - INFO - Selected  Attribute Graph: 
                Self-Loop Weight: 1.2
                Self-Loop Percentage / Threshold: 0.7
                Self-Loop Count: 8
            
2025-06-11 13:59:41,040 - INFO - Selected  Attribute Graph: 
                Self-Loop Weight: 1.2
                Self-Loop Percentage / Threshold: 0.7
                Self-Loop Count: 3
            
2025-06-11 13:59:41,088 - INFO - Selected  Attribute Graph: 
                Self-Loop Weight: 1.2
                Self-Loop Percentage / Threshold: 0.7
                Self-Loop Count: 2
            
2025-06-11 13:59:41,091 - INFO - Selected  Structural Graph
2025-06-11 13:59:41,120 - INFO - Selected  Structural Graph
2025-06-11 13:59:41,125 - INFO - Selected  Attribute Graph: 
                Self-Loop Weight: 1.2
                Self-Loop Percentage / Threshold: 0.7
                Self-Loop Count: 4
            
2025-06-11 13:59:41,143 - INFO - Selected  Attribute Graph: 
                Self-Loop Weight: 1.2
                Self-Loop Percentage / Threshold: 0.7
                Self-Loop Count: 1
            
2025-06-11 13:59:41,154 - INFO - Selected  Structural Graph
2025-06-11 13:59:41,170 - INFO - Selected  Attribute Graph: 
                Self-Loop Weight: 1.2
                Self-Loop Percentage / Threshold: 0.7
                Self-Loop Count: 3
            
2025-06-11 13:59:41,209 - INFO - Selected  Structural Graph
2025-06-11 13:59:41,235 - INFO - Selected  Attribute Graph: 
                Self-Loop Weight: 1.2
                Self-Loop Percentage / Threshold: 0.7
                Self-Loop Count: 3
            
2025-06-11 13:59:41,268 - INFO - Selected  Structural Graph
2025-06-11 13:59:41,271 - INFO - Selected  Structural Graph
2025-06-11 13:59:41,287 - INFO - Selected  Structural Graph
2025-06-11 13:59:41,292 - INFO - Selected  Attribute Graph: 
                Self-Loop Weight: 1.2
                Self-Loop Percentage / Threshold: 0.7
                Self-Loop Count: 3
            
2025-06-11 13:59:41,298 - INFO - Selected  Structural Graph
2025-06-11 13:59:41,316 - INFO - Selected  Structural Graph
2025-06-11 13:59:41,332 - INFO - Selected  Attribute Graph: 
                Self-Loop Weight: 1.2
                Self-Loop Percentage / Threshold: 0.7
                Self-Loop Count: 5
            
2025-06-11 13:59:41,347 - INFO - Selected  Attribute Graph: 
                Self-Loop Weight: 1.2
                Self-Loop Percentage / Threshold: 0.7
                Self-Loop Count: 3
            
2025-06-11 13:59:41,355 - INFO - Selected  Structural Graph
2025-06-11 13:59:41,364 - INFO - Selected  Attribute Graph: 
                Self-Loop Weight: 1.2
                Self-Loop Percentage / Threshold: 0.7
                Self-Loop Count: 8
            
2025-06-11 13:59:41,401 - INFO - Selected  Structural Graph
2025-06-11 13:59:41,452 - INFO - Selected  Attribute Graph: 
                Self-Loop Weight: 1.2
                Self-Loop Percentage / Threshold: 0.7
                Self-Loop Count: 2
            
2025-06-11 13:59:41,471 - INFO - Selected  Structural Graph
2025-06-11 13:59:41,489 - INFO - Selected  Structural Graph
2025-06-11 13:59:41,499 - INFO - Selected  Structural Graph
2025-06-11 13:59:41,521 - INFO - Selected  Attribute Graph: 
                Self-Loop Weight: 1.2
                Self-Loop Percentage / Threshold: 0.7
                Self-Loop Count: 3
            
2025-06-11 13:59:41,536 - INFO - Selected  Attribute Graph: 
                Self-Loop Weight: 1.2
                Self-Loop Percentage / Threshold: 0.7
                Self-Loop Count: 2
            
2025-06-11 13:59:41,542 - INFO - Selected  Structural Graph
2025-06-11 13:59:41,563 - INFO - Selected  Structural Graph
2025-06-11 13:59:41,574 - INFO - Selected  Structural Graph
2025-06-11 13:59:41,603 - INFO - Selected  Attribute Graph: 
                Self-Loop Weight: 1.2
                Self-Loop Percentage / Threshold: 0.7
                Self-Loop Count: 2
            
2025-06-11 13:59:41,626 - INFO - Selected  Structural Graph
2025-06-11 13:59:41,637 - INFO - Selected  Attribute Graph: 
                Self-Loop Weight: 1.2
                Self-Loop Percentage / Threshold: 0.7
                Self-Loop Count: 3
            
2025-06-11 13:59:41,664 - INFO - Selected  Attribute Graph: 
                Self-Loop Weight: 1.2
                Self-Loop Percentage / Threshold: 0.7
                Self-Loop Count: 1
            
2025-06-11 13:59:41,729 - INFO - Selected  Attribute Graph: 
                Self-Loop Weight: 1.2
                Self-Loop Percentage / Threshold: 0.7
                Self-Loop Count: 4
            
2025-06-11 13:59:41,750 - INFO - Selected  Attribute Graph: 
                Self-Loop Weight: 1.2
                Self-Loop Percentage / Threshold: 0.7
                Self-Loop Count: 4
            
2025-06-11 13:59:41,769 - INFO - Selected  Structural Graph
2025-06-11 13:59:41,792 - INFO - Selected  Structural Graph
2025-06-11 13:59:41,801 - INFO - Selected  Attribute Graph: 
                Self-Loop Weight: 1.2
                Self-Loop Percentage / Threshold: 0.7
                Self-Loop Count: 5
            
2025-06-11 13:59:41,818 - INFO - Selected  Attribute Graph: 
                Self-Loop Weight: 1.2
                Self-Loop Percentage / Threshold: 0.7
                Self-Loop Count: 2
            
2025-06-11 13:59:41,857 - INFO - Selected  Attribute Graph: 
                Self-Loop Weight: 1.2
                Self-Loop Percentage / Threshold: 0.7
                Self-Loop Count: 3
            
2025-06-11 13:59:41,883 - INFO - Selected  Attribute Graph: 
                Self-Loop Weight: 1.2
                Self-Loop Percentage / Threshold: 0.7
                Self-Loop Count: 3
            
2025-06-11 13:59:41,896 - INFO - Selected  Structural Graph
2025-06-11 13:59:41,936 - INFO - Selected  Attribute Graph: 
                Self-Loop Weight: 1.2
                Self-Loop Percentage / Threshold: 0.7
                Self-Loop Count: 1
            
2025-06-11 13:59:41,961 - INFO - Selected  Structural Graph
2025-06-11 13:59:41,976 - INFO - Selected  Structural Graph
2025-06-11 13:59:41,998 - INFO - Selected  Structural Graph
2025-06-11 13:59:42,015 - INFO - Selected  Attribute Graph: 
                Self-Loop Weight: 1.2
                Self-Loop Percentage / Threshold: 0.7
                Self-Loop Count: 8
            
2025-06-11 13:59:42,037 - INFO - Selected  Structural Graph
2025-06-11 13:59:42,083 - INFO - Selected  Structural Graph
2025-06-11 13:59:42,130 - INFO - Selected  Structural Graph
2025-06-11 13:59:42,155 - INFO - Selected  Structural Graph
2025-06-11 13:59:42,183 - INFO - Selected  Structural Graph
2025-06-11 13:59:42,205 - INFO - Selected  Structural Graph
2025-06-11 13:59:42,219 - INFO - Selected  Attribute Graph: 
                Self-Loop Weight: 1.2
                Self-Loop Percentage / Threshold: 0.7
                Self-Loop Count: 2
            
2025-06-11 13:59:42,238 - INFO - Selected  Attribute Graph: 
                Self-Loop Weight: 1.2
                Self-Loop Percentage / Threshold: 0.7
                Self-Loop Count: 1
            
2025-06-11 13:59:42,262 - INFO - Selected  Structural Graph
2025-06-11 13:59:42,285 - INFO - Selected  Structural Graph
2025-06-11 13:59:42,299 - INFO - Selected  Structural Graph
2025-06-11 13:59:42,306 - INFO - Selected  Structural Graph
2025-06-11 13:59:42,309 - INFO - Selected  Attribute Graph: 
                Self-Loop Weight: 1.2
                Self-Loop Percentage / Threshold: 0.7
                Self-Loop Count: 2
            
2025-06-11 13:59:42,313 - INFO - Selected  Attribute Graph: 
                Self-Loop Weight: 1.2
                Self-Loop Percentage / Threshold: 0.7
                Self-Loop Count: 5
            
2025-06-11 13:59:42,388 - INFO - Selected  Attribute Graph: 
                Self-Loop Weight: 1.2
                Self-Loop Percentage / Threshold: 0.7
                Self-Loop Count: 2
            
2025-06-11 13:59:42,414 - INFO - Selected  Attribute Graph: 
                Self-Loop Weight: 1.2
                Self-Loop Percentage / Threshold: 0.7
                Self-Loop Count: 6
            
2025-06-11 13:59:42,432 - INFO - Selected  Attribute Graph: 
                Self-Loop Weight: 1.2
                Self-Loop Percentage / Threshold: 0.7
                Self-Loop Count: 1
            
2025-06-11 13:59:42,441 - INFO - Selected  Attribute Graph: 
                Self-Loop Weight: 1.2
                Self-Loop Percentage / Threshold: 0.7
                Self-Loop Count: 1
            
2025-06-11 13:59:42,453 - INFO - Selected  Structural Graph
2025-06-11 13:59:42,474 - INFO - Selected  Attribute Graph: 
                Self-Loop Weight: 1.2
                Self-Loop Percentage / Threshold: 0.7
                Self-Loop Count: 3
            
2025-06-11 13:59:42,489 - INFO - Selected  Structural Graph
2025-06-11 13:59:42,492 - INFO - Selected  Structural Graph
2025-06-11 13:59:42,502 - INFO - Selected  Structural Graph
2025-06-11 13:59:42,532 - INFO - Selected  Structural Graph
2025-06-11 13:59:42,537 - INFO - Selected  Structural Graph
2025-06-11 13:59:42,583 - INFO - Selected  Attribute Graph: 
                Self-Loop Weight: 1.2
                Self-Loop Percentage / Threshold: 0.7
                Self-Loop Count: 2
            
2025-06-11 13:59:42,611 - INFO - Selected  Structural Graph
2025-06-11 13:59:42,622 - INFO - Selected  Attribute Graph: 
                Self-Loop Weight: 1.2
                Self-Loop Percentage / Threshold: 0.7
                Self-Loop Count: 2
            
2025-06-11 13:59:42,635 - INFO - Selected  Attribute Graph: 
                Self-Loop Weight: 1.2
                Self-Loop Percentage / Threshold: 0.7
                Self-Loop Count: 1
            
2025-06-11 13:59:42,650 - INFO - Selected  Structural Graph
2025-06-11 13:59:42,670 - INFO - Selected  Attribute Graph: 
                Self-Loop Weight: 1.2
                Self-Loop Percentage / Threshold: 0.7
                Self-Loop Count: 7
            
2025-06-11 13:59:42,680 - INFO - Selected  Attribute Graph: 
                Self-Loop Weight: 1.2
                Self-Loop Percentage / Threshold: 0.7
                Self-Loop Count: 2
            
2025-06-11 13:59:42,706 - INFO - Selected  Attribute Graph: 
                Self-Loop Weight: 1.2
                Self-Loop Percentage / Threshold: 0.7
                Self-Loop Count: 2
            
2025-06-11 13:59:42,714 - INFO - Selected  Attribute Graph: 
                Self-Loop Weight: 1.2
                Self-Loop Percentage / Threshold: 0.7
                Self-Loop Count: 2
            
2025-06-11 13:59:42,789 - INFO - Selected  Attribute Graph: 
                Self-Loop Weight: 1.2
                Self-Loop Percentage / Threshold: 0.7
                Self-Loop Count: 3
            
2025-06-11 13:59:42,819 - INFO - Selected  Structural Graph
2025-06-11 13:59:42,972 - INFO - Selected  Attribute Graph: 
                Self-Loop Weight: 1.2
                Self-Loop Percentage / Threshold: 0.7
                Self-Loop Count: 4
            
2025-06-11 13:59:42,997 - INFO - Selected  Structural Graph
2025-06-11 13:59:43,024 - INFO - Selected  Attribute Graph: 
                Self-Loop Weight: 1.2
                Self-Loop Percentage / Threshold: 0.7
                Self-Loop Count: 1
            
2025-06-11 13:59:43,046 - INFO - Selected  Attribute Graph: 
                Self-Loop Weight: 1.2
                Self-Loop Percentage / Threshold: 0.7
                Self-Loop Count: 4
            
2025-06-11 13:59:43,068 - INFO - Selected  Structural Graph
2025-06-11 13:59:43,080 - INFO - Selected  Attribute Graph: 
                Self-Loop Weight: 1.2
                Self-Loop Percentage / Threshold: 0.7
                Self-Loop Count: 2
            
2025-06-11 13:59:43,126 - INFO - Selected  Structural Graph
2025-06-11 13:59:43,139 - INFO - Selected  Structural Graph
2025-06-11 13:59:43,168 - INFO - Selected  Attribute Graph: 
                Self-Loop Weight: 1.2
                Self-Loop Percentage / Threshold: 0.7
                Self-Loop Count: 2
            
2025-06-11 13:59:43,224 - INFO - Selected  Structural Graph
2025-06-11 13:59:43,237 - INFO - Selected  Attribute Graph: 
                Self-Loop Weight: 1.2
                Self-Loop Percentage / Threshold: 0.7
                Self-Loop Count: 4
            
2025-06-11 13:59:43,263 - INFO - Selected  Structural Graph
2025-06-11 13:59:43,292 - INFO - Selected  Attribute Graph: 
                Self-Loop Weight: 1.2
                Self-Loop Percentage / Threshold: 0.7
                Self-Loop Count: 7
            
2025-06-11 13:59:43,315 - INFO - Selected  Attribute Graph: 
                Self-Loop Weight: 1.2
                Self-Loop Percentage / Threshold: 0.7
                Self-Loop Count: 3
            
2025-06-11 13:59:43,359 - INFO - Selected  Attribute Graph: 
                Self-Loop Weight: 1.2
                Self-Loop Percentage / Threshold: 0.7
                Self-Loop Count: 5
            
2025-06-11 13:59:43,382 - INFO - Selected  Structural Graph
2025-06-11 13:59:43,404 - INFO - Selected  Structural Graph
2025-06-11 13:59:43,463 - INFO - Selected  Attribute Graph: 
                Self-Loop Weight: 1.2
                Self-Loop Percentage / Threshold: 0.7
                Self-Loop Count: 3
            
2025-06-11 13:59:43,472 - INFO - Selected  Attribute Graph: 
                Self-Loop Weight: 1.2
                Self-Loop Percentage / Threshold: 0.7
                Self-Loop Count: 1
            
2025-06-11 13:59:43,493 - INFO - Selected  Structural Graph
2025-06-11 13:59:43,516 - INFO - Selected  Structural Graph
2025-06-11 13:59:43,525 - INFO - Selected  Attribute Graph: 
                Self-Loop Weight: 1.2
                Self-Loop Percentage / Threshold: 0.7
                Self-Loop Count: 6
            
2025-06-11 13:59:43,538 - INFO - Selected  Attribute Graph: 
                Self-Loop Weight: 1.2
                Self-Loop Percentage / Threshold: 0.7
                Self-Loop Count: 2
            
2025-06-11 13:59:43,594 - INFO - Selected  Attribute Graph: 
                Self-Loop Weight: 1.2
                Self-Loop Percentage / Threshold: 0.7
                Self-Loop Count: 5
            
2025-06-11 13:59:43,617 - INFO - Selected  Structural Graph
2025-06-11 13:59:43,623 - INFO - Selected  Structural Graph
2025-06-11 13:59:43,635 - INFO - Selected  Structural Graph
2025-06-11 13:59:43,673 - INFO - Selected  Attribute Graph: 
                Self-Loop Weight: 1.2
                Self-Loop Percentage / Threshold: 0.7
                Self-Loop Count: 4
            
2025-06-11 13:59:43,698 - INFO - Selected  Structural Graph
2025-06-11 13:59:43,707 - INFO - Selected  Structural Graph
2025-06-11 13:59:43,733 - INFO - Selected  Structural Graph
2025-06-11 13:59:43,744 - INFO - Selected  Structural Graph
2025-06-11 13:59:43,748 - INFO - Selected  Structural Graph
2025-06-11 13:59:43,771 - INFO - Selected  Structural Graph
2025-06-11 13:59:43,818 - INFO - Selected  Structural Graph
2025-06-11 13:59:43,843 - INFO - Selected  Attribute Graph: 
                Self-Loop Weight: 1.2
                Self-Loop Percentage / Threshold: 0.7
                Self-Loop Count: 3
            
2025-06-11 13:59:43,855 - INFO - Selected  Attribute Graph: 
                Self-Loop Weight: 1.2
                Self-Loop Percentage / Threshold: 0.7
                Self-Loop Count: 3
            
2025-06-11 13:59:43,867 - INFO - Selected  Attribute Graph: 
                Self-Loop Weight: 1.2
                Self-Loop Percentage / Threshold: 0.7
                Self-Loop Count: 3
            
2025-06-11 13:59:43,928 - INFO - Selected  Structural Graph
2025-06-11 13:59:43,949 - INFO - Selected  Structural Graph
2025-06-11 13:59:43,971 - INFO - Selected  Structural Graph
2025-06-11 13:59:43,994 - INFO - Selected  Structural Graph
2025-06-11 13:59:44,030 - INFO - Selected  Attribute Graph: 
                Self-Loop Weight: 1.2
                Self-Loop Percentage / Threshold: 0.7
                Self-Loop Count: 5
            
2025-06-11 13:59:44,059 - INFO - Selected  Attribute Graph: 
                Self-Loop Weight: 1.2
                Self-Loop Percentage / Threshold: 0.7
                Self-Loop Count: 2
            
2025-06-11 13:59:44,075 - INFO - Selected  Attribute Graph: 
                Self-Loop Weight: 1.2
                Self-Loop Percentage / Threshold: 0.7
                Self-Loop Count: 6
            
2025-06-11 13:59:44,096 - INFO - Selected  Structural Graph
2025-06-11 13:59:44,115 - INFO - Selected  Structural Graph
2025-06-11 13:59:44,150 - INFO - Selected  Structural Graph
2025-06-11 13:59:44,155 - INFO - Selected  Attribute Graph: 
                Self-Loop Weight: 1.2
                Self-Loop Percentage / Threshold: 0.7
                Self-Loop Count: 6
            
2025-06-11 13:59:44,172 - INFO - Selected  Structural Graph
2025-06-11 13:59:44,197 - INFO - Selected  Structural Graph
2025-06-11 13:59:44,479 - INFO - Selected  Attribute Graph: 
                Self-Loop Weight: 1.2
                Self-Loop Percentage / Threshold: 0.7
                Self-Loop Count: 1
            
2025-06-11 13:59:44,656 - INFO - Selected  Attribute Graph: 
                Self-Loop Weight: 1.2
                Self-Loop Percentage / Threshold: 0.7
                Self-Loop Count: 2
            
2025-06-11 13:59:44,957 - INFO - Selected  Structural Graph
2025-06-11 13:59:45,205 - INFO - Selected  Attribute Graph: 
                Self-Loop Weight: 1.2
                Self-Loop Percentage / Threshold: 0.7
                Self-Loop Count: 4
            
2025-06-11 13:59:45,316 - INFO - Selected  Attribute Graph: 
                Self-Loop Weight: 1.2
                Self-Loop Percentage / Threshold: 0.7
                Self-Loop Count: 2
            
2025-06-11 13:59:45,455 - INFO - Selected  Structural Graph
2025-06-11 13:59:45,578 - INFO - Selected  Structural Graph
2025-06-11 13:59:45,684 - INFO - Selected  Attribute Graph: 
                Self-Loop Weight: 1.2
                Self-Loop Percentage / Threshold: 0.7
                Self-Loop Count: 4
            
2025-06-11 13:59:45,872 - INFO - Selected  Attribute Graph: 
                Self-Loop Weight: 1.2
                Self-Loop Percentage / Threshold: 0.7
                Self-Loop Count: 2
            
2025-06-11 13:59:46,004 - INFO - Selected  Structural Graph
2025-06-11 13:59:46,192 - INFO - Selected  Attribute Graph: 
                Self-Loop Weight: 1.2
                Self-Loop Percentage / Threshold: 0.7
                Self-Loop Count: 2
            
2025-06-11 13:59:46,295 - INFO - Selected  Attribute Graph: 
                Self-Loop Weight: 1.2
                Self-Loop Percentage / Threshold: 0.7
                Self-Loop Count: 4
            
2025-06-11 13:59:46,369 - INFO - Selected  Structural Graph
2025-06-11 13:59:46,515 - INFO - Selected  Structural Graph
2025-06-11 13:59:46,605 - INFO - Selected  Structural Graph
2025-06-11 13:59:46,707 - INFO - Selected  Structural Graph
2025-06-11 13:59:46,864 - INFO - Selected  Attribute Graph: 
                Self-Loop Weight: 1.2
                Self-Loop Percentage / Threshold: 0.7
                Self-Loop Count: 1
            
2025-06-11 13:59:47,033 - INFO - Selected  Attribute Graph: 
                Self-Loop Weight: 1.2
                Self-Loop Percentage / Threshold: 0.7
                Self-Loop Count: 1
            
2025-06-11 13:59:47,150 - INFO - Selected  Structural Graph
2025-06-11 13:59:47,286 - INFO - Selected  Structural Graph
2025-06-11 13:59:47,411 - INFO - Selected  Attribute Graph: 
                Self-Loop Weight: 1.2
                Self-Loop Percentage / Threshold: 0.7
                Self-Loop Count: 3
            
2025-06-11 13:59:47,523 - INFO - Selected  Attribute Graph: 
                Self-Loop Weight: 1.2
                Self-Loop Percentage / Threshold: 0.7
                Self-Loop Count: 7
            
2025-06-11 13:59:47,762 - INFO - Selected  Attribute Graph: 
                Self-Loop Weight: 1.2
                Self-Loop Percentage / Threshold: 0.7
                Self-Loop Count: 1
            
2025-06-11 13:59:47,874 - INFO - Selected  Structural Graph
2025-06-11 13:59:47,978 - INFO - Selected  Attribute Graph: 
                Self-Loop Weight: 1.2
                Self-Loop Percentage / Threshold: 0.7
                Self-Loop Count: 1
            
2025-06-11 13:59:49,599 - INFO - Selected  Structural Graph
2025-06-11 13:59:49,742 - INFO - Selected  Attribute Graph: 
                Self-Loop Weight: 1.2
                Self-Loop Percentage / Threshold: 0.7
                Self-Loop Count: 1
            
2025-06-11 13:59:49,816 - INFO - Selected  Attribute Graph: 
                Self-Loop Weight: 1.2
                Self-Loop Percentage / Threshold: 0.7
                Self-Loop Count: 1
            
2025-06-11 13:59:49,908 - INFO - Selected  Attribute Graph: 
                Self-Loop Weight: 1.2
                Self-Loop Percentage / Threshold: 0.7
                Self-Loop Count: 3
            
2025-06-11 13:59:50,022 - INFO - Selected  Structural Graph
2025-06-11 13:59:50,293 - INFO - Selected  Structural Graph
2025-06-11 13:59:50,538 - INFO - Selected  Structural Graph
2025-06-11 13:59:50,698 - INFO - Selected  Structural Graph
2025-06-11 13:59:50,985 - INFO - Selected  Structural Graph
2025-06-11 13:59:51,287 - INFO - Selected  Attribute Graph: 
                Self-Loop Weight: 1.2
                Self-Loop Percentage / Threshold: 0.7
                Self-Loop Count: 3
            
2025-06-11 13:59:51,617 - INFO - Selected  Attribute Graph: 
                Self-Loop Weight: 1.2
                Self-Loop Percentage / Threshold: 0.7
                Self-Loop Count: 2
            
2025-06-11 13:59:51,873 - INFO - Selected  Attribute Graph: 
                Self-Loop Weight: 1.2
                Self-Loop Percentage / Threshold: 0.7
                Self-Loop Count: 4
            
2025-06-11 13:59:52,049 - INFO - Selected  Attribute Graph: 
                Self-Loop Weight: 1.2
                Self-Loop Percentage / Threshold: 0.7
                Self-Loop Count: 1
            
2025-06-11 13:59:52,512 - INFO - Selected  Attribute Graph: 
                Self-Loop Weight: 1.2
                Self-Loop Percentage / Threshold: 0.7
                Self-Loop Count: 3
            
2025-06-11 13:59:52,670 - INFO - Selected  Attribute Graph: 
                Self-Loop Weight: 1.2
                Self-Loop Percentage / Threshold: 0.7
                Self-Loop Count: 4
            
2025-06-11 13:59:52,905 - INFO - Selected  Attribute Graph: 
                Self-Loop Weight: 1.2
                Self-Loop Percentage / Threshold: 0.7
                Self-Loop Count: 3
            
2025-06-11 13:59:53,194 - INFO - Selected  Structural Graph
2025-06-11 13:59:53,430 - INFO - Selected  Attribute Graph: 
                Self-Loop Weight: 1.2
                Self-Loop Percentage / Threshold: 0.7
                Self-Loop Count: 5
            
2025-06-11 13:59:53,682 - INFO - Selected  Attribute Graph: 
                Self-Loop Weight: 1.2
                Self-Loop Percentage / Threshold: 0.7
                Self-Loop Count: 4
            
2025-06-11 13:59:53,895 - INFO - Selected  Structural Graph
2025-06-11 13:59:54,094 - INFO - Selected  Attribute Graph: 
                Self-Loop Weight: 1.2
                Self-Loop Percentage / Threshold: 0.7
                Self-Loop Count: 7
            
2025-06-11 13:59:54,250 - INFO - Selected  Attribute Graph: 
                Self-Loop Weight: 1.2
                Self-Loop Percentage / Threshold: 0.7
                Self-Loop Count: 1
            
2025-06-11 13:59:54,382 - INFO - Selected  Attribute Graph: 
                Self-Loop Weight: 1.2
                Self-Loop Percentage / Threshold: 0.7
                Self-Loop Count: 2
            
2025-06-11 13:59:54,627 - INFO - Selected  Attribute Graph: 
                Self-Loop Weight: 1.2
                Self-Loop Percentage / Threshold: 0.7
                Self-Loop Count: 3
            
2025-06-11 13:59:54,903 - INFO - Selected  Attribute Graph: 
                Self-Loop Weight: 1.2
                Self-Loop Percentage / Threshold: 0.7
                Self-Loop Count: 1
            
2025-06-11 13:59:55,058 - INFO - Selected  Attribute Graph: 
                Self-Loop Weight: 1.2
                Self-Loop Percentage / Threshold: 0.7
                Self-Loop Count: 2
            
2025-06-11 13:59:55,195 - INFO - Selected  Attribute Graph: 
                Self-Loop Weight: 1.2
                Self-Loop Percentage / Threshold: 0.7
                Self-Loop Count: 3
            
2025-06-11 13:59:55,309 - INFO - Selected  Attribute Graph: 
                Self-Loop Weight: 1.2
                Self-Loop Percentage / Threshold: 0.7
                Self-Loop Count: 3
            
2025-06-11 13:59:55,501 - INFO - Selected  Attribute Graph: 
                Self-Loop Weight: 1.2
                Self-Loop Percentage / Threshold: 0.7
                Self-Loop Count: 3
            
2025-06-11 13:59:55,706 - INFO - Selected  Attribute Graph: 
                Self-Loop Weight: 1.2
                Self-Loop Percentage / Threshold: 0.7
                Self-Loop Count: 2
            
2025-06-11 13:59:55,925 - INFO - Selected  Attribute Graph: 
                Self-Loop Weight: 1.2
                Self-Loop Percentage / Threshold: 0.7
                Self-Loop Count: 2
            
2025-06-11 13:59:56,148 - INFO - Selected  Attribute Graph: 
                Self-Loop Weight: 1.2
                Self-Loop Percentage / Threshold: 0.7
                Self-Loop Count: 3
            
2025-06-11 13:59:56,315 - INFO - Selected  Attribute Graph: 
                Self-Loop Weight: 1.2
                Self-Loop Percentage / Threshold: 0.7
                Self-Loop Count: 4
            
2025-06-11 13:59:56,393 - INFO - Selected  Structural Graph
2025-06-11 13:59:56,483 - INFO - Selected  Attribute Graph: 
                Self-Loop Weight: 1.2
                Self-Loop Percentage / Threshold: 0.7
                Self-Loop Count: 3
            
2025-06-11 13:59:56,638 - INFO - Selected  Structural Graph
2025-06-11 13:59:56,845 - INFO - Selected  Structural Graph
2025-06-11 13:59:57,016 - INFO - Selected  Structural Graph
2025-06-11 13:59:57,298 - INFO - Selected  Structural Graph
2025-06-11 13:59:57,493 - INFO - Selected  Structural Graph
2025-06-11 13:59:57,661 - INFO - Selected  Structural Graph
2025-06-11 13:59:57,795 - INFO - Selected  Attribute Graph: 
                Self-Loop Weight: 1.2
                Self-Loop Percentage / Threshold: 0.7
                Self-Loop Count: 2
            
2025-06-11 13:59:57,972 - INFO - Selected  Structural Graph
2025-06-11 13:59:58,150 - INFO - Selected  Structural Graph
2025-06-11 13:59:58,313 - INFO - Selected  Structural Graph
2025-06-11 13:59:58,538 - INFO - Selected  Structural Graph
2025-06-11 13:59:58,681 - INFO - Selected  Attribute Graph: 
                Self-Loop Weight: 1.2
                Self-Loop Percentage / Threshold: 0.7
                Self-Loop Count: 2
            
2025-06-11 13:59:58,900 - INFO - Selected  Structural Graph
2025-06-11 13:59:59,052 - INFO - Selected  Attribute Graph: 
                Self-Loop Weight: 1.2
                Self-Loop Percentage / Threshold: 0.7
                Self-Loop Count: 2
            
2025-06-11 13:59:59,231 - INFO - Selected  Structural Graph
2025-06-11 13:59:59,448 - INFO - Selected  Structural Graph
2025-06-11 13:59:59,567 - INFO - Selected  Structural Graph
2025-06-11 13:59:59,837 - INFO - Selected  Structural Graph
2025-06-11 13:59:59,998 - INFO - Selected  Structural Graph
2025-06-11 14:00:00,185 - INFO - Selected  Structural Graph
2025-06-11 14:00:00,363 - INFO - Selected  Attribute Graph: 
                Self-Loop Weight: 1.2
                Self-Loop Percentage / Threshold: 0.7
                Self-Loop Count: 3
            
2025-06-11 14:00:00,560 - INFO - Selected  Attribute Graph: 
                Self-Loop Weight: 1.2
                Self-Loop Percentage / Threshold: 0.7
                Self-Loop Count: 2
            
2025-06-11 14:00:00,665 - INFO - Selected  Attribute Graph: 
                Self-Loop Weight: 1.2
                Self-Loop Percentage / Threshold: 0.7
                Self-Loop Count: 3
            
2025-06-11 14:00:00,819 - INFO - Selected  Attribute Graph: 
                Self-Loop Weight: 1.2
                Self-Loop Percentage / Threshold: 0.7
                Self-Loop Count: 3
            
2025-06-11 14:00:00,982 - INFO - Selected  Attribute Graph: 
                Self-Loop Weight: 1.2
                Self-Loop Percentage / Threshold: 0.7
                Self-Loop Count: 1
            
2025-06-11 14:00:01,149 - INFO - Selected  Structural Graph
2025-06-11 14:00:01,278 - INFO - Selected  Structural Graph
2025-06-11 14:00:01,416 - INFO - Selected  Attribute Graph: 
                Self-Loop Weight: 1.2
                Self-Loop Percentage / Threshold: 0.7
                Self-Loop Count: 4
            
2025-06-11 14:00:01,520 - INFO - Selected  Attribute Graph: 
                Self-Loop Weight: 1.2
                Self-Loop Percentage / Threshold: 0.7
                Self-Loop Count: 2
            
2025-06-11 14:00:01,653 - INFO - Selected  Structural Graph
2025-06-11 14:00:01,770 - INFO - Selected  Structural Graph
2025-06-11 14:00:01,860 - INFO - Selected  Structural Graph
2025-06-11 14:00:01,981 - INFO - Selected  Structural Graph
2025-06-11 14:00:02,083 - INFO - Selected  Structural Graph
2025-06-11 14:00:02,156 - INFO - Selected  Attribute Graph: 
                Self-Loop Weight: 1.2
                Self-Loop Percentage / Threshold: 0.7
                Self-Loop Count: 1
            
2025-06-11 14:00:02,422 - INFO - Selected  Structural Graph
2025-06-11 14:00:02,490 - INFO - Selected  Structural Graph
2025-06-11 14:00:02,714 - INFO - Selected  Attribute Graph: 
                Self-Loop Weight: 1.2
                Self-Loop Percentage / Threshold: 0.7
                Self-Loop Count: 1
            
2025-06-11 14:00:02,854 - INFO - Selected  Attribute Graph: 
                Self-Loop Weight: 1.2
                Self-Loop Percentage / Threshold: 0.7
                Self-Loop Count: 2
            
2025-06-11 14:00:03,010 - INFO - Selected  Attribute Graph: 
                Self-Loop Weight: 1.2
                Self-Loop Percentage / Threshold: 0.7
                Self-Loop Count: 1
            
2025-06-11 14:00:03,202 - INFO - Selected  Attribute Graph: 
                Self-Loop Weight: 1.2
                Self-Loop Percentage / Threshold: 0.7
                Self-Loop Count: 1
            
2025-06-11 14:00:03,379 - INFO - Selected  Structural Graph
2025-06-11 14:00:03,514 - INFO - Selected  Structural Graph
2025-06-11 14:00:03,680 - INFO - Selected  Attribute Graph: 
                Self-Loop Weight: 1.2
                Self-Loop Percentage / Threshold: 0.7
                Self-Loop Count: 1
            
2025-06-11 14:00:03,797 - INFO - Selected  Attribute Graph: 
                Self-Loop Weight: 1.2
                Self-Loop Percentage / Threshold: 0.7
                Self-Loop Count: 11
            
2025-06-11 14:00:03,857 - INFO - Selected  Structural Graph
2025-06-11 14:00:03,996 - INFO - Selected  Structural Graph
2025-06-11 14:00:04,016 - INFO - Selected  Structural Graph
2025-06-11 14:00:04,065 - INFO - Selected  Structural Graph
2025-06-11 14:00:04,073 - INFO - Selected  Attribute Graph: 
                Self-Loop Weight: 1.2
                Self-Loop Percentage / Threshold: 0.7
                Self-Loop Count: 1
            
2025-06-11 14:00:04,144 - INFO - Selected  Attribute Graph: 
                Self-Loop Weight: 1.2
                Self-Loop Percentage / Threshold: 0.7
                Self-Loop Count: 2
            
2025-06-11 14:00:04,301 - INFO - Selected  Structural Graph
2025-06-11 14:00:04,390 - INFO - Selected  Structural Graph
2025-06-11 14:00:04,526 - INFO - Selected  Attribute Graph: 
                Self-Loop Weight: 1.2
                Self-Loop Percentage / Threshold: 0.7
                Self-Loop Count: 2
            
2025-06-11 14:00:04,649 - INFO - Selected  Structural Graph
2025-06-11 14:00:04,715 - INFO - Selected  Structural Graph
2025-06-11 14:00:04,830 - INFO - Selected  Structural Graph
2025-06-11 14:00:04,934 - INFO - Selected  Structural Graph
2025-06-11 14:00:05,024 - INFO - Selected  Attribute Graph: 
                Self-Loop Weight: 1.2
                Self-Loop Percentage / Threshold: 0.7
                Self-Loop Count: 1
            
2025-06-11 14:00:05,233 - INFO - Selected  Attribute Graph: 
                Self-Loop Weight: 1.2
                Self-Loop Percentage / Threshold: 0.7
                Self-Loop Count: 2
            
2025-06-11 14:00:05,343 - INFO - Selected  Attribute Graph: 
                Self-Loop Weight: 1.2
                Self-Loop Percentage / Threshold: 0.7
                Self-Loop Count: 3
            
2025-06-11 14:00:05,488 - INFO - Selected  Attribute Graph: 
                Self-Loop Weight: 1.2
                Self-Loop Percentage / Threshold: 0.7
                Self-Loop Count: 3
            
2025-06-11 14:00:05,683 - INFO - Selected  Structural Graph
2025-06-11 14:00:05,813 - INFO - Selected  Structural Graph
2025-06-11 14:00:05,976 - INFO - Selected  Attribute Graph: 
                Self-Loop Weight: 1.2
                Self-Loop Percentage / Threshold: 0.7
                Self-Loop Count: 2
            
2025-06-11 14:00:06,079 - INFO - Selected  Structural Graph
2025-06-11 14:00:06,280 - INFO - Selected  Structural Graph
2025-06-11 14:00:06,381 - INFO - Selected  Structural Graph
2025-06-11 14:00:06,446 - INFO - Selected  Attribute Graph: 
                Self-Loop Weight: 1.2
                Self-Loop Percentage / Threshold: 0.7
                Self-Loop Count: 2
            
2025-06-11 14:00:06,581 - INFO - Selected  Attribute Graph: 
                Self-Loop Weight: 1.2
                Self-Loop Percentage / Threshold: 0.7
                Self-Loop Count: 1
            
2025-06-11 14:00:06,653 - INFO - Selected  Attribute Graph: 
                Self-Loop Weight: 1.2
                Self-Loop Percentage / Threshold: 0.7
                Self-Loop Count: 8
            
2025-06-11 14:00:06,787 - INFO - Selected  Structural Graph
2025-06-11 14:00:06,960 - INFO - Selected  Attribute Graph: 
                Self-Loop Weight: 1.2
                Self-Loop Percentage / Threshold: 0.7
                Self-Loop Count: 1
            
2025-06-11 14:00:07,113 - INFO - Selected  Attribute Graph: 
                Self-Loop Weight: 1.2
                Self-Loop Percentage / Threshold: 0.7
                Self-Loop Count: 5
            
2025-06-11 14:00:07,224 - INFO - Selected  Attribute Graph: 
                Self-Loop Weight: 1.2
                Self-Loop Percentage / Threshold: 0.7
                Self-Loop Count: 1
            
2025-06-11 14:00:07,278 - INFO - Selected  Attribute Graph: 
                Self-Loop Weight: 1.2
                Self-Loop Percentage / Threshold: 0.7
                Self-Loop Count: 2
            
2025-06-11 14:00:07,420 - INFO - Selected  Structural Graph
2025-06-11 14:00:07,509 - INFO - Selected  Structural Graph
2025-06-11 14:00:07,630 - INFO - Selected  Attribute Graph: 
                Self-Loop Weight: 1.2
                Self-Loop Percentage / Threshold: 0.7
                Self-Loop Count: 2
            
2025-06-11 14:00:07,846 - INFO - Selected  Structural Graph
2025-06-11 14:00:07,917 - INFO - Selected  Attribute Graph: 
                Self-Loop Weight: 1.2
                Self-Loop Percentage / Threshold: 0.7
                Self-Loop Count: 3
            
2025-06-11 14:00:08,060 - INFO - Selected  Attribute Graph: 
                Self-Loop Weight: 1.2
                Self-Loop Percentage / Threshold: 0.7
                Self-Loop Count: 2
            
2025-06-11 14:00:08,183 - INFO - Selected  Attribute Graph: 
                Self-Loop Weight: 1.2
                Self-Loop Percentage / Threshold: 0.7
                Self-Loop Count: 2
            
2025-06-11 14:00:08,269 - INFO - Selected  Attribute Graph: 
                Self-Loop Weight: 1.2
                Self-Loop Percentage / Threshold: 0.7
                Self-Loop Count: 9
            
2025-06-11 14:00:08,392 - INFO - Selected  Attribute Graph: 
                Self-Loop Weight: 1.2
                Self-Loop Percentage / Threshold: 0.7
                Self-Loop Count: 2
            
2025-06-11 14:00:08,635 - INFO - Selected  Attribute Graph: 
                Self-Loop Weight: 1.2
                Self-Loop Percentage / Threshold: 0.7
                Self-Loop Count: 6
            
2025-06-11 14:00:08,780 - INFO - Selected  Attribute Graph: 
                Self-Loop Weight: 1.2
                Self-Loop Percentage / Threshold: 0.7
                Self-Loop Count: 5
            
2025-06-11 14:00:08,903 - INFO - Selected  Attribute Graph: 
                Self-Loop Weight: 1.2
                Self-Loop Percentage / Threshold: 0.7
                Self-Loop Count: 3
            
2025-06-11 14:00:09,036 - INFO - Selected  Structural Graph
2025-06-11 14:00:09,171 - INFO - Selected  Structural Graph
2025-06-11 14:00:09,235 - INFO - Selected  Attribute Graph: 
                Self-Loop Weight: 1.2
                Self-Loop Percentage / Threshold: 0.7
                Self-Loop Count: 1
            
2025-06-11 14:00:09,364 - INFO - Selected  Attribute Graph: 
                Self-Loop Weight: 1.2
                Self-Loop Percentage / Threshold: 0.7
                Self-Loop Count: 4
            
2025-06-11 14:00:09,470 - INFO - Selected  Structural Graph
2025-06-11 14:00:09,569 - INFO - Selected  Structural Graph
2025-06-11 14:00:09,663 - INFO - Selected  Attribute Graph: 
                Self-Loop Weight: 1.2
                Self-Loop Percentage / Threshold: 0.7
                Self-Loop Count: 2
            
2025-06-11 14:00:09,774 - INFO - Selected  Structural Graph
2025-06-11 14:00:09,919 - INFO - Selected  Structural Graph
2025-06-11 14:00:10,020 - INFO - Selected  Attribute Graph: 
                Self-Loop Weight: 1.2
                Self-Loop Percentage / Threshold: 0.7
                Self-Loop Count: 2
            
2025-06-11 14:00:10,118 - INFO - Selected  Attribute Graph: 
                Self-Loop Weight: 1.2
                Self-Loop Percentage / Threshold: 0.7
                Self-Loop Count: 1
            
2025-06-11 14:00:10,215 - INFO - Selected  Attribute Graph: 
                Self-Loop Weight: 1.2
                Self-Loop Percentage / Threshold: 0.7
                Self-Loop Count: 2
            
2025-06-11 14:00:10,566 - INFO - Selected  Attribute Graph: 
                Self-Loop Weight: 1.2
                Self-Loop Percentage / Threshold: 0.7
                Self-Loop Count: 3
            
2025-06-11 14:00:10,651 - INFO - Selected  Attribute Graph: 
                Self-Loop Weight: 1.2
                Self-Loop Percentage / Threshold: 0.7
                Self-Loop Count: 1
            
2025-06-11 14:00:10,776 - INFO - Selected  Attribute Graph: 
                Self-Loop Weight: 1.2
                Self-Loop Percentage / Threshold: 0.7
                Self-Loop Count: 2
            
2025-06-11 14:00:10,854 - INFO - Selected  Attribute Graph: 
                Self-Loop Weight: 1.2
                Self-Loop Percentage / Threshold: 0.7
                Self-Loop Count: 3
            
2025-06-11 14:00:10,970 - INFO - Selected  Structural Graph
2025-06-11 14:00:11,015 - INFO - Selected  Attribute Graph: 
                Self-Loop Weight: 1.2
                Self-Loop Percentage / Threshold: 0.7
                Self-Loop Count: 2
            
2025-06-11 14:00:11,121 - INFO - Selected  Structural Graph
2025-06-11 14:00:11,334 - INFO - Selected  Attribute Graph: 
                Self-Loop Weight: 1.2
                Self-Loop Percentage / Threshold: 0.7
                Self-Loop Count: 2
            
2025-06-11 14:00:11,548 - INFO - Selected  Structural Graph
2025-06-11 14:00:11,732 - INFO - Selected  Structural Graph
2025-06-11 14:00:11,815 - INFO - Selected  Structural Graph
2025-06-11 14:00:11,916 - INFO - Selected  Structural Graph
2025-06-11 14:00:12,100 - INFO - Selected  Structural Graph
2025-06-11 14:00:12,244 - INFO - Selected  Attribute Graph: 
                Self-Loop Weight: 1.2
                Self-Loop Percentage / Threshold: 0.7
                Self-Loop Count: 1
            
2025-06-11 14:00:12,347 - INFO - Selected  Attribute Graph: 
                Self-Loop Weight: 1.2
                Self-Loop Percentage / Threshold: 0.7
                Self-Loop Count: 3
            
2025-06-11 14:00:12,500 - INFO - Selected  Structural Graph
2025-06-11 14:00:12,605 - INFO - Selected  Attribute Graph: 
                Self-Loop Weight: 1.2
                Self-Loop Percentage / Threshold: 0.7
                Self-Loop Count: 2
            
2025-06-11 14:00:12,719 - INFO - Selected  Attribute Graph: 
                Self-Loop Weight: 1.2
                Self-Loop Percentage / Threshold: 0.7
                Self-Loop Count: 2
            
2025-06-11 14:00:12,831 - INFO - Selected  Structural Graph
2025-06-11 14:00:12,956 - INFO - Selected  Structural Graph
2025-06-11 14:00:13,234 - INFO - Selected  Structural Graph
2025-06-11 14:00:13,314 - INFO - Selected  Structural Graph
2025-06-11 14:00:13,417 - INFO - Selected  Structural Graph
2025-06-11 14:00:13,471 - INFO - Selected  Structural Graph
2025-06-11 14:00:13,599 - INFO - Selected  Attribute Graph: 
                Self-Loop Weight: 1.2
                Self-Loop Percentage / Threshold: 0.7
                Self-Loop Count: 2
            
2025-06-11 14:00:13,759 - INFO - Selected  Structural Graph
2025-06-11 14:00:14,300 - INFO - Selected  Structural Graph
2025-06-11 14:00:14,362 - INFO - Selected  Attribute Graph: 
                Self-Loop Weight: 1.2
                Self-Loop Percentage / Threshold: 0.7
                Self-Loop Count: 3
            
2025-06-11 14:00:14,427 - INFO - Selected  Attribute Graph: 
                Self-Loop Weight: 1.2
                Self-Loop Percentage / Threshold: 0.7
                Self-Loop Count: 1
            
2025-06-11 14:00:14,522 - INFO - Selected  Structural Graph
2025-06-11 14:00:14,655 - INFO - Selected  Attribute Graph: 
                Self-Loop Weight: 1.2
                Self-Loop Percentage / Threshold: 0.7
                Self-Loop Count: 4
            
2025-06-11 14:00:14,793 - INFO - Selected  Attribute Graph: 
                Self-Loop Weight: 1.2
                Self-Loop Percentage / Threshold: 0.7
                Self-Loop Count: 3
            
2025-06-11 14:00:14,904 - INFO - Selected  Structural Graph
2025-06-11 14:00:15,011 - INFO - Selected  Structural Graph
2025-06-11 14:00:15,100 - INFO - Selected  Structural Graph
2025-06-11 14:00:15,189 - INFO - Selected  Structural Graph
2025-06-11 14:00:15,224 - INFO - Selected  Attribute Graph: 
                Self-Loop Weight: 1.2
                Self-Loop Percentage / Threshold: 0.7
                Self-Loop Count: 1
            
2025-06-11 14:00:15,322 - INFO - Selected  Structural Graph
2025-06-11 14:00:15,622 - INFO - Selected  Attribute Graph: 
                Self-Loop Weight: 1.2
                Self-Loop Percentage / Threshold: 0.7
                Self-Loop Count: 2
            
2025-06-11 14:00:15,755 - INFO - Selected  Structural Graph
2025-06-11 14:00:15,822 - INFO - Selected  Attribute Graph: 
                Self-Loop Weight: 1.2
                Self-Loop Percentage / Threshold: 0.7
                Self-Loop Count: 2
            
2025-06-11 14:00:15,933 - INFO - Selected  Attribute Graph: 
                Self-Loop Weight: 1.2
                Self-Loop Percentage / Threshold: 0.7
                Self-Loop Count: 2
            
2025-06-11 14:00:16,030 - INFO - Selected  Attribute Graph: 
                Self-Loop Weight: 1.2
                Self-Loop Percentage / Threshold: 0.7
                Self-Loop Count: 2
            
2025-06-11 14:00:16,129 - INFO - Selected  Structural Graph
2025-06-11 14:00:16,229 - INFO - Selected  Attribute Graph: 
                Self-Loop Weight: 1.2
                Self-Loop Percentage / Threshold: 0.7
                Self-Loop Count: 5
            
2025-06-11 14:00:16,297 - INFO - Selected  Structural Graph
2025-06-11 14:00:16,336 - INFO - Selected  Attribute Graph: 
                Self-Loop Weight: 1.2
                Self-Loop Percentage / Threshold: 0.7
                Self-Loop Count: 2
            
2025-06-11 14:00:16,399 - INFO - Selected  Structural Graph
2025-06-11 14:00:16,441 - INFO - Selected  Attribute Graph: 
                Self-Loop Weight: 1.2
                Self-Loop Percentage / Threshold: 0.7
                Self-Loop Count: 1
            
2025-06-11 14:00:16,460 - INFO - Selected  Structural Graph
2025-06-11 14:00:16,469 - INFO - Selected  Attribute Graph: 
                Self-Loop Weight: 1.2
                Self-Loop Percentage / Threshold: 0.7
                Self-Loop Count: 3
            
2025-06-11 14:00:16,687 - INFO - Selected  Structural Graph
2025-06-11 14:00:16,738 - INFO - Selected  Structural Graph
2025-06-11 14:00:16,785 - INFO - Selected  Structural Graph
2025-06-11 14:00:16,827 - INFO - Selected  Structural Graph
2025-06-11 14:00:16,873 - INFO - Selected  Structural Graph
2025-06-11 14:00:16,877 - INFO - Selected  Structural Graph
2025-06-11 14:00:16,916 - INFO - Selected  Structural Graph
2025-06-11 14:00:16,953 - INFO - Selected  Attribute Graph: 
                Self-Loop Weight: 1.2
                Self-Loop Percentage / Threshold: 0.7
                Self-Loop Count: 1
            
2025-06-11 14:00:17,236 - INFO - Selected  Attribute Graph: 
                Self-Loop Weight: 1.2
                Self-Loop Percentage / Threshold: 0.7
                Self-Loop Count: 2
            
2025-06-11 14:00:17,283 - INFO - Selected  Structural Graph
2025-06-11 14:00:17,337 - INFO - Selected  Structural Graph
2025-06-11 14:00:17,419 - INFO - Selected  Attribute Graph: 
                Self-Loop Weight: 1.2
                Self-Loop Percentage / Threshold: 0.7
                Self-Loop Count: 2
            
2025-06-11 14:00:17,561 - INFO - Selected  Structural Graph
2025-06-11 14:00:17,691 - INFO - Selected  Structural Graph
2025-06-11 14:00:17,952 - INFO - Selected  Structural Graph
2025-06-11 14:00:18,052 - INFO - Selected  Attribute Graph: 
                Self-Loop Weight: 1.2
                Self-Loop Percentage / Threshold: 0.7
                Self-Loop Count: 8
            
2025-06-11 14:00:18,180 - INFO - Selected  Attribute Graph: 
                Self-Loop Weight: 1.2
                Self-Loop Percentage / Threshold: 0.7
                Self-Loop Count: 7
            
2025-06-11 14:00:18,296 - INFO - Selected  Attribute Graph: 
                Self-Loop Weight: 1.2
                Self-Loop Percentage / Threshold: 0.7
                Self-Loop Count: 3
            
2025-06-11 14:00:18,570 - INFO - Selected  Structural Graph
2025-06-11 14:00:18,669 - INFO - Selected  Structural Graph
2025-06-11 14:00:18,842 - INFO - Selected  Structural Graph
2025-06-11 14:00:18,941 - INFO - Selected  Attribute Graph: 
                Self-Loop Weight: 1.2
                Self-Loop Percentage / Threshold: 0.7
                Self-Loop Count: 5
            
2025-06-11 14:00:19,051 - INFO - Selected  Structural Graph
2025-06-11 14:00:19,121 - INFO - Selected  Attribute Graph: 
                Self-Loop Weight: 1.2
                Self-Loop Percentage / Threshold: 0.7
                Self-Loop Count: 3
            
2025-06-11 14:00:19,196 - INFO - Selected  Attribute Graph: 
                Self-Loop Weight: 1.2
                Self-Loop Percentage / Threshold: 0.7
                Self-Loop Count: 5
            
2025-06-11 14:00:19,297 - INFO - Selected  Attribute Graph: 
                Self-Loop Weight: 1.2
                Self-Loop Percentage / Threshold: 0.7
                Self-Loop Count: 3
            
2025-06-11 14:00:19,384 - INFO - Selected  Structural Graph
2025-06-11 14:00:19,514 - INFO - Selected  Structural Graph
2025-06-11 14:00:19,596 - INFO - Selected  Attribute Graph: 
                Self-Loop Weight: 1.2
                Self-Loop Percentage / Threshold: 0.7
                Self-Loop Count: 3
            
2025-06-11 14:00:19,737 - INFO - Selected  Structural Graph
2025-06-11 14:00:19,893 - INFO - Selected  Attribute Graph: 
                Self-Loop Weight: 1.2
                Self-Loop Percentage / Threshold: 0.7
                Self-Loop Count: 1
            
2025-06-11 14:00:20,005 - INFO - Selected  Structural Graph
2025-06-11 14:00:20,177 - INFO - Selected  Attribute Graph: 
                Self-Loop Weight: 1.2
                Self-Loop Percentage / Threshold: 0.7
                Self-Loop Count: 3
            
2025-06-11 14:00:20,338 - INFO - Selected  Structural Graph
2025-06-11 14:00:20,471 - INFO - Selected  Structural Graph
2025-06-11 14:00:20,599 - INFO - Selected  Structural Graph
2025-06-11 14:00:20,699 - INFO - Selected  Attribute Graph: 
                Self-Loop Weight: 1.2
                Self-Loop Percentage / Threshold: 0.7
                Self-Loop Count: 1
            
2025-06-11 14:00:20,815 - INFO - Selected  Attribute Graph: 
                Self-Loop Weight: 1.2
                Self-Loop Percentage / Threshold: 0.7
                Self-Loop Count: 1
            
2025-06-11 14:00:21,062 - INFO - Selected  Attribute Graph: 
                Self-Loop Weight: 1.2
                Self-Loop Percentage / Threshold: 0.7
                Self-Loop Count: 3
            
2025-06-11 14:00:21,190 - INFO - Selected  Attribute Graph: 
                Self-Loop Weight: 1.2
                Self-Loop Percentage / Threshold: 0.7
                Self-Loop Count: 8
            
2025-06-11 14:00:21,384 - INFO - Selected  Structural Graph
2025-06-11 14:00:21,496 - INFO - Selected  Attribute Graph: 
                Self-Loop Weight: 1.2
                Self-Loop Percentage / Threshold: 0.7
                Self-Loop Count: 1
            
2025-06-11 14:00:21,598 - INFO - Selected  Attribute Graph: 
                Self-Loop Weight: 1.2
                Self-Loop Percentage / Threshold: 0.7
                Self-Loop Count: 3
            
2025-06-11 14:00:21,738 - INFO - Selected  Attribute Graph: 
                Self-Loop Weight: 1.2
                Self-Loop Percentage / Threshold: 0.7
                Self-Loop Count: 2
            
2025-06-11 14:00:21,767 - INFO - Selected  Structural Graph
2025-06-11 14:00:21,876 - INFO - Selected  Structural Graph
2025-06-11 14:00:21,964 - INFO - Selected  Structural Graph
2025-06-11 14:00:22,041 - INFO - Selected  Attribute Graph: 
                Self-Loop Weight: 1.2
                Self-Loop Percentage / Threshold: 0.7
                Self-Loop Count: 2
            
2025-06-11 14:00:22,096 - INFO - Selected  Structural Graph
2025-06-11 14:00:22,187 - INFO - Selected  Attribute Graph: 
                Self-Loop Weight: 1.2
                Self-Loop Percentage / Threshold: 0.7
                Self-Loop Count: 6
            
2025-06-11 14:00:22,297 - INFO - Selected  Attribute Graph: 
                Self-Loop Weight: 1.2
                Self-Loop Percentage / Threshold: 0.7
                Self-Loop Count: 1
            
2025-06-11 14:00:22,360 - INFO - Selected  Attribute Graph: 
                Self-Loop Weight: 1.2
                Self-Loop Percentage / Threshold: 0.7
                Self-Loop Count: 2
            
2025-06-11 14:00:22,598 - INFO - Selected  Structural Graph
2025-06-11 14:00:22,730 - INFO - Selected  Structural Graph
2025-06-11 14:00:22,851 - INFO - Selected  Structural Graph
2025-06-11 14:00:22,955 - INFO - Selected  Structural Graph
2025-06-11 14:00:23,074 - INFO - Selected  Attribute Graph: 
                Self-Loop Weight: 1.2
                Self-Loop Percentage / Threshold: 0.7
                Self-Loop Count: 3
            
2025-06-11 14:00:23,214 - INFO - Selected  Structural Graph
2025-06-11 14:00:23,384 - INFO - Selected  Attribute Graph: 
                Self-Loop Weight: 1.2
                Self-Loop Percentage / Threshold: 0.7
                Self-Loop Count: 3
            
2025-06-11 14:00:23,558 - INFO - Selected  Structural Graph
2025-06-11 14:00:23,809 - INFO - Selected  Structural Graph
2025-06-11 14:00:23,993 - INFO - Selected  Structural Graph
2025-06-11 14:00:24,138 - INFO - Selected  Attribute Graph: 
                Self-Loop Weight: 1.2
                Self-Loop Percentage / Threshold: 0.7
                Self-Loop Count: 2
            
2025-06-11 14:00:24,296 - INFO - Selected  Attribute Graph: 
                Self-Loop Weight: 1.2
                Self-Loop Percentage / Threshold: 0.7
                Self-Loop Count: 3
            
2025-06-11 14:00:24,490 - INFO - Selected  Attribute Graph: 
                Self-Loop Weight: 1.2
                Self-Loop Percentage / Threshold: 0.7
                Self-Loop Count: 1
            
2025-06-11 14:00:24,659 - INFO - Selected  Structural Graph
2025-06-11 14:00:24,786 - INFO - Selected  Attribute Graph: 
                Self-Loop Weight: 1.2
                Self-Loop Percentage / Threshold: 0.7
                Self-Loop Count: 1
            
2025-06-11 14:00:24,926 - INFO - Selected  Structural Graph
2025-06-11 14:00:25,093 - INFO - Selected  Attribute Graph: 
                Self-Loop Weight: 1.2
                Self-Loop Percentage / Threshold: 0.7
                Self-Loop Count: 3
            
2025-06-11 14:00:25,194 - INFO - Selected  Structural Graph
2025-06-11 14:00:25,379 - INFO - Selected  Attribute Graph: 
                Self-Loop Weight: 1.2
                Self-Loop Percentage / Threshold: 0.7
                Self-Loop Count: 2
            
2025-06-11 14:00:25,510 - INFO - Selected  Structural Graph
2025-06-11 14:00:25,608 - INFO - Selected  Attribute Graph: 
                Self-Loop Weight: 1.2
                Self-Loop Percentage / Threshold: 0.7
                Self-Loop Count: 1
            
2025-06-11 14:00:25,697 - INFO - Selected  Attribute Graph: 
                Self-Loop Weight: 1.2
                Self-Loop Percentage / Threshold: 0.7
                Self-Loop Count: 6
            
2025-06-11 14:00:25,775 - INFO - Selected  Structural Graph
2025-06-11 14:00:25,889 - INFO - Selected  Structural Graph
2025-06-11 14:00:25,938 - INFO - Selected  Attribute Graph: 
                Self-Loop Weight: 1.2
                Self-Loop Percentage / Threshold: 0.7
                Self-Loop Count: 2
            
2025-06-11 14:00:26,056 - INFO - Selected  Attribute Graph: 
                Self-Loop Weight: 1.2
                Self-Loop Percentage / Threshold: 0.7
                Self-Loop Count: 3
            
2025-06-11 14:00:26,089 - INFO - Selected  Attribute Graph: 
                Self-Loop Weight: 1.2
                Self-Loop Percentage / Threshold: 0.7
                Self-Loop Count: 1
            
2025-06-11 14:00:26,135 - INFO - Selected  Attribute Graph: 
                Self-Loop Weight: 1.2
                Self-Loop Percentage / Threshold: 0.7
                Self-Loop Count: 1
            
2025-06-11 14:00:26,402 - INFO - Selected  Structural Graph
2025-06-11 14:00:26,525 - INFO - Selected  Attribute Graph: 
                Self-Loop Weight: 1.2
                Self-Loop Percentage / Threshold: 0.7
                Self-Loop Count: 5
            
2025-06-11 14:00:26,634 - INFO - Selected  Structural Graph
2025-06-11 14:00:26,673 - INFO - Selected  Attribute Graph: 
                Self-Loop Weight: 1.2
                Self-Loop Percentage / Threshold: 0.7
                Self-Loop Count: 3
            
2025-06-11 14:00:26,719 - INFO - Selected  Structural Graph
2025-06-11 14:00:26,763 - INFO - Selected  Structural Graph
2025-06-11 14:00:26,846 - INFO - Selected  Attribute Graph: 
                Self-Loop Weight: 1.2
                Self-Loop Percentage / Threshold: 0.7
                Self-Loop Count: 1
            
2025-06-11 14:00:26,891 - INFO - Selected  Attribute Graph: 
                Self-Loop Weight: 1.2
                Self-Loop Percentage / Threshold: 0.7
                Self-Loop Count: 4
            
2025-06-11 14:00:26,987 - INFO - Selected  Structural Graph
2025-06-11 14:00:27,146 - INFO - Selected  Attribute Graph: 
                Self-Loop Weight: 1.2
                Self-Loop Percentage / Threshold: 0.7
                Self-Loop Count: 3
            
2025-06-11 14:00:27,265 - INFO - Selected  Structural Graph
2025-06-11 14:00:27,427 - INFO - Selected  Attribute Graph: 
                Self-Loop Weight: 1.2
                Self-Loop Percentage / Threshold: 0.7
                Self-Loop Count: 2
            
2025-06-11 14:00:27,605 - INFO - Selected  Structural Graph
2025-06-11 14:00:27,774 - INFO - Selected  Attribute Graph: 
                Self-Loop Weight: 1.2
                Self-Loop Percentage / Threshold: 0.7
                Self-Loop Count: 3
            
2025-06-11 14:00:27,817 - INFO - Selected  Attribute Graph: 
                Self-Loop Weight: 1.2
                Self-Loop Percentage / Threshold: 0.7
                Self-Loop Count: 3
            
2025-06-11 14:00:27,959 - INFO - Selected  Attribute Graph: 
                Self-Loop Weight: 1.2
                Self-Loop Percentage / Threshold: 0.7
                Self-Loop Count: 1
            
2025-06-11 14:00:28,100 - INFO - Selected  Structural Graph
2025-06-11 14:00:28,174 - INFO - Selected  Attribute Graph: 
                Self-Loop Weight: 1.2
                Self-Loop Percentage / Threshold: 0.7
                Self-Loop Count: 4
            
2025-06-11 14:00:28,243 - INFO - Selected  Attribute Graph: 
                Self-Loop Weight: 1.2
                Self-Loop Percentage / Threshold: 0.7
                Self-Loop Count: 4
            
2025-06-11 14:00:28,365 - INFO - Selected  Structural Graph
2025-06-11 14:00:28,553 - INFO - Selected  Structural Graph
2025-06-11 14:00:28,660 - INFO - Selected  Structural Graph
2025-06-11 14:00:28,755 - INFO - Selected  Structural Graph
2025-06-11 14:00:29,022 - INFO - Selected  Structural Graph
2025-06-11 14:00:29,128 - INFO - Selected  Attribute Graph: 
                Self-Loop Weight: 1.2
                Self-Loop Percentage / Threshold: 0.7
                Self-Loop Count: 5
            
2025-06-11 14:00:29,238 - INFO - Selected  Attribute Graph: 
                Self-Loop Weight: 1.2
                Self-Loop Percentage / Threshold: 0.7
                Self-Loop Count: 2
            
2025-06-11 14:00:29,386 - INFO - Selected  Attribute Graph: 
                Self-Loop Weight: 1.2
                Self-Loop Percentage / Threshold: 0.7
                Self-Loop Count: 1
            
2025-06-11 14:00:29,532 - INFO - Selected  Attribute Graph: 
                Self-Loop Weight: 1.2
                Self-Loop Percentage / Threshold: 0.7
                Self-Loop Count: 2
            
2025-06-11 14:00:29,669 - INFO - Selected  Attribute Graph: 
                Self-Loop Weight: 1.2
                Self-Loop Percentage / Threshold: 0.7
                Self-Loop Count: 1
            
2025-06-11 14:00:29,768 - INFO - Selected  Attribute Graph: 
                Self-Loop Weight: 1.2
                Self-Loop Percentage / Threshold: 0.7
                Self-Loop Count: 1
            
2025-06-11 14:00:29,979 - INFO - Selected  Attribute Graph: 
                Self-Loop Weight: 1.2
                Self-Loop Percentage / Threshold: 0.7
                Self-Loop Count: 3
            
2025-06-11 14:00:30,039 - INFO - Selected  Attribute Graph: 
                Self-Loop Weight: 1.2
                Self-Loop Percentage / Threshold: 0.7
                Self-Loop Count: 2
            
2025-06-11 14:00:30,162 - INFO - Selected  Structural Graph
2025-06-11 14:00:30,255 - INFO - Selected  Attribute Graph: 
                Self-Loop Weight: 1.2
                Self-Loop Percentage / Threshold: 0.7
                Self-Loop Count: 5
            
2025-06-11 14:00:30,355 - INFO - Selected  Structural Graph
2025-06-11 14:00:30,425 - INFO - Selected  Attribute Graph: 
                Self-Loop Weight: 1.2
                Self-Loop Percentage / Threshold: 0.7
                Self-Loop Count: 2
            
2025-06-11 14:00:30,618 - INFO - Selected  Structural Graph
2025-06-11 14:00:30,710 - INFO - Selected  Structural Graph
2025-06-11 14:00:30,817 - INFO - Selected  Structural Graph
2025-06-11 14:00:30,899 - INFO - Selected  Structural Graph
2025-06-11 14:00:31,050 - INFO - Selected  Attribute Graph: 
                Self-Loop Weight: 1.2
                Self-Loop Percentage / Threshold: 0.7
                Self-Loop Count: 1
            
2025-06-11 14:00:31,184 - INFO - Selected  Attribute Graph: 
                Self-Loop Weight: 1.2
                Self-Loop Percentage / Threshold: 0.7
                Self-Loop Count: 4
            
2025-06-11 14:00:31,290 - INFO - Selected  Attribute Graph: 
                Self-Loop Weight: 1.2
                Self-Loop Percentage / Threshold: 0.7
                Self-Loop Count: 1
            
2025-06-11 14:00:31,415 - INFO - Selected  Attribute Graph: 
                Self-Loop Weight: 1.2
                Self-Loop Percentage / Threshold: 0.7
                Self-Loop Count: 2
            
2025-06-11 14:00:31,650 - INFO - Selected  Structural Graph
2025-06-11 14:00:31,773 - INFO - Selected  Attribute Graph: 
                Self-Loop Weight: 1.2
                Self-Loop Percentage / Threshold: 0.7
                Self-Loop Count: 6
            
2025-06-11 14:00:31,928 - INFO - Selected  Attribute Graph: 
                Self-Loop Weight: 1.2
                Self-Loop Percentage / Threshold: 0.7
                Self-Loop Count: 4
            
2025-06-11 14:00:32,032 - INFO - Selected  Attribute Graph: 
                Self-Loop Weight: 1.2
                Self-Loop Percentage / Threshold: 0.7
                Self-Loop Count: 3
            
2025-06-11 14:00:32,222 - INFO - Selected  Attribute Graph: 
                Self-Loop Weight: 1.2
                Self-Loop Percentage / Threshold: 0.7
                Self-Loop Count: 3
            
2025-06-11 14:00:32,377 - INFO - Selected  Structural Graph
2025-06-11 14:00:32,440 - INFO - Selected  Attribute Graph: 
                Self-Loop Weight: 1.2
                Self-Loop Percentage / Threshold: 0.7
                Self-Loop Count: 3
            
2025-06-11 14:00:32,532 - INFO - Selected  Structural Graph
2025-06-11 14:00:32,645 - INFO - Selected  Attribute Graph: 
                Self-Loop Weight: 1.2
                Self-Loop Percentage / Threshold: 0.7
                Self-Loop Count: 4
            
2025-06-11 14:00:33,812 - INFO - Selected  Attribute Graph: 
                Self-Loop Weight: 1.2
                Self-Loop Percentage / Threshold: 0.7
                Self-Loop Count: 3
            
2025-06-11 14:00:33,880 - INFO - Selected  Attribute Graph: 
                Self-Loop Weight: 1.2
                Self-Loop Percentage / Threshold: 0.7
                Self-Loop Count: 2
            
2025-06-11 14:00:34,035 - INFO - Selected  Attribute Graph: 
                Self-Loop Weight: 1.2
                Self-Loop Percentage / Threshold: 0.7
                Self-Loop Count: 3
            
2025-06-11 14:00:34,085 - INFO - Selected  Structural Graph
2025-06-11 14:00:34,151 - INFO - Selected  Structural Graph
2025-06-11 14:00:34,202 - INFO - Selected  Attribute Graph: 
                Self-Loop Weight: 1.2
                Self-Loop Percentage / Threshold: 0.7
                Self-Loop Count: 3
            
2025-06-11 14:00:34,320 - INFO - Selected  Attribute Graph: 
                Self-Loop Weight: 1.2
                Self-Loop Percentage / Threshold: 0.7
                Self-Loop Count: 4
            
2025-06-11 14:00:34,435 - INFO - Selected  Structural Graph
2025-06-11 14:00:34,640 - INFO - Selected  Structural Graph
2025-06-11 14:00:34,773 - INFO - Selected  Structural Graph
2025-06-11 14:00:34,869 - INFO - Selected  Structural Graph
2025-06-11 14:00:34,984 - INFO - Selected  Structural Graph
2025-06-11 14:00:35,064 - INFO - Selected  Attribute Graph: 
                Self-Loop Weight: 1.2
                Self-Loop Percentage / Threshold: 0.7
                Self-Loop Count: 1
            
2025-06-11 14:00:35,179 - INFO - Selected  Attribute Graph: 
                Self-Loop Weight: 1.2
                Self-Loop Percentage / Threshold: 0.7
                Self-Loop Count: 1
            
2025-06-11 14:00:35,325 - INFO - Selected  Attribute Graph: 
                Self-Loop Weight: 1.2
                Self-Loop Percentage / Threshold: 0.7
                Self-Loop Count: 1
            
2025-06-11 14:00:35,412 - INFO - Selected  Attribute Graph: 
                Self-Loop Weight: 1.2
                Self-Loop Percentage / Threshold: 0.7
                Self-Loop Count: 3
            
2025-06-11 14:00:35,542 - INFO - Selected  Attribute Graph: 
                Self-Loop Weight: 1.2
                Self-Loop Percentage / Threshold: 0.7
                Self-Loop Count: 2
            
2025-06-11 14:00:35,668 - INFO - Selected  Attribute Graph: 
                Self-Loop Weight: 1.2
                Self-Loop Percentage / Threshold: 0.7
                Self-Loop Count: 1
            
2025-06-11 14:00:35,769 - INFO - Selected  Attribute Graph: 
                Self-Loop Weight: 1.2
                Self-Loop Percentage / Threshold: 0.7
                Self-Loop Count: 4
            
2025-06-11 14:00:35,912 - INFO - Selected  Attribute Graph: 
                Self-Loop Weight: 1.2
                Self-Loop Percentage / Threshold: 0.7
                Self-Loop Count: 3
            
2025-06-11 14:00:35,983 - INFO - Selected  Structural Graph
2025-06-11 14:00:36,051 - INFO - Selected  Attribute Graph: 
                Self-Loop Weight: 1.2
                Self-Loop Percentage / Threshold: 0.7
                Self-Loop Count: 3
            
2025-06-11 14:00:36,355 - INFO - Selected  Structural Graph
2025-06-11 14:00:36,461 - INFO - Selected  Attribute Graph: 
                Self-Loop Weight: 1.2
                Self-Loop Percentage / Threshold: 0.7
                Self-Loop Count: 1
            
2025-06-11 14:00:36,552 - INFO - Selected  Structural Graph
2025-06-11 14:00:36,636 - INFO - Selected  Structural Graph
2025-06-11 14:00:36,721 - INFO - Selected  Attribute Graph: 
                Self-Loop Weight: 1.2
                Self-Loop Percentage / Threshold: 0.7
                Self-Loop Count: 2
            
2025-06-11 14:00:36,782 - INFO - Selected  Structural Graph
2025-06-11 14:00:36,844 - INFO - Selected  Structural Graph
2025-06-11 14:00:37,001 - INFO - Selected  Attribute Graph: 
                Self-Loop Weight: 1.2
                Self-Loop Percentage / Threshold: 0.7
                Self-Loop Count: 5
            
2025-06-11 14:00:37,092 - INFO - Selected  Structural Graph
2025-06-11 14:00:37,146 - INFO - Selected  Attribute Graph: 
                Self-Loop Weight: 1.2
                Self-Loop Percentage / Threshold: 0.7
                Self-Loop Count: 1
            
2025-06-11 14:00:37,262 - INFO - Selected  Structural Graph
2025-06-11 14:00:37,294 - INFO - Selected  Structural Graph
2025-06-11 14:00:37,367 - INFO - Selected  Structural Graph
2025-06-11 14:00:37,406 - INFO - Selected  Attribute Graph: 
                Self-Loop Weight: 1.2
                Self-Loop Percentage / Threshold: 0.7
                Self-Loop Count: 3
            
2025-06-11 14:00:37,495 - INFO - Selected  Attribute Graph: 
                Self-Loop Weight: 1.2
                Self-Loop Percentage / Threshold: 0.7
                Self-Loop Count: 4
            
2025-06-11 14:00:37,648 - INFO - Selected  Structural Graph
2025-06-11 14:00:37,692 - INFO - Selected  Attribute Graph: 
                Self-Loop Weight: 1.2
                Self-Loop Percentage / Threshold: 0.7
                Self-Loop Count: 1
            
2025-06-11 14:00:37,781 - INFO - Selected  Structural Graph
2025-06-11 14:00:37,798 - INFO - Selected  Attribute Graph: 
                Self-Loop Weight: 1.2
                Self-Loop Percentage / Threshold: 0.7
                Self-Loop Count: 1
            
2025-06-11 14:00:37,909 - INFO - Selected  Attribute Graph: 
                Self-Loop Weight: 1.2
                Self-Loop Percentage / Threshold: 0.7
                Self-Loop Count: 2
            
2025-06-11 14:00:38,025 - INFO - Selected  Structural Graph
2025-06-11 14:00:38,134 - INFO - Selected  Structural Graph
2025-06-11 14:00:38,297 - INFO - Selected  Attribute Graph: 
                Self-Loop Weight: 1.2
                Self-Loop Percentage / Threshold: 0.7
                Self-Loop Count: 2
            
2025-06-11 14:00:38,397 - INFO - Selected  Structural Graph
2025-06-11 14:00:38,553 - INFO - Selected  Attribute Graph: 
                Self-Loop Weight: 1.2
                Self-Loop Percentage / Threshold: 0.7
                Self-Loop Count: 1
            
2025-06-11 14:00:38,664 - INFO - Selected  Attribute Graph: 
                Self-Loop Weight: 1.2
                Self-Loop Percentage / Threshold: 0.7
                Self-Loop Count: 2
            
2025-06-11 14:00:38,954 - INFO - Selected  Attribute Graph: 
                Self-Loop Weight: 1.2
                Self-Loop Percentage / Threshold: 0.7
                Self-Loop Count: 4
            
2025-06-11 14:00:39,187 - INFO - Selected  Attribute Graph: 
                Self-Loop Weight: 1.2
                Self-Loop Percentage / Threshold: 0.7
                Self-Loop Count: 7
            
2025-06-11 14:00:39,283 - INFO - Selected  Structural Graph
2025-06-11 14:00:39,376 - INFO - Selected  Structural Graph
2025-06-11 14:00:39,455 - INFO - Selected  Attribute Graph: 
                Self-Loop Weight: 1.2
                Self-Loop Percentage / Threshold: 0.7
                Self-Loop Count: 4
            
2025-06-11 14:00:39,546 - INFO - Selected  Attribute Graph: 
                Self-Loop Weight: 1.2
                Self-Loop Percentage / Threshold: 0.7
                Self-Loop Count: 4
            
2025-06-11 14:00:39,620 - INFO - Selected  Attribute Graph: 
                Self-Loop Weight: 1.2
                Self-Loop Percentage / Threshold: 0.7
                Self-Loop Count: 1
            
2025-06-11 14:00:39,759 - INFO - Selected  Structural Graph
2025-06-11 14:00:39,825 - INFO - Selected  Attribute Graph: 
                Self-Loop Weight: 1.2
                Self-Loop Percentage / Threshold: 0.7
                Self-Loop Count: 5
            
2025-06-11 14:00:39,916 - INFO - Selected  Attribute Graph: 
                Self-Loop Weight: 1.2
                Self-Loop Percentage / Threshold: 0.7
                Self-Loop Count: 2
            
2025-06-11 14:00:40,019 - INFO - Selected  Attribute Graph: 
                Self-Loop Weight: 1.2
                Self-Loop Percentage / Threshold: 0.7
                Self-Loop Count: 3
            
2025-06-11 14:00:40,118 - INFO - Selected  Structural Graph
2025-06-11 14:00:40,197 - INFO - Selected  Structural Graph
2025-06-11 14:00:40,314 - INFO - Selected  Structural Graph
2025-06-11 14:00:41,411 - INFO - Selected  Structural Graph
2025-06-11 14:00:41,465 - INFO - Selected  Attribute Graph: 
                Self-Loop Weight: 1.2
                Self-Loop Percentage / Threshold: 0.7
                Self-Loop Count: 2
            
2025-06-11 14:00:41,531 - INFO - Selected  Attribute Graph: 
                Self-Loop Weight: 1.2
                Self-Loop Percentage / Threshold: 0.7
                Self-Loop Count: 2
            
2025-06-11 14:00:41,565 - INFO - Selected  Attribute Graph: 
                Self-Loop Weight: 1.2
                Self-Loop Percentage / Threshold: 0.7
                Self-Loop Count: 2
            
2025-06-11 14:00:41,615 - INFO - Selected  Attribute Graph: 
                Self-Loop Weight: 1.2
                Self-Loop Percentage / Threshold: 0.7
                Self-Loop Count: 6
            
2025-06-11 14:00:41,659 - INFO - Selected  Attribute Graph: 
                Self-Loop Weight: 1.2
                Self-Loop Percentage / Threshold: 0.7
                Self-Loop Count: 2
            
2025-06-11 14:00:41,800 - INFO - Selected  Attribute Graph: 
                Self-Loop Weight: 1.2
                Self-Loop Percentage / Threshold: 0.7
                Self-Loop Count: 6
            
2025-06-11 14:00:41,905 - INFO - Selected  Attribute Graph: 
                Self-Loop Weight: 1.2
                Self-Loop Percentage / Threshold: 0.7
                Self-Loop Count: 3
            
2025-06-11 14:00:41,988 - INFO - Selected  Attribute Graph: 
                Self-Loop Weight: 1.2
                Self-Loop Percentage / Threshold: 0.7
                Self-Loop Count: 2
            
2025-06-11 14:00:42,120 - INFO - Selected  Attribute Graph: 
                Self-Loop Weight: 1.2
                Self-Loop Percentage / Threshold: 0.7
                Self-Loop Count: 2
            
2025-06-11 14:00:42,216 - INFO - Selected  Attribute Graph: 
                Self-Loop Weight: 1.2
                Self-Loop Percentage / Threshold: 0.7
                Self-Loop Count: 4
            
2025-06-11 14:00:42,498 - INFO - Selected  Attribute Graph: 
                Self-Loop Weight: 1.2
                Self-Loop Percentage / Threshold: 0.7
                Self-Loop Count: 2
            
2025-06-11 14:00:42,599 - INFO - Selected  Attribute Graph: 
                Self-Loop Weight: 1.2
                Self-Loop Percentage / Threshold: 0.7
                Self-Loop Count: 2
            
2025-06-11 14:00:42,676 - INFO - Selected  Attribute Graph: 
                Self-Loop Weight: 1.2
                Self-Loop Percentage / Threshold: 0.7
                Self-Loop Count: 2
            
2025-06-11 14:00:42,737 - INFO - Selected  Attribute Graph: 
                Self-Loop Weight: 1.2
                Self-Loop Percentage / Threshold: 0.7
                Self-Loop Count: 2
            
2025-06-11 14:00:42,839 - INFO - Selected  Attribute Graph: 
                Self-Loop Weight: 1.2
                Self-Loop Percentage / Threshold: 0.7
                Self-Loop Count: 3
            
2025-06-11 14:00:42,999 - INFO - Selected  Structural Graph
2025-06-11 14:00:43,064 - INFO - Selected  Attribute Graph: 
                Self-Loop Weight: 1.2
                Self-Loop Percentage / Threshold: 0.7
                Self-Loop Count: 3
            
2025-06-11 14:00:43,255 - INFO - Selected  Structural Graph
2025-06-11 14:00:43,364 - INFO - Selected  Attribute Graph: 
                Self-Loop Weight: 1.2
                Self-Loop Percentage / Threshold: 0.7
                Self-Loop Count: 1
            
2025-06-11 14:00:43,453 - INFO - Selected  Attribute Graph: 
                Self-Loop Weight: 1.2
                Self-Loop Percentage / Threshold: 0.7
                Self-Loop Count: 1
            
2025-06-11 14:00:43,602 - INFO - Selected  Attribute Graph: 
                Self-Loop Weight: 1.2
                Self-Loop Percentage / Threshold: 0.7
                Self-Loop Count: 2
            
2025-06-11 14:00:43,816 - INFO - Selected  Attribute Graph: 
                Self-Loop Weight: 1.2
                Self-Loop Percentage / Threshold: 0.7
                Self-Loop Count: 1
            
2025-06-11 14:00:43,924 - INFO - Selected  Attribute Graph: 
                Self-Loop Weight: 1.2
                Self-Loop Percentage / Threshold: 0.7
                Self-Loop Count: 3
            
2025-06-11 14:00:43,978 - INFO - Selected  Attribute Graph: 
                Self-Loop Weight: 1.2
                Self-Loop Percentage / Threshold: 0.7
                Self-Loop Count: 2
            
2025-06-11 14:00:44,089 - INFO - Selected  Attribute Graph: 
                Self-Loop Weight: 1.2
                Self-Loop Percentage / Threshold: 0.7
                Self-Loop Count: 3
            
2025-06-11 14:00:44,172 - INFO - Selected  Attribute Graph: 
                Self-Loop Weight: 1.2
                Self-Loop Percentage / Threshold: 0.7
                Self-Loop Count: 6
            
2025-06-11 14:00:44,278 - INFO - Selected  Attribute Graph: 
                Self-Loop Weight: 1.2
                Self-Loop Percentage / Threshold: 0.7
                Self-Loop Count: 1
            
2025-06-11 14:00:44,391 - INFO - Selected  Structural Graph
2025-06-11 14:00:44,498 - INFO - Selected  Structural Graph
2025-06-11 14:00:44,576 - INFO - Selected  Structural Graph
2025-06-11 14:00:44,662 - INFO - Selected  Attribute Graph: 
                Self-Loop Weight: 1.2
                Self-Loop Percentage / Threshold: 0.7
                Self-Loop Count: 4
            
2025-06-11 14:00:44,781 - INFO - Selected  Attribute Graph: 
                Self-Loop Weight: 1.2
                Self-Loop Percentage / Threshold: 0.7
                Self-Loop Count: 1
            
2025-06-11 14:00:44,877 - INFO - Selected  Attribute Graph: 
                Self-Loop Weight: 1.2
                Self-Loop Percentage / Threshold: 0.7
                Self-Loop Count: 2
            
2025-06-11 14:00:44,991 - INFO - Selected  Attribute Graph: 
                Self-Loop Weight: 1.2
                Self-Loop Percentage / Threshold: 0.7
                Self-Loop Count: 1
            
2025-06-11 14:00:45,125 - INFO - Selected  Attribute Graph: 
                Self-Loop Weight: 1.2
                Self-Loop Percentage / Threshold: 0.7
                Self-Loop Count: 5
            
2025-06-11 14:00:45,286 - INFO - Selected  Attribute Graph: 
                Self-Loop Weight: 1.2
                Self-Loop Percentage / Threshold: 0.7
                Self-Loop Count: 7
            
2025-06-11 14:00:45,421 - INFO - Selected  Structural Graph
2025-06-11 14:00:45,583 - INFO - Selected  Structural Graph
2025-06-11 14:00:45,653 - INFO - Selected  Attribute Graph: 
                Self-Loop Weight: 1.2
                Self-Loop Percentage / Threshold: 0.7
                Self-Loop Count: 3
            
2025-06-11 14:00:45,721 - INFO - Selected  Structural Graph
2025-06-11 14:00:45,764 - INFO - Selected  Attribute Graph: 
                Self-Loop Weight: 1.2
                Self-Loop Percentage / Threshold: 0.7
                Self-Loop Count: 3
            
2025-06-11 14:00:45,916 - INFO - Selected  Structural Graph
2025-06-11 14:00:45,968 - INFO - Selected  Structural Graph
2025-06-11 14:00:46,095 - INFO - Selected  Attribute Graph: 
                Self-Loop Weight: 1.2
                Self-Loop Percentage / Threshold: 0.7
                Self-Loop Count: 7
            
2025-06-11 14:00:46,216 - INFO - Selected  Structural Graph
2025-06-11 14:00:46,485 - INFO - Selected  Attribute Graph: 
                Self-Loop Weight: 1.2
                Self-Loop Percentage / Threshold: 0.7
                Self-Loop Count: 2
            
2025-06-11 14:00:46,628 - INFO - Selected  Attribute Graph: 
                Self-Loop Weight: 1.2
                Self-Loop Percentage / Threshold: 0.7
                Self-Loop Count: 2
            
2025-06-11 14:00:46,755 - INFO - Selected  Attribute Graph: 
                Self-Loop Weight: 1.2
                Self-Loop Percentage / Threshold: 0.7
                Self-Loop Count: 3
            
2025-06-11 14:00:46,895 - INFO - Selected  Attribute Graph: 
                Self-Loop Weight: 1.2
                Self-Loop Percentage / Threshold: 0.7
                Self-Loop Count: 3
            
2025-06-11 14:00:47,068 - INFO - Selected  Structural Graph
2025-06-11 14:00:47,118 - INFO - Selected  Attribute Graph: 
                Self-Loop Weight: 1.2
                Self-Loop Percentage / Threshold: 0.7
                Self-Loop Count: 1
            
2025-06-11 14:00:47,204 - INFO - Selected  Attribute Graph: 
                Self-Loop Weight: 1.2
                Self-Loop Percentage / Threshold: 0.7
                Self-Loop Count: 1
            
2025-06-11 14:00:47,315 - INFO - Selected  Attribute Graph: 
                Self-Loop Weight: 1.2
                Self-Loop Percentage / Threshold: 0.7
                Self-Loop Count: 3
            
2025-06-11 14:00:47,404 - INFO - Selected  Attribute Graph: 
                Self-Loop Weight: 1.2
                Self-Loop Percentage / Threshold: 0.7
                Self-Loop Count: 1
            
2025-06-11 14:00:47,412 - INFO - Selected  Structural Graph
2025-06-11 14:00:47,526 - INFO - Selected  Attribute Graph: 
                Self-Loop Weight: 1.2
                Self-Loop Percentage / Threshold: 0.7
                Self-Loop Count: 1
            
2025-06-11 14:00:47,669 - INFO - Selected  Structural Graph
2025-06-11 14:00:47,760 - INFO - Selected  Attribute Graph: 
                Self-Loop Weight: 1.2
                Self-Loop Percentage / Threshold: 0.7
                Self-Loop Count: 6
            
2025-06-11 14:00:47,862 - INFO - Selected  Attribute Graph: 
                Self-Loop Weight: 1.2
                Self-Loop Percentage / Threshold: 0.7
                Self-Loop Count: 5
            
2025-06-11 14:00:48,170 - INFO - Selected  Structural Graph
2025-06-11 14:00:48,294 - INFO - Selected  Attribute Graph: 
                Self-Loop Weight: 1.2
                Self-Loop Percentage / Threshold: 0.7
                Self-Loop Count: 5
            
2025-06-11 14:00:48,363 - INFO - Selected  Attribute Graph: 
                Self-Loop Weight: 1.2
                Self-Loop Percentage / Threshold: 0.7
                Self-Loop Count: 3
            
2025-06-11 14:00:48,476 - INFO - Selected  Attribute Graph: 
                Self-Loop Weight: 1.2
                Self-Loop Percentage / Threshold: 0.7
                Self-Loop Count: 3
            
2025-06-11 14:00:48,685 - INFO - Selected  Structural Graph
2025-06-11 14:00:48,747 - INFO - Selected  Attribute Graph: 
                Self-Loop Weight: 1.2
                Self-Loop Percentage / Threshold: 0.7
                Self-Loop Count: 3
            
2025-06-11 14:00:48,818 - INFO - Selected  Structural Graph
2025-06-11 14:00:48,970 - INFO - Selected  Attribute Graph: 
                Self-Loop Weight: 1.2
                Self-Loop Percentage / Threshold: 0.7
                Self-Loop Count: 3
            
2025-06-11 14:00:49,249 - INFO - Selected  Attribute Graph: 
                Self-Loop Weight: 1.2
                Self-Loop Percentage / Threshold: 0.7
                Self-Loop Count: 3
            
2025-06-11 14:00:49,342 - INFO - Selected  Structural Graph
2025-06-11 14:00:49,403 - INFO - Selected  Attribute Graph: 
                Self-Loop Weight: 1.2
                Self-Loop Percentage / Threshold: 0.7
                Self-Loop Count: 3
            
2025-06-11 14:00:49,526 - INFO - Selected  Structural Graph
2025-06-11 14:00:49,638 - INFO - Selected  Attribute Graph: 
                Self-Loop Weight: 1.2
                Self-Loop Percentage / Threshold: 0.7
                Self-Loop Count: 3
            
2025-06-11 14:00:49,798 - INFO - Selected  Attribute Graph: 
                Self-Loop Weight: 1.2
                Self-Loop Percentage / Threshold: 0.7
                Self-Loop Count: 1
            
2025-06-11 14:00:49,927 - INFO - Selected  Attribute Graph: 
                Self-Loop Weight: 1.2
                Self-Loop Percentage / Threshold: 0.7
                Self-Loop Count: 4
            
2025-06-11 14:00:50,071 - INFO - Selected  Attribute Graph: 
                Self-Loop Weight: 1.2
                Self-Loop Percentage / Threshold: 0.7
                Self-Loop Count: 1
            
2025-06-11 14:00:50,171 - INFO - Selected  Attribute Graph: 
                Self-Loop Weight: 1.2
                Self-Loop Percentage / Threshold: 0.7
                Self-Loop Count: 4
            
2025-06-11 14:00:50,230 - INFO - Selected  Structural Graph
2025-06-11 14:00:50,302 - INFO - Selected  Attribute Graph: 
                Self-Loop Weight: 1.2
                Self-Loop Percentage / Threshold: 0.7
                Self-Loop Count: 2
            
2025-06-11 14:00:50,389 - INFO - Selected  Attribute Graph: 
                Self-Loop Weight: 1.2
                Self-Loop Percentage / Threshold: 0.7
                Self-Loop Count: 2
            
2025-06-11 14:00:50,552 - INFO - Selected  Structural Graph
2025-06-11 14:00:50,665 - INFO - Selected  Structural Graph
2025-06-11 14:00:50,779 - INFO - Selected  Attribute Graph: 
                Self-Loop Weight: 1.2
                Self-Loop Percentage / Threshold: 0.7
                Self-Loop Count: 4
            
2025-06-11 14:00:50,925 - INFO - Selected  Attribute Graph: 
                Self-Loop Weight: 1.2
                Self-Loop Percentage / Threshold: 0.7
                Self-Loop Count: 3
            
2025-06-11 14:00:51,033 - INFO - Selected  Attribute Graph: 
                Self-Loop Weight: 1.2
                Self-Loop Percentage / Threshold: 0.7
                Self-Loop Count: 6
            
2025-06-11 14:00:51,214 - INFO - Selected  Attribute Graph: 
                Self-Loop Weight: 1.2
                Self-Loop Percentage / Threshold: 0.7
                Self-Loop Count: 3
            
2025-06-11 14:00:51,325 - INFO - Selected  Attribute Graph: 
                Self-Loop Weight: 1.2
                Self-Loop Percentage / Threshold: 0.7
                Self-Loop Count: 5
            
2025-06-11 14:00:51,413 - INFO - Selected  Structural Graph
2025-06-11 14:00:51,559 - INFO - Selected  Structural Graph
2025-06-11 14:00:51,672 - INFO - Selected  Structural Graph
2025-06-11 14:00:51,904 - INFO - Selected  Structural Graph
2025-06-11 14:00:52,015 - INFO - Selected  Structural Graph
2025-06-11 14:00:52,087 - INFO - Selected  Structural Graph
2025-06-11 14:00:52,202 - INFO - Selected  Structural Graph
2025-06-11 14:00:52,300 - INFO - Selected  Structural Graph
2025-06-11 14:00:52,347 - INFO - Selected  Structural Graph
2025-06-11 14:00:52,366 - INFO - Selected  Structural Graph
2025-06-11 14:00:52,378 - INFO - Selected  Structural Graph
2025-06-11 14:00:52,419 - INFO - Selected  Structural Graph
2025-06-11 14:00:52,515 - INFO - Selected  Attribute Graph: 
                Self-Loop Weight: 1.2
                Self-Loop Percentage / Threshold: 0.7
                Self-Loop Count: 5
            
2025-06-11 14:00:52,648 - INFO - Selected  Structural Graph
2025-06-11 14:00:53,995 - INFO - Selected  Attribute Graph: 
                Self-Loop Weight: 1.2
                Self-Loop Percentage / Threshold: 0.7
                Self-Loop Count: 1
            
2025-06-11 14:00:54,022 - INFO - Selected  Structural Graph
2025-06-11 14:00:54,082 - INFO - Selected  Structural Graph
2025-06-11 14:00:54,093 - INFO - Selected  Attribute Graph: 
                Self-Loop Weight: 1.2
                Self-Loop Percentage / Threshold: 0.7
                Self-Loop Count: 5
            
2025-06-11 14:00:54,099 - INFO - Selected  Attribute Graph: 
                Self-Loop Weight: 1.2
                Self-Loop Percentage / Threshold: 0.7
                Self-Loop Count: 2
            
2025-06-11 14:00:54,197 - INFO - Selected  Structural Graph
2025-06-11 14:00:54,271 - INFO - Selected  Structural Graph
2025-06-11 14:00:54,328 - INFO - Selected  Attribute Graph: 
                Self-Loop Weight: 1.2
                Self-Loop Percentage / Threshold: 0.7
                Self-Loop Count: 3
            
2025-06-11 14:00:54,439 - INFO - Selected  Attribute Graph: 
                Self-Loop Weight: 1.2
                Self-Loop Percentage / Threshold: 0.7
                Self-Loop Count: 5
            
2025-06-11 14:00:54,545 - INFO - Selected  Attribute Graph: 
                Self-Loop Weight: 1.2
                Self-Loop Percentage / Threshold: 0.7
                Self-Loop Count: 3
            
2025-06-11 14:00:54,604 - INFO - Selected  Attribute Graph: 
                Self-Loop Weight: 1.2
                Self-Loop Percentage / Threshold: 0.7
                Self-Loop Count: 4
            
2025-06-11 14:00:54,704 - INFO - Selected  Attribute Graph: 
                Self-Loop Weight: 1.2
                Self-Loop Percentage / Threshold: 0.7
                Self-Loop Count: 3
            
2025-06-11 14:00:54,823 - INFO - Selected  Structural Graph
2025-06-11 14:00:55,039 - INFO - Selected  Attribute Graph: 
                Self-Loop Weight: 1.2
                Self-Loop Percentage / Threshold: 0.7
                Self-Loop Count: 4
            
2025-06-11 14:00:55,142 - INFO - Selected  Structural Graph
2025-06-11 14:00:55,255 - INFO - Selected  Structural Graph
2025-06-11 14:00:55,400 - INFO - Selected  Structural Graph
2025-06-11 14:00:55,479 - INFO - Selected  Structural Graph
2025-06-11 14:00:55,627 - INFO - Selected  Attribute Graph: 
                Self-Loop Weight: 1.2
                Self-Loop Percentage / Threshold: 0.7
                Self-Loop Count: 2
            
2025-06-11 14:00:55,752 - INFO - Selected  Attribute Graph: 
                Self-Loop Weight: 1.2
                Self-Loop Percentage / Threshold: 0.7
                Self-Loop Count: 3
            
2025-06-11 14:00:57,285 - INFO - Selected  Attribute Graph: 
                Self-Loop Weight: 1.2
                Self-Loop Percentage / Threshold: 0.7
                Self-Loop Count: 1
            
2025-06-11 14:00:57,355 - INFO - Selected  Attribute Graph: 
                Self-Loop Weight: 1.2
                Self-Loop Percentage / Threshold: 0.7
                Self-Loop Count: 3
            
2025-06-11 14:00:57,439 - INFO - Selected  Attribute Graph: 
                Self-Loop Weight: 1.2
                Self-Loop Percentage / Threshold: 0.7
                Self-Loop Count: 1
            
2025-06-11 14:00:57,505 - INFO - Selected  Attribute Graph: 
                Self-Loop Weight: 1.2
                Self-Loop Percentage / Threshold: 0.7
                Self-Loop Count: 4
            
2025-06-11 14:00:57,541 - INFO - Selected  Structural Graph
2025-06-11 14:00:57,574 - INFO - Selected  Attribute Graph: 
                Self-Loop Weight: 1.2
                Self-Loop Percentage / Threshold: 0.7
                Self-Loop Count: 2
            
2025-06-11 14:00:57,607 - INFO - Selected  Attribute Graph: 
                Self-Loop Weight: 1.2
                Self-Loop Percentage / Threshold: 0.7
                Self-Loop Count: 2
            
2025-06-11 14:00:57,640 - INFO - Selected  Attribute Graph: 
                Self-Loop Weight: 1.2
                Self-Loop Percentage / Threshold: 0.7
                Self-Loop Count: 2
            
2025-06-11 14:00:57,696 - INFO - Selected  Attribute Graph: 
                Self-Loop Weight: 1.2
                Self-Loop Percentage / Threshold: 0.7
                Self-Loop Count: 3
            
2025-06-11 14:00:57,776 - INFO - Selected  Structural Graph
2025-06-11 14:00:57,867 - INFO - Selected  Attribute Graph: 
                Self-Loop Weight: 1.2
                Self-Loop Percentage / Threshold: 0.7
                Self-Loop Count: 3
            
2025-06-11 14:00:57,960 - INFO - Selected  Attribute Graph: 
                Self-Loop Weight: 1.2
                Self-Loop Percentage / Threshold: 0.7
                Self-Loop Count: 2
            
2025-06-11 14:00:57,992 - INFO - Selected  Structural Graph
2025-06-11 14:00:58,030 - INFO - Selected  Attribute Graph: 
                Self-Loop Weight: 1.2
                Self-Loop Percentage / Threshold: 0.7
                Self-Loop Count: 5
            
2025-06-11 14:00:58,074 - INFO - Selected  Attribute Graph: 
                Self-Loop Weight: 1.2
                Self-Loop Percentage / Threshold: 0.7
                Self-Loop Count: 6
            
2025-06-11 14:00:58,142 - INFO - Selected  Attribute Graph: 
                Self-Loop Weight: 1.2
                Self-Loop Percentage / Threshold: 0.7
                Self-Loop Count: 1
            
2025-06-11 14:00:58,171 - INFO - Selected  Attribute Graph: 
                Self-Loop Weight: 1.2
                Self-Loop Percentage / Threshold: 0.7
                Self-Loop Count: 5
            
2025-06-11 14:00:58,202 - INFO - Selected  Attribute Graph: 
                Self-Loop Weight: 1.2
                Self-Loop Percentage / Threshold: 0.7
                Self-Loop Count: 1
            
2025-06-11 14:00:58,261 - INFO - Selected  Structural Graph
2025-06-11 14:00:58,320 - INFO - Selected  Structural Graph
2025-06-11 14:00:58,385 - INFO - Selected  Structural Graph
2025-06-11 14:00:58,423 - INFO - Selected  Attribute Graph: 
                Self-Loop Weight: 1.2
                Self-Loop Percentage / Threshold: 0.7
                Self-Loop Count: 3
            
2025-06-11 14:00:58,436 - INFO - Selected  Structural Graph
2025-06-11 14:00:58,485 - INFO - Selected  Attribute Graph: 
                Self-Loop Weight: 1.2
                Self-Loop Percentage / Threshold: 0.7
                Self-Loop Count: 5
            
2025-06-11 14:00:58,531 - INFO - Selected  Attribute Graph: 
                Self-Loop Weight: 1.2
                Self-Loop Percentage / Threshold: 0.7
                Self-Loop Count: 3
            
2025-06-11 14:00:58,586 - INFO - Selected  Structural Graph
2025-06-11 14:00:58,615 - INFO - Selected  Attribute Graph: 
                Self-Loop Weight: 1.2
                Self-Loop Percentage / Threshold: 0.7
                Self-Loop Count: 2
            
2025-06-11 14:00:58,647 - INFO - Selected  Attribute Graph: 
                Self-Loop Weight: 1.2
                Self-Loop Percentage / Threshold: 0.7
                Self-Loop Count: 2
            
2025-06-11 14:00:58,685 - INFO - Selected  Attribute Graph: 
                Self-Loop Weight: 1.2
                Self-Loop Percentage / Threshold: 0.7
                Self-Loop Count: 3
            
2025-06-11 14:00:58,700 - INFO - Selected  Structural Graph
2025-06-11 14:00:58,727 - INFO - Selected  Structural Graph
2025-06-11 14:00:58,769 - INFO - Selected  Attribute Graph: 
                Self-Loop Weight: 1.2
                Self-Loop Percentage / Threshold: 0.7
                Self-Loop Count: 3
            
2025-06-11 14:00:58,791 - INFO - Selected  Structural Graph
2025-06-11 14:00:58,816 - INFO - Selected  Attribute Graph: 
                Self-Loop Weight: 1.2
                Self-Loop Percentage / Threshold: 0.7
                Self-Loop Count: 3
            
2025-06-11 14:00:58,840 - INFO - Selected  Structural Graph
2025-06-11 14:00:58,874 - INFO - Selected  Attribute Graph: 
                Self-Loop Weight: 1.2
                Self-Loop Percentage / Threshold: 0.7
                Self-Loop Count: 2
            
2025-06-11 14:00:58,896 - INFO - Selected  Structural Graph
2025-06-11 14:00:58,924 - INFO - Selected  Structural Graph
2025-06-11 14:00:58,945 - INFO - Selected  Structural Graph
2025-06-11 14:00:58,956 - INFO - Selected  Structural Graph
2025-06-11 14:00:58,980 - INFO - Selected  Structural Graph
2025-06-11 14:00:59,003 - INFO - Selected  Attribute Graph: 
                Self-Loop Weight: 1.2
                Self-Loop Percentage / Threshold: 0.7
                Self-Loop Count: 2
            
2025-06-11 14:00:59,028 - INFO - Selected  Attribute Graph: 
                Self-Loop Weight: 1.2
                Self-Loop Percentage / Threshold: 0.7
                Self-Loop Count: 4
            
2025-06-11 14:00:59,084 - INFO - Selected  Attribute Graph: 
                Self-Loop Weight: 1.2
                Self-Loop Percentage / Threshold: 0.7
                Self-Loop Count: 2
            
2025-06-11 14:00:59,119 - INFO - Selected  Structural Graph
2025-06-11 14:00:59,175 - INFO - Selected  Attribute Graph: 
                Self-Loop Weight: 1.2
                Self-Loop Percentage / Threshold: 0.7
                Self-Loop Count: 2
            
2025-06-11 14:00:59,285 - INFO - Selected  Attribute Graph: 
                Self-Loop Weight: 1.2
                Self-Loop Percentage / Threshold: 0.7
                Self-Loop Count: 4
            
2025-06-11 14:00:59,306 - INFO - Selected  Structural Graph
2025-06-11 14:00:59,327 - INFO - Selected  Structural Graph
2025-06-11 14:00:59,347 - INFO - Selected  Attribute Graph: 
                Self-Loop Weight: 1.2
                Self-Loop Percentage / Threshold: 0.7
                Self-Loop Count: 4
            
2025-06-11 14:00:59,364 - INFO - Selected  Structural Graph
2025-06-11 14:00:59,427 - INFO - Selected  Structural Graph
2025-06-11 14:00:59,486 - INFO - Selected  Structural Graph
2025-06-11 14:00:59,533 - INFO - Selected  Attribute Graph: 
                Self-Loop Weight: 1.2
                Self-Loop Percentage / Threshold: 0.7
                Self-Loop Count: 7
            
2025-06-11 14:00:59,552 - INFO - Selected  Structural Graph
2025-06-11 14:00:59,605 - INFO - Selected  Attribute Graph: 
                Self-Loop Weight: 1.2
                Self-Loop Percentage / Threshold: 0.7
                Self-Loop Count: 2
            
2025-06-11 14:00:59,678 - INFO - Selected  Structural Graph
2025-06-11 14:00:59,740 - INFO - Selected  Structural Graph
2025-06-11 14:00:59,772 - INFO - Selected  Structural Graph
2025-06-11 14:00:59,804 - INFO - Selected  Structural Graph
2025-06-11 14:00:59,832 - INFO - Selected  Attribute Graph: 
                Self-Loop Weight: 1.2
                Self-Loop Percentage / Threshold: 0.7
                Self-Loop Count: 6
            
2025-06-11 14:00:59,840 - INFO - Selected  Attribute Graph: 
                Self-Loop Weight: 1.2
                Self-Loop Percentage / Threshold: 0.7
                Self-Loop Count: 1
            
2025-06-11 14:00:59,907 - INFO - Selected  Attribute Graph: 
                Self-Loop Weight: 1.2
                Self-Loop Percentage / Threshold: 0.7
                Self-Loop Count: 2
            
2025-06-11 14:00:59,937 - INFO - Selected  Structural Graph
2025-06-11 14:00:59,955 - INFO - Selected  Structural Graph
2025-06-11 14:00:59,964 - INFO - Selected  Attribute Graph: 
                Self-Loop Weight: 1.2
                Self-Loop Percentage / Threshold: 0.7
                Self-Loop Count: 4
            
2025-06-11 14:00:59,984 - INFO - Selected  Structural Graph
2025-06-11 14:01:00,015 - INFO - Selected  Attribute Graph: 
                Self-Loop Weight: 1.2
                Self-Loop Percentage / Threshold: 0.7
                Self-Loop Count: 1
            
2025-06-11 14:01:00,046 - INFO - Selected  Attribute Graph: 
                Self-Loop Weight: 1.2
                Self-Loop Percentage / Threshold: 0.7
                Self-Loop Count: 2
            
2025-06-11 14:01:00,072 - INFO - Selected  Attribute Graph: 
                Self-Loop Weight: 1.2
                Self-Loop Percentage / Threshold: 0.7
                Self-Loop Count: 3
            
2025-06-11 14:01:00,132 - INFO - Selected  Attribute Graph: 
                Self-Loop Weight: 1.2
                Self-Loop Percentage / Threshold: 0.7
                Self-Loop Count: 2
            
2025-06-11 14:01:00,153 - INFO - Selected  Attribute Graph: 
                Self-Loop Weight: 1.2
                Self-Loop Percentage / Threshold: 0.7
                Self-Loop Count: 5
            
2025-06-11 14:01:00,182 - INFO - Selected  Attribute Graph: 
                Self-Loop Weight: 1.2
                Self-Loop Percentage / Threshold: 0.7
                Self-Loop Count: 2
            
2025-06-11 14:01:00,194 - INFO - Selected  Attribute Graph: 
                Self-Loop Weight: 1.2
                Self-Loop Percentage / Threshold: 0.7
                Self-Loop Count: 1
            
2025-06-11 14:01:00,209 - INFO - Selected  Structural Graph
2025-06-11 14:01:00,232 - INFO - Selected  Attribute Graph: 
                Self-Loop Weight: 1.2
                Self-Loop Percentage / Threshold: 0.7
                Self-Loop Count: 3
            
2025-06-11 14:01:00,257 - INFO - Selected  Attribute Graph: 
                Self-Loop Weight: 1.2
                Self-Loop Percentage / Threshold: 0.7
                Self-Loop Count: 4
            
2025-06-11 14:01:00,273 - INFO - Selected  Structural Graph
2025-06-11 14:01:00,293 - INFO - Selected  Structural Graph
2025-06-11 14:01:00,322 - INFO - Selected  Attribute Graph: 
                Self-Loop Weight: 1.2
                Self-Loop Percentage / Threshold: 0.7
                Self-Loop Count: 2
            
2025-06-11 14:01:00,334 - INFO - Selected  Attribute Graph: 
                Self-Loop Weight: 1.2
                Self-Loop Percentage / Threshold: 0.7
                Self-Loop Count: 1
            
2025-06-11 14:01:00,371 - INFO - Selected  Attribute Graph: 
                Self-Loop Weight: 1.2
                Self-Loop Percentage / Threshold: 0.7
                Self-Loop Count: 4
            
2025-06-11 14:01:00,404 - INFO - Selected  Attribute Graph: 
                Self-Loop Weight: 1.2
                Self-Loop Percentage / Threshold: 0.7
                Self-Loop Count: 2
            
2025-06-11 14:01:00,423 - INFO - Selected  Attribute Graph: 
                Self-Loop Weight: 1.2
                Self-Loop Percentage / Threshold: 0.7
                Self-Loop Count: 1
            
2025-06-11 14:01:00,517 - INFO - Selected  Attribute Graph: 
                Self-Loop Weight: 1.2
                Self-Loop Percentage / Threshold: 0.7
                Self-Loop Count: 5
            
2025-06-11 14:01:00,538 - INFO - Selected  Attribute Graph: 
                Self-Loop Weight: 1.2
                Self-Loop Percentage / Threshold: 0.7
                Self-Loop Count: 3
            
2025-06-11 14:01:00,549 - INFO - Selected  Attribute Graph: 
                Self-Loop Weight: 1.2
                Self-Loop Percentage / Threshold: 0.7
                Self-Loop Count: 1
            
2025-06-11 14:01:00,568 - INFO - Selected  Attribute Graph: 
                Self-Loop Weight: 1.2
                Self-Loop Percentage / Threshold: 0.7
                Self-Loop Count: 5
            
2025-06-11 14:01:00,658 - INFO - Selected  Attribute Graph: 
                Self-Loop Weight: 1.2
                Self-Loop Percentage / Threshold: 0.7
                Self-Loop Count: 2
            
2025-06-11 14:01:00,678 - INFO - Selected  Attribute Graph: 
                Self-Loop Weight: 1.2
                Self-Loop Percentage / Threshold: 0.7
                Self-Loop Count: 2
            
2025-06-11 14:01:00,688 - INFO - Selected  Structural Graph
2025-06-11 14:01:00,715 - INFO - Selected  Attribute Graph: 
                Self-Loop Weight: 1.2
                Self-Loop Percentage / Threshold: 0.7
                Self-Loop Count: 4
            
2025-06-11 14:01:00,731 - INFO - Selected  Structural Graph
2025-06-11 14:01:00,758 - INFO - Selected  Attribute Graph: 
                Self-Loop Weight: 1.2
                Self-Loop Percentage / Threshold: 0.7
                Self-Loop Count: 3
            
2025-06-11 14:01:00,802 - INFO - Selected  Structural Graph
2025-06-11 14:01:00,829 - INFO - Selected  Attribute Graph: 
                Self-Loop Weight: 1.2
                Self-Loop Percentage / Threshold: 0.7
                Self-Loop Count: 1
            
2025-06-11 14:01:00,861 - INFO - Selected  Structural Graph
2025-06-11 14:01:00,883 - INFO - Selected  Structural Graph
2025-06-11 14:01:00,908 - INFO - Selected  Attribute Graph: 
                Self-Loop Weight: 1.2
                Self-Loop Percentage / Threshold: 0.7
                Self-Loop Count: 4
            
2025-06-11 14:01:00,977 - INFO - Selected  Attribute Graph: 
                Self-Loop Weight: 1.2
                Self-Loop Percentage / Threshold: 0.7
                Self-Loop Count: 4
            
2025-06-11 14:01:01,011 - INFO - Selected  Structural Graph
2025-06-11 14:01:01,031 - INFO - Selected  Structural Graph
2025-06-11 14:01:01,049 - INFO - Selected  Attribute Graph: 
                Self-Loop Weight: 1.2
                Self-Loop Percentage / Threshold: 0.7
                Self-Loop Count: 1
            
2025-06-11 14:01:01,081 - INFO - Selected  Structural Graph
2025-06-11 14:01:01,100 - INFO - Selected  Attribute Graph: 
                Self-Loop Weight: 1.2
                Self-Loop Percentage / Threshold: 0.7
                Self-Loop Count: 1
            
2025-06-11 14:01:01,121 - INFO - Selected  Structural Graph
2025-06-11 14:01:01,160 - INFO - Selected  Attribute Graph: 
                Self-Loop Weight: 1.2
                Self-Loop Percentage / Threshold: 0.7
                Self-Loop Count: 1
            
2025-06-11 14:01:01,218 - INFO - Selected  Attribute Graph: 
                Self-Loop Weight: 1.2
                Self-Loop Percentage / Threshold: 0.7
                Self-Loop Count: 3
            
2025-06-11 14:01:01,283 - INFO - Selected  Attribute Graph: 
                Self-Loop Weight: 1.2
                Self-Loop Percentage / Threshold: 0.7
                Self-Loop Count: 3
            
2025-06-11 14:01:01,299 - INFO - Selected  Structural Graph
2025-06-11 14:01:01,334 - INFO - Selected  Attribute Graph: 
                Self-Loop Weight: 1.2
                Self-Loop Percentage / Threshold: 0.7
                Self-Loop Count: 5
            
2025-06-11 14:01:01,368 - INFO - Selected  Attribute Graph: 
                Self-Loop Weight: 1.2
                Self-Loop Percentage / Threshold: 0.7
                Self-Loop Count: 4
            
2025-06-11 14:01:01,393 - INFO - Selected  Structural Graph
2025-06-11 14:01:01,499 - INFO - Selected  Structural Graph
2025-06-11 14:01:01,515 - INFO - Selected  Attribute Graph: 
                Self-Loop Weight: 1.2
                Self-Loop Percentage / Threshold: 0.7
                Self-Loop Count: 2
            
2025-06-11 14:01:01,535 - INFO - Selected  Attribute Graph: 
                Self-Loop Weight: 1.2
                Self-Loop Percentage / Threshold: 0.7
                Self-Loop Count: 2
            
2025-06-11 14:01:01,556 - INFO - Selected  Attribute Graph: 
                Self-Loop Weight: 1.2
                Self-Loop Percentage / Threshold: 0.7
                Self-Loop Count: 1
            
2025-06-11 14:01:01,580 - INFO - Selected  Attribute Graph: 
                Self-Loop Weight: 1.2
                Self-Loop Percentage / Threshold: 0.7
                Self-Loop Count: 1
            
2025-06-11 14:01:01,599 - INFO - Selected  Attribute Graph: 
                Self-Loop Weight: 1.2
                Self-Loop Percentage / Threshold: 0.7
                Self-Loop Count: 1
            
2025-06-11 14:01:01,651 - INFO - Selected  Structural Graph
2025-06-11 14:01:01,678 - INFO - Selected  Attribute Graph: 
                Self-Loop Weight: 1.2
                Self-Loop Percentage / Threshold: 0.7
                Self-Loop Count: 5
            
2025-06-11 14:01:01,687 - INFO - Selected  Structural Graph
2025-06-11 14:01:01,713 - INFO - Selected  Attribute Graph: 
                Self-Loop Weight: 1.2
                Self-Loop Percentage / Threshold: 0.7
                Self-Loop Count: 1
            
2025-06-11 14:01:01,725 - INFO - Selected  Attribute Graph: 
                Self-Loop Weight: 1.2
                Self-Loop Percentage / Threshold: 0.7
                Self-Loop Count: 2
            
2025-06-11 14:01:01,754 - INFO - Selected  Attribute Graph: 
                Self-Loop Weight: 1.2
                Self-Loop Percentage / Threshold: 0.7
                Self-Loop Count: 1
            
2025-06-11 14:01:01,840 - INFO - Selected  Attribute Graph: 
                Self-Loop Weight: 1.2
                Self-Loop Percentage / Threshold: 0.7
                Self-Loop Count: 1
            
2025-06-11 14:01:01,871 - INFO - Selected  Attribute Graph: 
                Self-Loop Weight: 1.2
                Self-Loop Percentage / Threshold: 0.7
                Self-Loop Count: 5
            
2025-06-11 14:01:01,895 - INFO - Selected  Attribute Graph: 
                Self-Loop Weight: 1.2
                Self-Loop Percentage / Threshold: 0.7
                Self-Loop Count: 2
            
2025-06-11 14:01:01,929 - INFO - Selected  Attribute Graph: 
                Self-Loop Weight: 1.2
                Self-Loop Percentage / Threshold: 0.7
                Self-Loop Count: 1
            
2025-06-11 14:01:01,953 - INFO - Selected  Structural Graph
2025-06-11 14:01:01,982 - INFO - Selected  Attribute Graph: 
                Self-Loop Weight: 1.2
                Self-Loop Percentage / Threshold: 0.7
                Self-Loop Count: 3
            
2025-06-11 14:01:02,074 - INFO - Selected  Structural Graph
2025-06-11 14:01:02,119 - INFO - Selected  Attribute Graph: 
                Self-Loop Weight: 1.2
                Self-Loop Percentage / Threshold: 0.7
                Self-Loop Count: 5
            
2025-06-11 14:01:02,139 - INFO - Selected  Attribute Graph: 
                Self-Loop Weight: 1.2
                Self-Loop Percentage / Threshold: 0.7
                Self-Loop Count: 4
            
2025-06-11 14:01:02,152 - INFO - Selected  Attribute Graph: 
                Self-Loop Weight: 1.2
                Self-Loop Percentage / Threshold: 0.7
                Self-Loop Count: 4
            
2025-06-11 14:01:02,181 - INFO - Selected  Attribute Graph: 
                Self-Loop Weight: 1.2
                Self-Loop Percentage / Threshold: 0.7
                Self-Loop Count: 1
            
2025-06-11 14:01:02,197 - INFO - Selected  Attribute Graph: 
                Self-Loop Weight: 1.2
                Self-Loop Percentage / Threshold: 0.7
                Self-Loop Count: 3
            
2025-06-11 14:01:02,229 - INFO - Selected  Attribute Graph: 
                Self-Loop Weight: 1.2
                Self-Loop Percentage / Threshold: 0.7
                Self-Loop Count: 4
            
2025-06-11 14:01:02,278 - INFO - Selected  Attribute Graph: 
                Self-Loop Weight: 1.2
                Self-Loop Percentage / Threshold: 0.7
                Self-Loop Count: 2
            
2025-06-11 14:01:02,308 - INFO - Selected  Attribute Graph: 
                Self-Loop Weight: 1.2
                Self-Loop Percentage / Threshold: 0.7
                Self-Loop Count: 1
            
2025-06-11 14:01:02,324 - INFO - Selected  Structural Graph
2025-06-11 14:01:02,347 - INFO - Selected  Structural Graph
2025-06-11 14:01:02,371 - INFO - Selected  Attribute Graph: 
                Self-Loop Weight: 1.2
                Self-Loop Percentage / Threshold: 0.7
                Self-Loop Count: 1
            
2025-06-11 14:01:02,415 - INFO - Selected  Structural Graph
2025-06-11 14:01:02,433 - INFO - Selected  Attribute Graph: 
                Self-Loop Weight: 1.2
                Self-Loop Percentage / Threshold: 0.7
                Self-Loop Count: 2
            
2025-06-11 14:01:02,512 - INFO - Selected  Attribute Graph: 
                Self-Loop Weight: 1.2
                Self-Loop Percentage / Threshold: 0.7
                Self-Loop Count: 2
            
2025-06-11 14:01:02,540 - INFO - Selected  Structural Graph
2025-06-11 14:01:02,560 - INFO - Selected  Structural Graph
2025-06-11 14:01:02,590 - INFO - Selected  Attribute Graph: 
                Self-Loop Weight: 1.2
                Self-Loop Percentage / Threshold: 0.7
                Self-Loop Count: 2
            
2025-06-11 14:01:02,623 - INFO - Selected  Structural Graph
2025-06-11 14:01:02,676 - INFO - Selected  Attribute Graph: 
                Self-Loop Weight: 1.2
                Self-Loop Percentage / Threshold: 0.7
                Self-Loop Count: 6
            
2025-06-11 14:01:02,755 - INFO - Selected  Attribute Graph: 
                Self-Loop Weight: 1.2
                Self-Loop Percentage / Threshold: 0.7
                Self-Loop Count: 4
            
2025-06-11 14:01:02,782 - INFO - Selected  Structural Graph
2025-06-11 14:01:02,801 - INFO - Selected  Attribute Graph: 
                Self-Loop Weight: 1.2
                Self-Loop Percentage / Threshold: 0.7
                Self-Loop Count: 2
            
2025-06-11 14:01:02,827 - INFO - Selected  Structural Graph
2025-06-11 14:01:02,839 - INFO - Selected  Attribute Graph: 
                Self-Loop Weight: 1.2
                Self-Loop Percentage / Threshold: 0.7
                Self-Loop Count: 3
            
2025-06-11 14:01:02,877 - INFO - Selected  Attribute Graph: 
                Self-Loop Weight: 1.2
                Self-Loop Percentage / Threshold: 0.7
                Self-Loop Count: 5
            
2025-06-11 14:01:02,900 - INFO - Selected  Structural Graph
2025-06-11 14:01:02,913 - INFO - Selected  Attribute Graph: 
                Self-Loop Weight: 1.2
                Self-Loop Percentage / Threshold: 0.7
                Self-Loop Count: 3
            
2025-06-11 14:01:02,956 - INFO - Selected  Attribute Graph: 
                Self-Loop Weight: 1.2
                Self-Loop Percentage / Threshold: 0.7
                Self-Loop Count: 4
            
2025-06-11 14:01:02,971 - INFO - Selected  Attribute Graph: 
                Self-Loop Weight: 1.2
                Self-Loop Percentage / Threshold: 0.7
                Self-Loop Count: 3
            
2025-06-11 14:01:02,988 - INFO - Selected  Attribute Graph: 
                Self-Loop Weight: 1.2
                Self-Loop Percentage / Threshold: 0.7
                Self-Loop Count: 2
            
2025-06-11 14:01:02,999 - INFO - Selected  Attribute Graph: 
                Self-Loop Weight: 1.2
                Self-Loop Percentage / Threshold: 0.7
                Self-Loop Count: 3
            
2025-06-11 14:01:03,031 - INFO - Selected  Attribute Graph: 
                Self-Loop Weight: 1.2
                Self-Loop Percentage / Threshold: 0.7
                Self-Loop Count: 6
            
2025-06-11 14:01:03,069 - INFO - Selected  Attribute Graph: 
                Self-Loop Weight: 1.2
                Self-Loop Percentage / Threshold: 0.7
                Self-Loop Count: 3
            
2025-06-11 14:01:03,093 - INFO - Selected  Attribute Graph: 
                Self-Loop Weight: 1.2
                Self-Loop Percentage / Threshold: 0.7
                Self-Loop Count: 6
            
2025-06-11 14:01:03,101 - INFO - Selected  Attribute Graph: 
                Self-Loop Weight: 1.2
                Self-Loop Percentage / Threshold: 0.7
                Self-Loop Count: 2
            
2025-06-11 14:01:03,129 - INFO - Selected  Structural Graph
2025-06-11 14:01:03,149 - INFO - Selected  Attribute Graph: 
                Self-Loop Weight: 1.2
                Self-Loop Percentage / Threshold: 0.7
                Self-Loop Count: 3
            
2025-06-11 14:01:03,168 - INFO - Selected  Attribute Graph: 
                Self-Loop Weight: 1.2
                Self-Loop Percentage / Threshold: 0.7
                Self-Loop Count: 4
            
2025-06-11 14:01:03,178 - INFO - Selected  Attribute Graph: 
                Self-Loop Weight: 1.2
                Self-Loop Percentage / Threshold: 0.7
                Self-Loop Count: 6
            
2025-06-11 14:01:03,225 - INFO - Selected  Structural Graph
2025-06-11 14:01:03,251 - INFO - Selected  Attribute Graph: 
                Self-Loop Weight: 1.2
                Self-Loop Percentage / Threshold: 0.7
                Self-Loop Count: 1
            
2025-06-11 14:01:03,281 - INFO - Selected  Attribute Graph: 
                Self-Loop Weight: 1.2
                Self-Loop Percentage / Threshold: 0.7
                Self-Loop Count: 2
            
2025-06-11 14:01:03,314 - INFO - Selected  Attribute Graph: 
                Self-Loop Weight: 1.2
                Self-Loop Percentage / Threshold: 0.7
                Self-Loop Count: 3
            
2025-06-11 14:01:03,349 - INFO - Selected  Structural Graph
2025-06-11 14:01:03,368 - INFO - Selected  Attribute Graph: 
                Self-Loop Weight: 1.2
                Self-Loop Percentage / Threshold: 0.7
                Self-Loop Count: 2
            
2025-06-11 14:01:03,436 - INFO - Selected  Structural Graph
2025-06-11 14:01:03,456 - INFO - Selected  Structural Graph
2025-06-11 14:01:03,483 - INFO - Selected  Structural Graph
2025-06-11 14:01:03,516 - INFO - Selected  Attribute Graph: 
                Self-Loop Weight: 1.2
                Self-Loop Percentage / Threshold: 0.7
                Self-Loop Count: 2
            
2025-06-11 14:01:03,553 - INFO - Selected  Structural Graph
2025-06-11 14:01:03,563 - INFO - Selected  Attribute Graph: 
                Self-Loop Weight: 1.2
                Self-Loop Percentage / Threshold: 0.7
                Self-Loop Count: 1
            
2025-06-11 14:01:03,608 - INFO - Selected  Structural Graph
2025-06-11 14:01:03,662 - INFO - Selected  Structural Graph
2025-06-11 14:01:03,680 - INFO - Selected  Attribute Graph: 
                Self-Loop Weight: 1.2
                Self-Loop Percentage / Threshold: 0.7
                Self-Loop Count: 4
            
2025-06-11 14:01:03,698 - INFO - Selected  Structural Graph
2025-06-11 14:01:03,709 - INFO - Selected  Attribute Graph: 
                Self-Loop Weight: 1.2
                Self-Loop Percentage / Threshold: 0.7
                Self-Loop Count: 2
            
2025-06-11 14:01:03,718 - INFO - Selected  Structural Graph
2025-06-11 14:01:03,731 - INFO - Selected  Attribute Graph: 
                Self-Loop Weight: 1.2
                Self-Loop Percentage / Threshold: 0.7
                Self-Loop Count: 3
            
2025-06-11 14:01:03,750 - INFO - Selected  Attribute Graph: 
                Self-Loop Weight: 1.2
                Self-Loop Percentage / Threshold: 0.7
                Self-Loop Count: 2
            
2025-06-11 14:01:03,782 - INFO - Selected  Attribute Graph: 
                Self-Loop Weight: 1.2
                Self-Loop Percentage / Threshold: 0.7
                Self-Loop Count: 3
            
2025-06-11 14:01:03,858 - INFO - Selected  Structural Graph
2025-06-11 14:01:03,880 - INFO - Selected  Attribute Graph: 
                Self-Loop Weight: 1.2
                Self-Loop Percentage / Threshold: 0.7
                Self-Loop Count: 4
            
2025-06-11 14:01:03,902 - INFO - Selected  Structural Graph
2025-06-11 14:01:03,922 - INFO - Selected  Attribute Graph: 
                Self-Loop Weight: 1.2
                Self-Loop Percentage / Threshold: 0.7
                Self-Loop Count: 4
            
2025-06-11 14:01:03,986 - INFO - Selected  Structural Graph
2025-06-11 14:01:03,998 - INFO - Selected  Structural Graph
2025-06-11 14:01:04,028 - INFO - Selected  Structural Graph
2025-06-11 14:01:04,052 - INFO - Selected  Structural Graph
2025-06-11 14:01:04,080 - INFO - Selected  Attribute Graph: 
                Self-Loop Weight: 1.2
                Self-Loop Percentage / Threshold: 0.7
                Self-Loop Count: 2
            
2025-06-11 14:01:04,101 - INFO - Selected  Attribute Graph: 
                Self-Loop Weight: 1.2
                Self-Loop Percentage / Threshold: 0.7
                Self-Loop Count: 1
            
2025-06-11 14:01:04,121 - INFO - Selected  Structural Graph
2025-06-11 14:01:04,147 - INFO - Selected  Attribute Graph: 
                Self-Loop Weight: 1.2
                Self-Loop Percentage / Threshold: 0.7
                Self-Loop Count: 1
            
2025-06-11 14:01:04,158 - INFO - Selected  Attribute Graph: 
                Self-Loop Weight: 1.2
                Self-Loop Percentage / Threshold: 0.7
                Self-Loop Count: 1
            
2025-06-11 14:01:04,171 - INFO - Selected  Structural Graph
2025-06-11 14:01:04,184 - INFO - Selected  Attribute Graph: 
                Self-Loop Weight: 1.2
                Self-Loop Percentage / Threshold: 0.7
                Self-Loop Count: 4
            
2025-06-11 14:01:04,211 - INFO - Selected  Structural Graph
2025-06-11 14:01:04,272 - INFO - Selected  Structural Graph
2025-06-11 14:01:04,288 - INFO - Selected  Attribute Graph: 
                Self-Loop Weight: 1.2
                Self-Loop Percentage / Threshold: 0.7
                Self-Loop Count: 3
            
2025-06-11 14:01:04,306 - INFO - Selected  Structural Graph
2025-06-11 14:01:04,312 - INFO - Selected  Attribute Graph: 
                Self-Loop Weight: 1.2
                Self-Loop Percentage / Threshold: 0.7
                Self-Loop Count: 4
            
2025-06-11 14:01:04,367 - INFO - Selected  Structural Graph
2025-06-11 14:01:04,377 - INFO - Selected  Attribute Graph: 
                Self-Loop Weight: 1.2
                Self-Loop Percentage / Threshold: 0.7
                Self-Loop Count: 2
            
2025-06-11 14:01:04,406 - INFO - Selected  Attribute Graph: 
                Self-Loop Weight: 1.2
                Self-Loop Percentage / Threshold: 0.7
                Self-Loop Count: 4
            
2025-06-11 14:01:04,421 - INFO - Selected  Attribute Graph: 
                Self-Loop Weight: 1.2
                Self-Loop Percentage / Threshold: 0.7
                Self-Loop Count: 1
            
2025-06-11 14:01:04,503 - INFO - Selected  Attribute Graph: 
                Self-Loop Weight: 1.2
                Self-Loop Percentage / Threshold: 0.7
                Self-Loop Count: 3
            
2025-06-11 14:01:04,529 - INFO - Selected  Attribute Graph: 
                Self-Loop Weight: 1.2
                Self-Loop Percentage / Threshold: 0.7
                Self-Loop Count: 2
            
2025-06-11 14:01:04,539 - INFO - Selected  Structural Graph
2025-06-11 14:01:04,556 - INFO - Selected  Attribute Graph: 
                Self-Loop Weight: 1.2
                Self-Loop Percentage / Threshold: 0.7
                Self-Loop Count: 4
            
2025-06-11 14:01:04,576 - INFO - Selected  Attribute Graph: 
                Self-Loop Weight: 1.2
                Self-Loop Percentage / Threshold: 0.7
                Self-Loop Count: 3
            
2025-06-11 14:01:04,588 - INFO - Selected  Structural Graph
2025-06-11 14:01:04,676 - INFO - Selected  Attribute Graph: 
                Self-Loop Weight: 1.2
                Self-Loop Percentage / Threshold: 0.7
                Self-Loop Count: 2
            
2025-06-11 14:01:04,696 - INFO - Selected  Structural Graph
2025-06-11 14:01:04,732 - INFO - Selected  Structural Graph
2025-06-11 14:01:04,752 - INFO - Selected  Attribute Graph: 
                Self-Loop Weight: 1.2
                Self-Loop Percentage / Threshold: 0.7
                Self-Loop Count: 1
            
2025-06-11 14:01:04,768 - INFO - Selected  Structural Graph
2025-06-11 14:01:04,795 - INFO - Selected  Structural Graph
2025-06-11 14:01:04,817 - INFO - Selected  Structural Graph
2025-06-11 14:01:04,859 - INFO - Selected  Attribute Graph: 
                Self-Loop Weight: 1.2
                Self-Loop Percentage / Threshold: 0.7
                Self-Loop Count: 3
            
2025-06-11 14:01:04,887 - INFO - Selected  Structural Graph
2025-06-11 14:01:04,904 - INFO - Selected  Structural Graph
2025-06-11 14:01:04,933 - INFO - Selected  Attribute Graph: 
                Self-Loop Weight: 1.2
                Self-Loop Percentage / Threshold: 0.7
                Self-Loop Count: 4
            
2025-06-11 14:01:04,948 - INFO - Selected  Structural Graph
2025-06-11 14:01:04,981 - INFO - Selected  Attribute Graph: 
                Self-Loop Weight: 1.2
                Self-Loop Percentage / Threshold: 0.7
                Self-Loop Count: 1
            
2025-06-11 14:01:05,053 - INFO - Selected  Structural Graph
2025-06-11 14:01:05,123 - INFO - Selected  Attribute Graph: 
                Self-Loop Weight: 1.2
                Self-Loop Percentage / Threshold: 0.7
                Self-Loop Count: 1
            
2025-06-11 14:01:05,146 - INFO - Selected  Structural Graph
2025-06-11 14:01:05,179 - INFO - Selected  Structural Graph
2025-06-11 14:01:05,202 - INFO - Selected  Structural Graph
2025-06-11 14:01:05,216 - INFO - Selected  Attribute Graph: 
                Self-Loop Weight: 1.2
                Self-Loop Percentage / Threshold: 0.7
                Self-Loop Count: 5
            
2025-06-11 14:01:05,240 - INFO - Selected  Attribute Graph: 
                Self-Loop Weight: 1.2
                Self-Loop Percentage / Threshold: 0.7
                Self-Loop Count: 2
            
2025-06-11 14:01:05,282 - INFO - Selected  Attribute Graph: 
                Self-Loop Weight: 1.2
                Self-Loop Percentage / Threshold: 0.7
                Self-Loop Count: 3
            
2025-06-11 14:01:05,287 - INFO - Selected  Structural Graph
2025-06-11 14:01:05,295 - INFO - Selected  Attribute Graph: 
                Self-Loop Weight: 1.2
                Self-Loop Percentage / Threshold: 0.7
                Self-Loop Count: 1
            
2025-06-11 14:01:05,303 - INFO - Selected  Attribute Graph: 
                Self-Loop Weight: 1.2
                Self-Loop Percentage / Threshold: 0.7
                Self-Loop Count: 2
            
2025-06-11 14:01:05,317 - INFO - Selected  Attribute Graph: 
                Self-Loop Weight: 1.2
                Self-Loop Percentage / Threshold: 0.7
                Self-Loop Count: 1
            
2025-06-11 14:01:05,333 - INFO - Selected  Attribute Graph: 
                Self-Loop Weight: 1.2
                Self-Loop Percentage / Threshold: 0.7
                Self-Loop Count: 2
            
2025-06-11 14:01:05,352 - INFO - Selected  Attribute Graph: 
                Self-Loop Weight: 1.2
                Self-Loop Percentage / Threshold: 0.7
                Self-Loop Count: 1
            
2025-06-11 14:01:05,374 - INFO - Selected  Structural Graph
2025-06-11 14:01:05,394 - INFO - Selected  Attribute Graph: 
                Self-Loop Weight: 1.2
                Self-Loop Percentage / Threshold: 0.7
                Self-Loop Count: 1
            
2025-06-11 14:01:05,427 - INFO - Selected  Structural Graph
2025-06-11 14:01:05,456 - INFO - Selected  Structural Graph
2025-06-11 14:01:05,468 - INFO - Selected  Attribute Graph: 
                Self-Loop Weight: 1.2
                Self-Loop Percentage / Threshold: 0.7
                Self-Loop Count: 5
            
2025-06-11 14:01:05,479 - INFO - Selected  Structural Graph
2025-06-11 14:01:05,514 - INFO - Selected  Attribute Graph: 
                Self-Loop Weight: 1.2
                Self-Loop Percentage / Threshold: 0.7
                Self-Loop Count: 2
            
2025-06-11 14:01:05,557 - INFO - Selected  Structural Graph
2025-06-11 14:01:05,571 - INFO - Selected  Structural Graph
2025-06-11 14:01:05,593 - INFO - Selected  Structural Graph
2025-06-11 14:01:05,642 - INFO - Selected  Structural Graph
2025-06-11 14:01:05,663 - INFO - Selected  Structural Graph
2025-06-11 14:01:05,687 - INFO - Selected  Structural Graph
2025-06-11 14:01:05,745 - INFO - Selected  Structural Graph
2025-06-11 14:01:05,757 - INFO - Selected  Structural Graph
2025-06-11 14:01:05,763 - INFO - Selected  Structural Graph
2025-06-11 14:01:05,767 - INFO - Selected  Structural Graph
2025-06-11 14:01:05,786 - INFO - Selected  Structural Graph
2025-06-11 14:01:05,798 - INFO - Selected  Structural Graph
2025-06-11 14:01:05,839 - INFO - Selected  Attribute Graph: 
                Self-Loop Weight: 1.2
                Self-Loop Percentage / Threshold: 0.7
                Self-Loop Count: 5
            
2025-06-11 14:01:05,887 - INFO - Selected  Structural Graph
2025-06-11 14:01:05,913 - INFO - Selected  Attribute Graph: 
                Self-Loop Weight: 1.2
                Self-Loop Percentage / Threshold: 0.7
                Self-Loop Count: 4
            
2025-06-11 14:01:05,923 - INFO - Selected  Structural Graph
2025-06-11 14:01:05,943 - INFO - Selected  Attribute Graph: 
                Self-Loop Weight: 1.2
                Self-Loop Percentage / Threshold: 0.7
                Self-Loop Count: 2
            
2025-06-11 14:01:05,970 - INFO - Selected  Attribute Graph: 
                Self-Loop Weight: 1.2
                Self-Loop Percentage / Threshold: 0.7
                Self-Loop Count: 2
            
2025-06-11 14:01:06,018 - INFO - Selected  Attribute Graph: 
                Self-Loop Weight: 1.2
                Self-Loop Percentage / Threshold: 0.7
                Self-Loop Count: 2
            
2025-06-11 14:01:06,082 - INFO - Selected  Attribute Graph: 
                Self-Loop Weight: 1.2
                Self-Loop Percentage / Threshold: 0.7
                Self-Loop Count: 3
            
2025-06-11 14:01:06,094 - INFO - Selected  Structural Graph
2025-06-11 14:01:06,113 - INFO - Selected  Structural Graph
2025-06-11 14:01:06,143 - INFO - Selected  Attribute Graph: 
                Self-Loop Weight: 1.2
                Self-Loop Percentage / Threshold: 0.7
                Self-Loop Count: 1
            
2025-06-11 14:01:06,168 - INFO - Selected  Attribute Graph: 
                Self-Loop Weight: 1.2
                Self-Loop Percentage / Threshold: 0.7
                Self-Loop Count: 1
            
2025-06-11 14:01:06,216 - INFO - Selected  Attribute Graph: 
                Self-Loop Weight: 1.2
                Self-Loop Percentage / Threshold: 0.7
                Self-Loop Count: 2
            
2025-06-11 14:01:06,298 - INFO - Selected  Attribute Graph: 
                Self-Loop Weight: 1.2
                Self-Loop Percentage / Threshold: 0.7
                Self-Loop Count: 3
            
2025-06-11 14:01:06,314 - INFO - Selected  Structural Graph
2025-06-11 14:01:06,322 - INFO - Selected  Structural Graph
2025-06-11 14:01:06,328 - INFO - Selected  Attribute Graph: 
                Self-Loop Weight: 1.2
                Self-Loop Percentage / Threshold: 0.7
                Self-Loop Count: 1
            
2025-06-11 14:01:06,358 - INFO - Selected  Structural Graph
2025-06-11 14:01:06,394 - INFO - Selected  Structural Graph
2025-06-11 14:01:06,416 - INFO - Selected  Attribute Graph: 
                Self-Loop Weight: 1.2
                Self-Loop Percentage / Threshold: 0.7
                Self-Loop Count: 5
            
2025-06-11 14:01:06,495 - INFO - Selected  Attribute Graph: 
                Self-Loop Weight: 1.2
                Self-Loop Percentage / Threshold: 0.7
                Self-Loop Count: 3
            
2025-06-11 14:01:06,504 - INFO - Selected  Attribute Graph: 
                Self-Loop Weight: 1.2
                Self-Loop Percentage / Threshold: 0.7
                Self-Loop Count: 4
            
2025-06-11 14:01:06,530 - INFO - Selected  Attribute Graph: 
                Self-Loop Weight: 1.2
                Self-Loop Percentage / Threshold: 0.7
                Self-Loop Count: 3
            
2025-06-11 14:01:06,541 - INFO - Selected  Structural Graph
2025-06-11 14:01:06,563 - INFO - Selected  Attribute Graph: 
                Self-Loop Weight: 1.2
                Self-Loop Percentage / Threshold: 0.7
                Self-Loop Count: 3
            
2025-06-11 14:01:06,570 - INFO - Selected  Attribute Graph: 
                Self-Loop Weight: 1.2
                Self-Loop Percentage / Threshold: 0.7
                Self-Loop Count: 2
            
2025-06-11 14:01:06,631 - INFO - Selected  Attribute Graph: 
                Self-Loop Weight: 1.2
                Self-Loop Percentage / Threshold: 0.7
                Self-Loop Count: 2
            
2025-06-11 14:01:06,649 - INFO - Selected  Structural Graph
2025-06-11 14:01:06,675 - INFO - Selected  Structural Graph
2025-06-11 14:01:06,701 - INFO - Selected  Structural Graph
2025-06-11 14:01:06,728 - INFO - Selected  Attribute Graph: 
                Self-Loop Weight: 1.2
                Self-Loop Percentage / Threshold: 0.7
                Self-Loop Count: 3
            
2025-06-11 14:01:06,768 - INFO - Selected  Attribute Graph: 
                Self-Loop Weight: 1.2
                Self-Loop Percentage / Threshold: 0.7
                Self-Loop Count: 1
            
2025-06-11 14:01:06,844 - INFO - Selected  Attribute Graph: 
                Self-Loop Weight: 1.2
                Self-Loop Percentage / Threshold: 0.7
                Self-Loop Count: 3
            
2025-06-11 14:01:06,860 - INFO - Selected  Attribute Graph: 
                Self-Loop Weight: 1.2
                Self-Loop Percentage / Threshold: 0.7
                Self-Loop Count: 3
            
2025-06-11 14:01:06,895 - INFO - Selected  Structural Graph
2025-06-11 14:01:06,926 - INFO - Selected  Attribute Graph: 
                Self-Loop Weight: 1.2
                Self-Loop Percentage / Threshold: 0.7
                Self-Loop Count: 1
            
2025-06-11 14:01:06,964 - INFO - Selected  Structural Graph
2025-06-11 14:01:06,999 - INFO - Selected  Structural Graph
2025-06-11 14:01:07,012 - INFO - Selected  Attribute Graph: 
                Self-Loop Weight: 1.2
                Self-Loop Percentage / Threshold: 0.7
                Self-Loop Count: 3
            
2025-06-11 14:01:07,085 - INFO - Selected  Structural Graph
2025-06-11 14:01:07,096 - INFO - Selected  Attribute Graph: 
                Self-Loop Weight: 1.2
                Self-Loop Percentage / Threshold: 0.7
                Self-Loop Count: 5
            
2025-06-11 14:01:07,103 - INFO - Selected  Attribute Graph: 
                Self-Loop Weight: 1.2
                Self-Loop Percentage / Threshold: 0.7
                Self-Loop Count: 2
            
2025-06-11 14:01:07,138 - INFO - Selected  Attribute Graph: 
                Self-Loop Weight: 1.2
                Self-Loop Percentage / Threshold: 0.7
                Self-Loop Count: 1
            
2025-06-11 14:01:07,176 - INFO - Selected  Attribute Graph: 
                Self-Loop Weight: 1.2
                Self-Loop Percentage / Threshold: 0.7
                Self-Loop Count: 1
            
2025-06-11 14:01:07,226 - INFO - Selected  Structural Graph
2025-06-11 14:01:07,366 - INFO - Selected  Structural Graph
2025-06-11 14:01:07,385 - INFO - Selected  Attribute Graph: 
                Self-Loop Weight: 1.2
                Self-Loop Percentage / Threshold: 0.7
                Self-Loop Count: 1
            
2025-06-11 14:01:07,419 - INFO - Selected  Attribute Graph: 
                Self-Loop Weight: 1.2
                Self-Loop Percentage / Threshold: 0.7
                Self-Loop Count: 6
            
2025-06-11 14:01:07,445 - INFO - Selected  Structural Graph
2025-06-11 14:01:07,479 - INFO - Selected  Structural Graph
2025-06-11 14:01:07,507 - INFO - Selected  Structural Graph
2025-06-11 14:01:07,595 - INFO - Selected  Attribute Graph: 
                Self-Loop Weight: 1.2
                Self-Loop Percentage / Threshold: 0.7
                Self-Loop Count: 2
            
2025-06-11 14:01:07,631 - INFO - Selected  Attribute Graph: 
                Self-Loop Weight: 1.2
                Self-Loop Percentage / Threshold: 0.7
                Self-Loop Count: 3
            
2025-06-11 14:01:07,655 - INFO - Selected  Attribute Graph: 
                Self-Loop Weight: 1.2
                Self-Loop Percentage / Threshold: 0.7
                Self-Loop Count: 1
            
2025-06-11 14:01:07,680 - INFO - Selected  Attribute Graph: 
                Self-Loop Weight: 1.2
                Self-Loop Percentage / Threshold: 0.7
                Self-Loop Count: 2
            
2025-06-11 14:01:07,692 - INFO - Selected  Structural Graph
2025-06-11 14:01:07,717 - INFO - Selected  Structural Graph
2025-06-11 14:01:07,804 - INFO - Selected  Attribute Graph: 
                Self-Loop Weight: 1.2
                Self-Loop Percentage / Threshold: 0.7
                Self-Loop Count: 2
            
2025-06-11 14:01:07,832 - INFO - Selected  Attribute Graph: 
                Self-Loop Weight: 1.2
                Self-Loop Percentage / Threshold: 0.7
                Self-Loop Count: 1
            
2025-06-11 14:01:07,858 - INFO - Selected  Structural Graph
2025-06-11 14:01:07,898 - INFO - Selected  Structural Graph
2025-06-11 14:01:07,945 - INFO - Selected  Attribute Graph: 
                Self-Loop Weight: 1.2
                Self-Loop Percentage / Threshold: 0.7
                Self-Loop Count: 3
            
2025-06-11 14:01:07,980 - INFO - Selected  Attribute Graph: 
                Self-Loop Weight: 1.2
                Self-Loop Percentage / Threshold: 0.7
                Self-Loop Count: 1
            
2025-06-11 14:01:08,072 - INFO - Selected  Attribute Graph: 
                Self-Loop Weight: 1.2
                Self-Loop Percentage / Threshold: 0.7
                Self-Loop Count: 3
            
2025-06-11 14:01:08,183 - INFO - Selected  Structural Graph
2025-06-11 14:01:08,247 - INFO - Selected  Attribute Graph: 
                Self-Loop Weight: 1.2
                Self-Loop Percentage / Threshold: 0.7
                Self-Loop Count: 3
            
2025-06-11 14:01:08,272 - INFO - Selected  Attribute Graph: 
                Self-Loop Weight: 1.2
                Self-Loop Percentage / Threshold: 0.7
                Self-Loop Count: 2
            
2025-06-11 14:01:08,295 - INFO - Selected  Structural Graph
2025-06-11 14:01:08,313 - INFO - Selected  Attribute Graph: 
                Self-Loop Weight: 1.2
                Self-Loop Percentage / Threshold: 0.7
                Self-Loop Count: 2
            
2025-06-11 14:01:08,543 - INFO - Selected  Attribute Graph: 
                Self-Loop Weight: 1.2
                Self-Loop Percentage / Threshold: 0.7
                Self-Loop Count: 3
            
2025-06-11 14:01:08,613 - INFO - Selected  Structural Graph
2025-06-11 14:01:08,698 - INFO - Selected  Structural Graph
2025-06-11 14:01:08,738 - INFO - Selected  Structural Graph
2025-06-11 14:01:08,932 - INFO - Selected  Attribute Graph: 
                Self-Loop Weight: 1.2
                Self-Loop Percentage / Threshold: 0.7
                Self-Loop Count: 5
            
2025-06-11 14:01:09,009 - INFO - Selected  Attribute Graph: 
                Self-Loop Weight: 1.2
                Self-Loop Percentage / Threshold: 0.7
                Self-Loop Count: 6
            
2025-06-11 14:01:09,215 - INFO - Selected  Structural Graph
2025-06-11 14:01:09,368 - INFO - Selected  Attribute Graph: 
                Self-Loop Weight: 1.2
                Self-Loop Percentage / Threshold: 0.7
                Self-Loop Count: 1
            
2025-06-11 14:01:09,406 - INFO - Selected  Structural Graph
2025-06-11 14:01:09,446 - INFO - Selected  Attribute Graph: 
                Self-Loop Weight: 1.2
                Self-Loop Percentage / Threshold: 0.7
                Self-Loop Count: 1
            
2025-06-11 14:01:09,538 - INFO - Selected  Attribute Graph: 
                Self-Loop Weight: 1.2
                Self-Loop Percentage / Threshold: 0.7
                Self-Loop Count: 1
            
2025-06-11 14:01:09,590 - INFO - Selected  Attribute Graph: 
                Self-Loop Weight: 1.2
                Self-Loop Percentage / Threshold: 0.7
                Self-Loop Count: 4
            
2025-06-11 14:01:09,659 - INFO - Selected  Structural Graph
2025-06-11 14:01:09,700 - INFO - Selected  Structural Graph
2025-06-11 14:01:09,925 - INFO - Selected  Structural Graph
2025-06-11 14:01:10,049 - INFO - Selected  Structural Graph
2025-06-11 14:01:10,103 - INFO - Selected  Structural Graph
2025-06-11 14:01:10,172 - INFO - Selected  Attribute Graph: 
                Self-Loop Weight: 1.2
                Self-Loop Percentage / Threshold: 0.7
                Self-Loop Count: 4
            
2025-06-11 14:01:10,242 - INFO - Selected  Structural Graph
2025-06-11 14:01:10,319 - INFO - Selected  Attribute Graph: 
                Self-Loop Weight: 1.2
                Self-Loop Percentage / Threshold: 0.7
                Self-Loop Count: 2
            
2025-06-11 14:01:10,504 - INFO - Selected  Structural Graph
2025-06-11 14:01:10,556 - INFO - Selected  Attribute Graph: 
                Self-Loop Weight: 1.2
                Self-Loop Percentage / Threshold: 0.7
                Self-Loop Count: 1
            
2025-06-11 14:01:10,643 - INFO - Selected  Attribute Graph: 
                Self-Loop Weight: 1.2
                Self-Loop Percentage / Threshold: 0.7
                Self-Loop Count: 2
            
2025-06-11 14:01:10,739 - INFO - Selected  Structural Graph
2025-06-11 14:01:11,044 - INFO - Selected  Structural Graph
2025-06-11 14:01:11,129 - INFO - Selected  Structural Graph
2025-06-11 14:01:11,168 - INFO - Selected  Attribute Graph: 
                Self-Loop Weight: 1.2
                Self-Loop Percentage / Threshold: 0.7
                Self-Loop Count: 5
            
2025-06-11 14:01:11,221 - INFO - Selected  Structural Graph
2025-06-11 14:01:11,285 - INFO - Selected  Structural Graph
2025-06-11 14:01:11,292 - INFO - Selected  Structural Graph
2025-06-11 14:01:11,393 - INFO - Selected  Attribute Graph: 
                Self-Loop Weight: 1.2
                Self-Loop Percentage / Threshold: 0.7
                Self-Loop Count: 1
            
2025-06-11 14:01:11,481 - INFO - Selected  Attribute Graph: 
                Self-Loop Weight: 1.2
                Self-Loop Percentage / Threshold: 0.7
                Self-Loop Count: 2
            
2025-06-11 14:01:11,542 - INFO - Selected  Attribute Graph: 
                Self-Loop Weight: 1.2
                Self-Loop Percentage / Threshold: 0.7
                Self-Loop Count: 3
            
2025-06-11 14:01:11,558 - INFO - Selected  Attribute Graph: 
                Self-Loop Weight: 1.2
                Self-Loop Percentage / Threshold: 0.7
                Self-Loop Count: 2
            
2025-06-11 14:01:11,571 - INFO - Selected  Attribute Graph: 
                Self-Loop Weight: 1.2
                Self-Loop Percentage / Threshold: 0.7
                Self-Loop Count: 2
            
2025-06-11 14:01:11,592 - INFO - Selected  Attribute Graph: 
                Self-Loop Weight: 1.2
                Self-Loop Percentage / Threshold: 0.7
                Self-Loop Count: 1
            
2025-06-11 14:01:11,766 - INFO - Selected  Attribute Graph: 
                Self-Loop Weight: 1.2
                Self-Loop Percentage / Threshold: 0.7
                Self-Loop Count: 1
            
2025-06-11 14:01:11,805 - INFO - Selected  Attribute Graph: 
                Self-Loop Weight: 1.2
                Self-Loop Percentage / Threshold: 0.7
                Self-Loop Count: 4
            
2025-06-11 14:01:11,993 - INFO - Selected  Attribute Graph: 
                Self-Loop Weight: 1.2
                Self-Loop Percentage / Threshold: 0.7
                Self-Loop Count: 5
            
2025-06-11 14:01:12,018 - INFO - Selected  Structural Graph
2025-06-11 14:01:12,035 - INFO - Selected  Structural Graph
2025-06-11 14:01:12,039 - INFO - Selected  Attribute Graph: 
                Self-Loop Weight: 1.2
                Self-Loop Percentage / Threshold: 0.7
                Self-Loop Count: 4
            
2025-06-11 14:01:12,058 - INFO - Selected  Attribute Graph: 
                Self-Loop Weight: 1.2
                Self-Loop Percentage / Threshold: 0.7
                Self-Loop Count: 2
            
2025-06-11 14:01:12,204 - INFO - Selected  Structural Graph
2025-06-11 14:01:12,271 - INFO - Selected  Attribute Graph: 
                Self-Loop Weight: 1.2
                Self-Loop Percentage / Threshold: 0.7
                Self-Loop Count: 1
            
2025-06-11 14:01:12,293 - INFO - Selected  Attribute Graph: 
                Self-Loop Weight: 1.2
                Self-Loop Percentage / Threshold: 0.7
                Self-Loop Count: 4
            
2025-06-11 14:01:12,304 - INFO - Selected  Attribute Graph: 
                Self-Loop Weight: 1.2
                Self-Loop Percentage / Threshold: 0.7
                Self-Loop Count: 3
            
2025-06-11 14:01:12,317 - INFO - Selected  Attribute Graph: 
                Self-Loop Weight: 1.2
                Self-Loop Percentage / Threshold: 0.7
                Self-Loop Count: 2
            
2025-06-11 14:01:12,334 - INFO - Selected  Structural Graph
2025-06-11 14:01:12,462 - INFO - Selected  Attribute Graph: 
                Self-Loop Weight: 1.2
                Self-Loop Percentage / Threshold: 0.7
                Self-Loop Count: 1
            
2025-06-11 14:01:12,467 - INFO - Selected  Attribute Graph: 
                Self-Loop Weight: 1.2
                Self-Loop Percentage / Threshold: 0.7
                Self-Loop Count: 2
            
2025-06-11 14:01:12,500 - INFO - Selected  Attribute Graph: 
                Self-Loop Weight: 1.2
                Self-Loop Percentage / Threshold: 0.7
                Self-Loop Count: 1
            
2025-06-11 14:01:12,518 - INFO - Selected  Structural Graph
2025-06-11 14:01:12,530 - INFO - Selected  Attribute Graph: 
                Self-Loop Weight: 1.2
                Self-Loop Percentage / Threshold: 0.7
                Self-Loop Count: 4
            
2025-06-11 14:01:12,671 - INFO - Selected  Attribute Graph: 
                Self-Loop Weight: 1.2
                Self-Loop Percentage / Threshold: 0.7
                Self-Loop Count: 1
            
2025-06-11 14:01:12,845 - INFO - Selected  Structural Graph
2025-06-11 14:01:12,967 - INFO - Selected  Structural Graph
2025-06-11 14:01:13,079 - INFO - Selected  Attribute Graph: 
                Self-Loop Weight: 1.2
                Self-Loop Percentage / Threshold: 0.7
                Self-Loop Count: 2
            
2025-06-11 14:01:13,196 - INFO - Selected  Structural Graph
2025-06-11 14:01:13,347 - INFO - Selected  Structural Graph
2025-06-11 14:01:13,443 - INFO - Selected  Structural Graph
2025-06-11 14:01:13,601 - INFO - Selected  Structural Graph
2025-06-11 14:01:13,701 - INFO - Selected  Structural Graph
2025-06-11 14:01:13,846 - INFO - Selected  Attribute Graph: 
                Self-Loop Weight: 1.2
                Self-Loop Percentage / Threshold: 0.7
                Self-Loop Count: 3
            
2025-06-11 14:01:13,961 - INFO - Selected  Attribute Graph: 
                Self-Loop Weight: 1.2
                Self-Loop Percentage / Threshold: 0.7
                Self-Loop Count: 2
            
2025-06-11 14:01:14,061 - INFO - Selected  Structural Graph
2025-06-11 14:01:14,148 - INFO - Selected  Attribute Graph: 
                Self-Loop Weight: 1.2
                Self-Loop Percentage / Threshold: 0.7
                Self-Loop Count: 3
            
2025-06-11 14:01:14,391 - INFO - Selected  Structural Graph
2025-06-11 14:01:14,429 - INFO - Selected  Structural Graph
2025-06-11 14:01:14,477 - INFO - Selected  Attribute Graph: 
                Self-Loop Weight: 1.2
                Self-Loop Percentage / Threshold: 0.7
                Self-Loop Count: 4
            
2025-06-11 14:01:14,706 - INFO - Selected  Attribute Graph: 
                Self-Loop Weight: 1.2
                Self-Loop Percentage / Threshold: 0.7
                Self-Loop Count: 1
            
2025-06-11 14:01:14,762 - INFO - Selected  Attribute Graph: 
                Self-Loop Weight: 1.2
                Self-Loop Percentage / Threshold: 0.7
                Self-Loop Count: 1
            
2025-06-11 14:01:14,807 - INFO - Selected  Structural Graph
2025-06-11 14:01:14,880 - INFO - Selected  Attribute Graph: 
                Self-Loop Weight: 1.2
                Self-Loop Percentage / Threshold: 0.7
                Self-Loop Count: 1
            
2025-06-11 14:01:14,922 - INFO - Selected  Structural Graph
2025-06-11 14:01:15,071 - INFO - Selected  Attribute Graph: 
                Self-Loop Weight: 1.2
                Self-Loop Percentage / Threshold: 0.7
                Self-Loop Count: 2
            
2025-06-11 14:01:15,173 - INFO - Selected  Structural Graph
2025-06-11 14:01:15,280 - INFO - Selected  Structural Graph
2025-06-11 14:01:15,404 - INFO - Selected  Attribute Graph: 
                Self-Loop Weight: 1.2
                Self-Loop Percentage / Threshold: 0.7
                Self-Loop Count: 2
            
2025-06-11 14:01:15,539 - INFO - Selected  Attribute Graph: 
                Self-Loop Weight: 1.2
                Self-Loop Percentage / Threshold: 0.7
                Self-Loop Count: 3
            
2025-06-11 14:01:15,648 - INFO - Selected  Structural Graph
2025-06-11 14:01:15,778 - INFO - Selected  Attribute Graph: 
                Self-Loop Weight: 1.2
                Self-Loop Percentage / Threshold: 0.7
                Self-Loop Count: 7
            
2025-06-11 14:01:15,862 - INFO - Selected  Structural Graph
2025-06-11 14:01:15,965 - INFO - Selected  Structural Graph
2025-06-11 14:01:16,036 - INFO - Selected  Structural Graph
2025-06-11 14:01:16,146 - INFO - Selected  Structural Graph
2025-06-11 14:01:16,295 - INFO - Selected  Structural Graph
2025-06-11 14:01:16,413 - INFO - Selected  Structural Graph
2025-06-11 14:01:16,508 - INFO - Selected  Attribute Graph: 
                Self-Loop Weight: 1.2
                Self-Loop Percentage / Threshold: 0.7
                Self-Loop Count: 1
            
2025-06-11 14:01:16,597 - INFO - Selected  Attribute Graph: 
                Self-Loop Weight: 1.2
                Self-Loop Percentage / Threshold: 0.7
                Self-Loop Count: 2
            
2025-06-11 14:01:16,644 - INFO - Selected  Attribute Graph: 
                Self-Loop Weight: 1.2
                Self-Loop Percentage / Threshold: 0.7
                Self-Loop Count: 4
            
2025-06-11 14:01:16,741 - INFO - Selected  Attribute Graph: 
                Self-Loop Weight: 1.2
                Self-Loop Percentage / Threshold: 0.7
                Self-Loop Count: 4
            
2025-06-11 14:01:16,756 - INFO - Selected  Structural Graph
2025-06-11 14:01:16,841 - INFO - Selected  Attribute Graph: 
                Self-Loop Weight: 1.2
                Self-Loop Percentage / Threshold: 0.7
                Self-Loop Count: 1
            
2025-06-11 14:01:16,886 - INFO - Selected  Structural Graph
2025-06-11 14:01:16,921 - INFO - Selected  Structural Graph
2025-06-11 14:01:16,929 - INFO - Selected  Attribute Graph: 
                Self-Loop Weight: 1.2
                Self-Loop Percentage / Threshold: 0.7
                Self-Loop Count: 3
            
2025-06-11 14:01:17,014 - INFO - Selected  Attribute Graph: 
                Self-Loop Weight: 1.2
                Self-Loop Percentage / Threshold: 0.7
                Self-Loop Count: 3
            
2025-06-11 14:01:17,035 - INFO - Selected  Attribute Graph: 
                Self-Loop Weight: 1.2
                Self-Loop Percentage / Threshold: 0.7
                Self-Loop Count: 6
            
2025-06-11 14:01:17,138 - INFO - Selected  Structural Graph
2025-06-11 14:01:17,203 - INFO - Selected  Attribute Graph: 
                Self-Loop Weight: 1.2
                Self-Loop Percentage / Threshold: 0.7
                Self-Loop Count: 1
            
2025-06-11 14:01:17,404 - INFO - Selected  Structural Graph
2025-06-11 14:01:17,410 - INFO - Selected  Attribute Graph: 
                Self-Loop Weight: 1.2
                Self-Loop Percentage / Threshold: 0.7
                Self-Loop Count: 5
            
2025-06-11 14:01:17,452 - INFO - Selected  Attribute Graph: 
                Self-Loop Weight: 1.2
                Self-Loop Percentage / Threshold: 0.7
                Self-Loop Count: 4
            
2025-06-11 14:01:17,479 - INFO - Selected  Attribute Graph: 
                Self-Loop Weight: 1.2
                Self-Loop Percentage / Threshold: 0.7
                Self-Loop Count: 2
            
2025-06-11 14:01:17,492 - INFO - Selected  Structural Graph
2025-06-11 14:01:17,511 - INFO - Selected  Attribute Graph: 
                Self-Loop Weight: 1.2
                Self-Loop Percentage / Threshold: 0.7
                Self-Loop Count: 4
            
2025-06-11 14:01:17,518 - INFO - Selected  Attribute Graph: 
                Self-Loop Weight: 1.2
                Self-Loop Percentage / Threshold: 0.7
                Self-Loop Count: 1
            
2025-06-11 14:01:17,531 - INFO - Selected  Attribute Graph: 
                Self-Loop Weight: 1.2
                Self-Loop Percentage / Threshold: 0.7
                Self-Loop Count: 3
            
2025-06-11 14:01:17,536 - INFO - Selected  Attribute Graph: 
                Self-Loop Weight: 1.2
                Self-Loop Percentage / Threshold: 0.7
                Self-Loop Count: 1
            
2025-06-11 14:01:17,544 - INFO - Selected  Attribute Graph: 
                Self-Loop Weight: 1.2
                Self-Loop Percentage / Threshold: 0.7
                Self-Loop Count: 2
            
2025-06-11 14:01:17,561 - INFO - Selected  Attribute Graph: 
                Self-Loop Weight: 1.2
                Self-Loop Percentage / Threshold: 0.7
                Self-Loop Count: 3
            
2025-06-11 14:01:17,781 - INFO - Selected  Attribute Graph: 
                Self-Loop Weight: 1.2
                Self-Loop Percentage / Threshold: 0.7
                Self-Loop Count: 3
            
2025-06-11 14:01:17,830 - INFO - Selected  Attribute Graph: 
                Self-Loop Weight: 1.2
                Self-Loop Percentage / Threshold: 0.7
                Self-Loop Count: 1
            
2025-06-11 14:01:17,858 - INFO - Selected  Structural Graph
2025-06-11 14:01:17,943 - INFO - Selected  Structural Graph
2025-06-11 14:01:18,064 - INFO - Selected  Attribute Graph: 
                Self-Loop Weight: 1.2
                Self-Loop Percentage / Threshold: 0.7
                Self-Loop Count: 2
            
2025-06-11 14:01:18,085 - INFO - Selected  Attribute Graph: 
                Self-Loop Weight: 1.2
                Self-Loop Percentage / Threshold: 0.7
                Self-Loop Count: 2
            
2025-06-11 14:01:18,184 - INFO - Selected  Structural Graph
2025-06-11 14:01:18,264 - INFO - Selected  Attribute Graph: 
                Self-Loop Weight: 1.2
                Self-Loop Percentage / Threshold: 0.7
                Self-Loop Count: 2
            
2025-06-11 14:01:18,285 - INFO - Selected  Structural Graph
2025-06-11 14:01:18,298 - INFO - Selected  Structural Graph
2025-06-11 14:01:18,307 - INFO - Selected  Attribute Graph: 
                Self-Loop Weight: 1.2
                Self-Loop Percentage / Threshold: 0.7
                Self-Loop Count: 1
            
2025-06-11 14:01:18,404 - INFO - Selected  Attribute Graph: 
                Self-Loop Weight: 1.2
                Self-Loop Percentage / Threshold: 0.7
                Self-Loop Count: 5
            
2025-06-11 14:01:18,497 - INFO - Selected  Structural Graph
2025-06-11 14:01:18,649 - INFO - Selected  Attribute Graph: 
                Self-Loop Weight: 1.2
                Self-Loop Percentage / Threshold: 0.7
                Self-Loop Count: 5
            
2025-06-11 14:01:18,744 - INFO - Selected  Structural Graph
2025-06-11 14:01:18,821 - INFO - Selected  Structural Graph
2025-06-11 14:01:18,879 - INFO - Selected  Attribute Graph: 
                Self-Loop Weight: 1.2
                Self-Loop Percentage / Threshold: 0.7
                Self-Loop Count: 3
            
2025-06-11 14:01:18,940 - INFO - Selected  Structural Graph
2025-06-11 14:01:19,151 - INFO - Selected  Structural Graph
2025-06-11 14:01:19,253 - INFO - Selected  Structural Graph
2025-06-11 14:01:19,293 - INFO - Selected  Structural Graph
2025-06-11 14:01:19,394 - INFO - Selected  Attribute Graph: 
                Self-Loop Weight: 1.2
                Self-Loop Percentage / Threshold: 0.7
                Self-Loop Count: 1
            
2025-06-11 14:01:19,467 - INFO - Selected  Attribute Graph: 
                Self-Loop Weight: 1.2
                Self-Loop Percentage / Threshold: 0.7
                Self-Loop Count: 5
            
2025-06-11 14:01:19,605 - INFO - Selected  Structural Graph
2025-06-11 14:01:19,815 - INFO - Selected  Structural Graph
2025-06-11 14:01:19,937 - INFO - Selected  Attribute Graph: 
                Self-Loop Weight: 1.2
                Self-Loop Percentage / Threshold: 0.7
                Self-Loop Count: 2
            
2025-06-11 14:01:20,044 - INFO - Selected  Structural Graph
2025-06-11 14:01:20,282 - INFO - Selected  Attribute Graph: 
                Self-Loop Weight: 1.2
                Self-Loop Percentage / Threshold: 0.7
                Self-Loop Count: 4
            
2025-06-11 14:01:20,408 - INFO - Selected  Structural Graph
2025-06-11 14:01:20,473 - INFO - Selected  Attribute Graph: 
                Self-Loop Weight: 1.2
                Self-Loop Percentage / Threshold: 0.7
                Self-Loop Count: 1
            
2025-06-11 14:01:20,627 - INFO - Selected  Structural Graph
2025-06-11 14:01:20,694 - INFO - Selected  Attribute Graph: 
                Self-Loop Weight: 1.2
                Self-Loop Percentage / Threshold: 0.7
                Self-Loop Count: 3
            
2025-06-11 14:01:20,869 - INFO - Selected  Attribute Graph: 
                Self-Loop Weight: 1.2
                Self-Loop Percentage / Threshold: 0.7
                Self-Loop Count: 2
            
2025-06-11 14:01:20,926 - INFO - Selected  Structural Graph
2025-06-11 14:01:21,038 - INFO - Selected  Attribute Graph: 
                Self-Loop Weight: 1.2
                Self-Loop Percentage / Threshold: 0.7
                Self-Loop Count: 6
            
2025-06-11 14:01:21,127 - INFO - Selected  Attribute Graph: 
                Self-Loop Weight: 1.2
                Self-Loop Percentage / Threshold: 0.7
                Self-Loop Count: 1
            
2025-06-11 14:01:21,190 - INFO - Selected  Structural Graph
2025-06-11 14:01:21,261 - INFO - Selected  Structural Graph
2025-06-11 14:01:21,471 - INFO - Selected  Structural Graph
2025-06-11 14:01:21,513 - INFO - Selected  Attribute Graph: 
                Self-Loop Weight: 1.2
                Self-Loop Percentage / Threshold: 0.7
                Self-Loop Count: 1
            
2025-06-11 14:01:21,547 - INFO - Selected  Attribute Graph: 
                Self-Loop Weight: 1.2
                Self-Loop Percentage / Threshold: 0.7
                Self-Loop Count: 2
            
2025-06-11 14:01:21,617 - INFO - Selected  Attribute Graph: 
                Self-Loop Weight: 1.2
                Self-Loop Percentage / Threshold: 0.7
                Self-Loop Count: 1
            
2025-06-11 14:01:21,656 - INFO - Selected  Structural Graph
2025-06-11 14:01:21,716 - INFO - Selected  Attribute Graph: 
                Self-Loop Weight: 1.2
                Self-Loop Percentage / Threshold: 0.7
                Self-Loop Count: 6
            
2025-06-11 14:01:21,821 - INFO - Selected  Attribute Graph: 
                Self-Loop Weight: 1.2
                Self-Loop Percentage / Threshold: 0.7
                Self-Loop Count: 7
            
2025-06-11 14:01:22,061 - INFO - Selected  Structural Graph
2025-06-11 14:01:22,100 - INFO - Selected  Attribute Graph: 
                Self-Loop Weight: 1.2
                Self-Loop Percentage / Threshold: 0.7
                Self-Loop Count: 3
            
2025-06-11 14:01:22,188 - INFO - Selected  Structural Graph
2025-06-11 14:01:22,280 - INFO - Selected  Attribute Graph: 
                Self-Loop Weight: 1.2
                Self-Loop Percentage / Threshold: 0.7
                Self-Loop Count: 8
            
2025-06-11 14:01:22,367 - INFO - Selected  Structural Graph
2025-06-11 14:01:22,456 - INFO - Selected  Attribute Graph: 
                Self-Loop Weight: 1.2
                Self-Loop Percentage / Threshold: 0.7
                Self-Loop Count: 1
            
2025-06-11 14:01:22,589 - INFO - Selected  Structural Graph
2025-06-11 14:01:22,733 - INFO - Selected  Structural Graph
2025-06-11 14:01:22,930 - INFO - Selected  Structural Graph
2025-06-11 14:01:22,987 - INFO - Selected  Attribute Graph: 
                Self-Loop Weight: 1.2
                Self-Loop Percentage / Threshold: 0.7
                Self-Loop Count: 4
            
2025-06-11 14:01:23,092 - INFO - Selected  Structural Graph
2025-06-11 14:01:23,227 - INFO - Selected  Attribute Graph: 
                Self-Loop Weight: 1.2
                Self-Loop Percentage / Threshold: 0.7
                Self-Loop Count: 3
            
2025-06-11 14:01:23,494 - INFO - Selected  Structural Graph
2025-06-11 14:01:23,633 - INFO - Selected  Attribute Graph: 
                Self-Loop Weight: 1.2
                Self-Loop Percentage / Threshold: 0.7
                Self-Loop Count: 1
            
2025-06-11 14:01:23,735 - INFO - Selected  Attribute Graph: 
                Self-Loop Weight: 1.2
                Self-Loop Percentage / Threshold: 0.7
                Self-Loop Count: 5
            
2025-06-11 14:01:23,789 - INFO - Selected  Structural Graph
2025-06-11 14:01:23,925 - INFO - Selected  Structural Graph
2025-06-11 14:01:24,014 - INFO - Selected  Attribute Graph: 
                Self-Loop Weight: 1.2
                Self-Loop Percentage / Threshold: 0.7
                Self-Loop Count: 2
            
2025-06-11 14:01:24,101 - INFO - Selected  Attribute Graph: 
                Self-Loop Weight: 1.2
                Self-Loop Percentage / Threshold: 0.7
                Self-Loop Count: 2
            
2025-06-11 14:01:24,267 - INFO - Selected  Structural Graph
2025-06-11 14:01:24,376 - INFO - Selected  Attribute Graph: 
                Self-Loop Weight: 1.2
                Self-Loop Percentage / Threshold: 0.7
                Self-Loop Count: 3
            
2025-06-11 14:01:24,512 - INFO - Selected  Attribute Graph: 
                Self-Loop Weight: 1.2
                Self-Loop Percentage / Threshold: 0.7
                Self-Loop Count: 1
            
2025-06-11 14:01:24,639 - INFO - Selected  Attribute Graph: 
                Self-Loop Weight: 1.2
                Self-Loop Percentage / Threshold: 0.7
                Self-Loop Count: 7
            
2025-06-11 14:01:24,684 - INFO - Selected  Structural Graph
2025-06-11 14:01:24,693 - INFO - Selected  Structural Graph
2025-06-11 14:01:24,724 - INFO - Selected  Attribute Graph: 
                Self-Loop Weight: 1.2
                Self-Loop Percentage / Threshold: 0.7
                Self-Loop Count: 3
            
2025-06-11 14:01:24,853 - INFO - Selected  Attribute Graph: 
                Self-Loop Weight: 1.2
                Self-Loop Percentage / Threshold: 0.7
                Self-Loop Count: 5
            
2025-06-11 14:01:24,947 - INFO - Selected  Structural Graph
2025-06-11 14:01:25,024 - INFO - Selected  Attribute Graph: 
                Self-Loop Weight: 1.2
                Self-Loop Percentage / Threshold: 0.7
                Self-Loop Count: 2
            
2025-06-11 14:01:25,136 - INFO - Selected  Structural Graph
2025-06-11 14:01:25,267 - INFO - Selected  Attribute Graph: 
                Self-Loop Weight: 1.2
                Self-Loop Percentage / Threshold: 0.7
                Self-Loop Count: 2
            
2025-06-11 14:01:25,583 - INFO - Selected  Attribute Graph: 
                Self-Loop Weight: 1.2
                Self-Loop Percentage / Threshold: 0.7
                Self-Loop Count: 2
            
2025-06-11 14:01:25,846 - INFO - Selected  Attribute Graph: 
                Self-Loop Weight: 1.2
                Self-Loop Percentage / Threshold: 0.7
                Self-Loop Count: 3
            
2025-06-11 14:01:25,887 - INFO - Selected  Attribute Graph: 
                Self-Loop Weight: 1.2
                Self-Loop Percentage / Threshold: 0.7
                Self-Loop Count: 3
            
2025-06-11 14:01:25,929 - INFO - Selected  Attribute Graph: 
                Self-Loop Weight: 1.2
                Self-Loop Percentage / Threshold: 0.7
                Self-Loop Count: 6
            
2025-06-11 14:01:26,000 - INFO - Selected  Attribute Graph: 
                Self-Loop Weight: 1.2
                Self-Loop Percentage / Threshold: 0.7
                Self-Loop Count: 4
            
2025-06-11 14:01:26,075 - INFO - Selected  Structural Graph
2025-06-11 14:01:26,117 - INFO - Selected  Structural Graph
2025-06-11 14:01:26,159 - INFO - Selected  Structural Graph
2025-06-11 14:01:26,201 - INFO - Selected  Attribute Graph: 
                Self-Loop Weight: 1.2
                Self-Loop Percentage / Threshold: 0.7
                Self-Loop Count: 1
            
2025-06-11 14:01:26,218 - INFO - Selected  Structural Graph
2025-06-11 14:01:26,274 - INFO - Selected  Structural Graph
2025-06-11 14:01:26,319 - INFO - Selected  Structural Graph
2025-06-11 14:01:26,419 - INFO - Selected  Structural Graph
2025-06-11 14:01:26,502 - INFO - Selected  Structural Graph
2025-06-11 14:01:26,546 - INFO - Selected  Attribute Graph: 
                Self-Loop Weight: 1.2
                Self-Loop Percentage / Threshold: 0.7
                Self-Loop Count: 2
            
2025-06-11 14:01:26,562 - INFO - Selected  Attribute Graph: 
                Self-Loop Weight: 1.2
                Self-Loop Percentage / Threshold: 0.7
                Self-Loop Count: 2
            
2025-06-11 14:01:26,570 - INFO - Selected  Attribute Graph: 
                Self-Loop Weight: 1.2
                Self-Loop Percentage / Threshold: 0.7
                Self-Loop Count: 3
            
2025-06-11 14:01:26,577 - INFO - Selected  Structural Graph
2025-06-11 14:01:26,697 - INFO - Selected  Structural Graph
2025-06-11 14:01:26,760 - INFO - Selected  Attribute Graph: 
                Self-Loop Weight: 1.2
                Self-Loop Percentage / Threshold: 0.7
                Self-Loop Count: 1
            
2025-06-11 14:01:26,781 - INFO - Selected  Structural Graph
2025-06-11 14:01:26,800 - INFO - Selected  Attribute Graph: 
                Self-Loop Weight: 1.2
                Self-Loop Percentage / Threshold: 0.7
                Self-Loop Count: 1
            
2025-06-11 14:01:26,832 - INFO - Selected  Attribute Graph: 
                Self-Loop Weight: 1.2
                Self-Loop Percentage / Threshold: 0.7
                Self-Loop Count: 4
            
2025-06-11 14:01:26,883 - INFO - Selected  Attribute Graph: 
                Self-Loop Weight: 1.2
                Self-Loop Percentage / Threshold: 0.7
                Self-Loop Count: 3
            
2025-06-11 14:01:26,989 - INFO - Selected  Structural Graph
2025-06-11 14:01:27,043 - INFO - Selected  Attribute Graph: 
                Self-Loop Weight: 1.2
                Self-Loop Percentage / Threshold: 0.7
                Self-Loop Count: 2
            
2025-06-11 14:01:27,104 - INFO - Selected  Structural Graph
2025-06-11 14:01:27,159 - INFO - Selected  Attribute Graph: 
                Self-Loop Weight: 1.2
                Self-Loop Percentage / Threshold: 0.7
                Self-Loop Count: 1
            
2025-06-11 14:01:27,222 - INFO - Selected  Attribute Graph: 
                Self-Loop Weight: 1.2
                Self-Loop Percentage / Threshold: 0.7
                Self-Loop Count: 3
            
2025-06-11 14:01:27,247 - INFO - Selected  Attribute Graph: 
                Self-Loop Weight: 1.2
                Self-Loop Percentage / Threshold: 0.7
                Self-Loop Count: 1
            
2025-06-11 14:01:27,297 - INFO - Selected  Attribute Graph: 
                Self-Loop Weight: 1.2
                Self-Loop Percentage / Threshold: 0.7
                Self-Loop Count: 1
            
2025-06-11 14:01:27,530 - INFO - Selected  Attribute Graph: 
                Self-Loop Weight: 1.2
                Self-Loop Percentage / Threshold: 0.7
                Self-Loop Count: 2
            
2025-06-11 14:01:27,560 - INFO - Selected  Attribute Graph: 
                Self-Loop Weight: 1.2
                Self-Loop Percentage / Threshold: 0.7
                Self-Loop Count: 7
            
2025-06-11 14:01:27,613 - INFO - Selected  Structural Graph
2025-06-11 14:01:27,650 - INFO - Selected  Attribute Graph: 
                Self-Loop Weight: 1.2
                Self-Loop Percentage / Threshold: 0.7
                Self-Loop Count: 2
            
2025-06-11 14:01:27,698 - INFO - Selected  Attribute Graph: 
                Self-Loop Weight: 1.2
                Self-Loop Percentage / Threshold: 0.7
                Self-Loop Count: 4
            
2025-06-11 14:01:27,741 - INFO - Selected  Attribute Graph: 
                Self-Loop Weight: 1.2
                Self-Loop Percentage / Threshold: 0.7
                Self-Loop Count: 3
            
2025-06-11 14:01:27,857 - INFO - Selected  Attribute Graph: 
                Self-Loop Weight: 1.2
                Self-Loop Percentage / Threshold: 0.7
                Self-Loop Count: 4
            
2025-06-11 14:01:27,887 - INFO - Selected  Structural Graph
2025-06-11 14:01:27,938 - INFO - Selected  Attribute Graph: 
                Self-Loop Weight: 1.2
                Self-Loop Percentage / Threshold: 0.7
                Self-Loop Count: 2
            
2025-06-11 14:01:27,988 - INFO - Selected  Attribute Graph: 
                Self-Loop Weight: 1.2
                Self-Loop Percentage / Threshold: 0.7
                Self-Loop Count: 2
            
2025-06-11 14:01:28,016 - INFO - Selected  Attribute Graph: 
                Self-Loop Weight: 1.2
                Self-Loop Percentage / Threshold: 0.7
                Self-Loop Count: 2
            
2025-06-11 14:01:28,059 - INFO - Selected  Attribute Graph: 
                Self-Loop Weight: 1.2
                Self-Loop Percentage / Threshold: 0.7
                Self-Loop Count: 3
            
2025-06-11 14:01:28,103 - INFO - Selected  Attribute Graph: 
                Self-Loop Weight: 1.2
                Self-Loop Percentage / Threshold: 0.7
                Self-Loop Count: 2
            
2025-06-11 14:01:28,214 - INFO - Selected  Attribute Graph: 
                Self-Loop Weight: 1.2
                Self-Loop Percentage / Threshold: 0.7
                Self-Loop Count: 3
            
2025-06-11 14:01:28,239 - INFO - Selected  Structural Graph
2025-06-11 14:01:28,251 - INFO - Selected  Structural Graph
2025-06-11 14:01:28,270 - INFO - Selected  Attribute Graph: 
                Self-Loop Weight: 1.2
                Self-Loop Percentage / Threshold: 0.7
                Self-Loop Count: 3
            
2025-06-11 14:01:28,303 - INFO - Selected  Attribute Graph: 
                Self-Loop Weight: 1.2
                Self-Loop Percentage / Threshold: 0.7
                Self-Loop Count: 3
            
2025-06-11 14:01:28,337 - INFO - Selected  Structural Graph
2025-06-11 14:01:28,363 - INFO - Selected  Attribute Graph: 
                Self-Loop Weight: 1.2
                Self-Loop Percentage / Threshold: 0.7
                Self-Loop Count: 2
            
2025-06-11 14:01:28,391 - INFO - Selected  Structural Graph
2025-06-11 14:01:28,417 - INFO - Selected  Structural Graph
2025-06-11 14:01:28,430 - INFO - Selected  Structural Graph
2025-06-11 14:01:28,455 - INFO - Selected  Attribute Graph: 
                Self-Loop Weight: 1.2
                Self-Loop Percentage / Threshold: 0.7
                Self-Loop Count: 2
            
2025-06-11 14:01:28,479 - INFO - Selected  Structural Graph
2025-06-11 14:01:28,534 - INFO - Selected  Attribute Graph: 
                Self-Loop Weight: 1.2
                Self-Loop Percentage / Threshold: 0.7
                Self-Loop Count: 2
            
2025-06-11 14:01:28,596 - INFO - Selected  Structural Graph
2025-06-11 14:01:28,621 - INFO - Selected  Structural Graph
2025-06-11 14:01:28,690 - INFO - Selected  Attribute Graph: 
                Self-Loop Weight: 1.2
                Self-Loop Percentage / Threshold: 0.7
                Self-Loop Count: 4
            
2025-06-11 14:01:28,734 - INFO - Selected  Attribute Graph: 
                Self-Loop Weight: 1.2
                Self-Loop Percentage / Threshold: 0.7
                Self-Loop Count: 2
            
2025-06-11 14:01:28,774 - INFO - Selected  Attribute Graph: 
                Self-Loop Weight: 1.2
                Self-Loop Percentage / Threshold: 0.7
                Self-Loop Count: 1
            
2025-06-11 14:01:28,804 - INFO - Selected  Structural Graph
2025-06-11 14:01:28,874 - INFO - Selected  Structural Graph
2025-06-11 14:01:28,927 - INFO - Selected  Structural Graph
2025-06-11 14:01:28,945 - INFO - Selected  Attribute Graph: 
                Self-Loop Weight: 1.2
                Self-Loop Percentage / Threshold: 0.7
                Self-Loop Count: 2
            
2025-06-11 14:01:28,964 - INFO - Selected  Structural Graph
2025-06-11 14:01:28,992 - INFO - Selected  Attribute Graph: 
                Self-Loop Weight: 1.2
                Self-Loop Percentage / Threshold: 0.7
                Self-Loop Count: 2
            
2025-06-11 14:01:29,021 - INFO - Selected  Attribute Graph: 
                Self-Loop Weight: 1.2
                Self-Loop Percentage / Threshold: 0.7
                Self-Loop Count: 1
            
2025-06-11 14:01:29,043 - INFO - Selected  Attribute Graph: 
                Self-Loop Weight: 1.2
                Self-Loop Percentage / Threshold: 0.7
                Self-Loop Count: 1
            
2025-06-11 14:01:29,132 - INFO - Selected  Structural Graph
2025-06-11 14:01:29,159 - INFO - Selected  Attribute Graph: 
                Self-Loop Weight: 1.2
                Self-Loop Percentage / Threshold: 0.7
                Self-Loop Count: 1
            
2025-06-11 14:01:29,195 - INFO - Selected  Attribute Graph: 
                Self-Loop Weight: 1.2
                Self-Loop Percentage / Threshold: 0.7
                Self-Loop Count: 2
            
2025-06-11 14:01:29,230 - INFO - Selected  Structural Graph
2025-06-11 14:01:29,250 - INFO - Selected  Attribute Graph: 
                Self-Loop Weight: 1.2
                Self-Loop Percentage / Threshold: 0.7
                Self-Loop Count: 2
            
2025-06-11 14:01:29,267 - INFO - Selected  Attribute Graph: 
                Self-Loop Weight: 1.2
                Self-Loop Percentage / Threshold: 0.7
                Self-Loop Count: 3
            
2025-06-11 14:01:29,292 - INFO - Selected  Attribute Graph: 
                Self-Loop Weight: 1.2
                Self-Loop Percentage / Threshold: 0.7
                Self-Loop Count: 2
            
2025-06-11 14:01:29,325 - INFO - Selected  Structural Graph
2025-06-11 14:01:29,357 - INFO - Selected  Structural Graph
2025-06-11 14:01:29,386 - INFO - Selected  Attribute Graph: 
                Self-Loop Weight: 1.2
                Self-Loop Percentage / Threshold: 0.7
                Self-Loop Count: 1
            
2025-06-11 14:01:29,406 - INFO - Selected  Attribute Graph: 
                Self-Loop Weight: 1.2
                Self-Loop Percentage / Threshold: 0.7
                Self-Loop Count: 1
            
2025-06-11 14:01:29,479 - INFO - Selected  Attribute Graph: 
                Self-Loop Weight: 1.2
                Self-Loop Percentage / Threshold: 0.7
                Self-Loop Count: 6
            
2025-06-11 14:01:29,577 - INFO - Selected  Structural Graph
2025-06-11 14:01:29,653 - INFO - Selected  Attribute Graph: 
                Self-Loop Weight: 1.2
                Self-Loop Percentage / Threshold: 0.7
                Self-Loop Count: 2
            
2025-06-11 14:01:29,661 - INFO - Selected  Attribute Graph: 
                Self-Loop Weight: 1.2
                Self-Loop Percentage / Threshold: 0.7
                Self-Loop Count: 1
            
2025-06-11 14:01:29,676 - INFO - Selected  Structural Graph
2025-06-11 14:01:29,715 - INFO - Selected  Structural Graph
2025-06-11 14:01:29,797 - INFO - Selected  Structural Graph
2025-06-11 14:01:29,861 - INFO - Selected  Attribute Graph: 
                Self-Loop Weight: 1.2
                Self-Loop Percentage / Threshold: 0.7
                Self-Loop Count: 4
            
2025-06-11 14:01:29,875 - INFO - Selected  Structural Graph
2025-06-11 14:01:29,895 - INFO - Selected  Structural Graph
2025-06-11 14:01:29,925 - INFO - Selected  Structural Graph
2025-06-11 14:01:29,951 - INFO - Selected  Structural Graph
2025-06-11 14:01:29,965 - INFO - Selected  Structural Graph
2025-06-11 14:01:29,978 - INFO - Selected  Attribute Graph: 
                Self-Loop Weight: 1.2
                Self-Loop Percentage / Threshold: 0.7
                Self-Loop Count: 3
            
2025-06-11 14:01:30,004 - INFO - Selected  Attribute Graph: 
                Self-Loop Weight: 1.2
                Self-Loop Percentage / Threshold: 0.7
                Self-Loop Count: 1
            
2025-06-11 14:01:30,027 - INFO - Selected  Structural Graph
2025-06-11 14:01:30,041 - INFO - Selected  Attribute Graph: 
                Self-Loop Weight: 1.2
                Self-Loop Percentage / Threshold: 0.7
                Self-Loop Count: 3
            
2025-06-11 14:01:30,088 - INFO - Selected  Structural Graph
2025-06-11 14:01:30,130 - INFO - Selected  Structural Graph
2025-06-11 14:01:30,149 - INFO - Selected  Attribute Graph: 
                Self-Loop Weight: 1.2
                Self-Loop Percentage / Threshold: 0.7
                Self-Loop Count: 7
            
2025-06-11 14:01:30,233 - INFO - Selected  Attribute Graph: 
                Self-Loop Weight: 1.2
                Self-Loop Percentage / Threshold: 0.7
                Self-Loop Count: 2
            
2025-06-11 14:01:30,294 - INFO - Selected  Attribute Graph: 
                Self-Loop Weight: 1.2
                Self-Loop Percentage / Threshold: 0.7
                Self-Loop Count: 2
            
2025-06-11 14:01:30,313 - INFO - Selected  Attribute Graph: 
                Self-Loop Weight: 1.2
                Self-Loop Percentage / Threshold: 0.7
                Self-Loop Count: 3
            
2025-06-11 14:01:30,371 - INFO - Selected  Structural Graph
2025-06-11 14:01:30,379 - INFO - Selected  Structural Graph
2025-06-11 14:01:30,417 - INFO - Selected  Attribute Graph: 
                Self-Loop Weight: 1.2
                Self-Loop Percentage / Threshold: 0.7
                Self-Loop Count: 3
            
2025-06-11 14:01:30,434 - INFO - Selected  Attribute Graph: 
                Self-Loop Weight: 1.2
                Self-Loop Percentage / Threshold: 0.7
                Self-Loop Count: 6
            
2025-06-11 14:01:30,457 - INFO - Selected  Structural Graph
2025-06-11 14:01:30,488 - INFO - Selected  Attribute Graph: 
                Self-Loop Weight: 1.2
                Self-Loop Percentage / Threshold: 0.7
                Self-Loop Count: 2
            
2025-06-11 14:01:30,512 - INFO - Selected  Structural Graph
2025-06-11 14:01:30,603 - INFO - Selected  Structural Graph
2025-06-11 14:01:30,626 - INFO - Selected  Attribute Graph: 
                Self-Loop Weight: 1.2
                Self-Loop Percentage / Threshold: 0.7
                Self-Loop Count: 2
            
2025-06-11 14:01:30,650 - INFO - Selected  Attribute Graph: 
                Self-Loop Weight: 1.2
                Self-Loop Percentage / Threshold: 0.7
                Self-Loop Count: 2
            
2025-06-11 14:01:30,680 - INFO - Selected  Structural Graph
2025-06-11 14:01:30,702 - INFO - Selected  Structural Graph
2025-06-11 14:01:30,732 - INFO - Selected  Attribute Graph: 
                Self-Loop Weight: 1.2
                Self-Loop Percentage / Threshold: 0.7
                Self-Loop Count: 2
            
2025-06-11 14:01:30,749 - INFO - Selected  Attribute Graph: 
                Self-Loop Weight: 1.2
                Self-Loop Percentage / Threshold: 0.7
                Self-Loop Count: 5
            
2025-06-11 14:01:30,806 - INFO - Selected  Attribute Graph: 
                Self-Loop Weight: 1.2
                Self-Loop Percentage / Threshold: 0.7
                Self-Loop Count: 1
            
2025-06-11 14:01:30,820 - INFO - Selected  Structural Graph
2025-06-11 14:01:30,844 - INFO - Selected  Attribute Graph: 
                Self-Loop Weight: 1.2
                Self-Loop Percentage / Threshold: 0.7
                Self-Loop Count: 3
            
2025-06-11 14:01:30,862 - INFO - Selected  Attribute Graph: 
                Self-Loop Weight: 1.2
                Self-Loop Percentage / Threshold: 0.7
                Self-Loop Count: 4
            
2025-06-11 14:01:30,887 - INFO - Selected  Structural Graph
2025-06-11 14:01:30,949 - INFO - Selected  Attribute Graph: 
                Self-Loop Weight: 1.2
                Self-Loop Percentage / Threshold: 0.7
                Self-Loop Count: 3
            
2025-06-11 14:01:30,991 - INFO - Selected  Structural Graph
2025-06-11 14:01:31,040 - INFO - Selected  Structural Graph
2025-06-11 14:01:31,077 - INFO - Selected  Structural Graph
2025-06-11 14:01:31,103 - INFO - Selected  Attribute Graph: 
                Self-Loop Weight: 1.2
                Self-Loop Percentage / Threshold: 0.7
                Self-Loop Count: 2
            
2025-06-11 14:01:31,145 - INFO - Selected  Attribute Graph: 
                Self-Loop Weight: 1.2
                Self-Loop Percentage / Threshold: 0.7
                Self-Loop Count: 1
            
2025-06-11 14:01:31,225 - INFO - Selected  Attribute Graph: 
                Self-Loop Weight: 1.2
                Self-Loop Percentage / Threshold: 0.7
                Self-Loop Count: 3
            
2025-06-11 14:01:31,277 - INFO - Selected  Structural Graph
2025-06-11 14:01:31,510 - INFO - Selected  Structural Graph
2025-06-11 14:01:31,602 - INFO - Selected  Structural Graph
2025-06-11 14:01:31,645 - INFO - Selected  Attribute Graph: 
                Self-Loop Weight: 1.2
                Self-Loop Percentage / Threshold: 0.7
                Self-Loop Count: 3
            
2025-06-11 14:01:31,760 - INFO - Selected  Structural Graph
2025-06-11 14:01:31,869 - INFO - Selected  Structural Graph
2025-06-11 14:01:32,067 - INFO - Selected  Structural Graph
2025-06-11 14:01:32,192 - INFO - Selected  Structural Graph
2025-06-11 14:01:32,299 - INFO - Selected  Structural Graph
2025-06-11 14:01:32,405 - INFO - Selected  Attribute Graph: 
                Self-Loop Weight: 1.2
                Self-Loop Percentage / Threshold: 0.7
                Self-Loop Count: 1
            
2025-06-11 14:01:32,545 - INFO - Selected  Structural Graph
2025-06-11 14:01:32,618 - INFO - Selected  Structural Graph
2025-06-11 14:01:32,713 - INFO - Selected  Structural Graph
2025-06-11 14:01:32,859 - INFO - Selected  Attribute Graph: 
                Self-Loop Weight: 1.2
                Self-Loop Percentage / Threshold: 0.7
                Self-Loop Count: 4
            
2025-06-11 14:01:32,981 - INFO - Selected  Structural Graph
2025-06-11 14:01:33,077 - INFO - Selected  Structural Graph
2025-06-11 14:01:33,140 - INFO - Selected  Structural Graph
2025-06-11 14:01:33,212 - INFO - Selected  Structural Graph
2025-06-11 14:01:33,250 - INFO - Selected  Structural Graph
2025-06-11 14:01:33,306 - INFO - Selected  Structural Graph
2025-06-11 14:01:33,396 - INFO - Selected  Attribute Graph: 
                Self-Loop Weight: 1.2
                Self-Loop Percentage / Threshold: 0.7
                Self-Loop Count: 2
            
2025-06-11 14:01:33,637 - INFO - Selected  Attribute Graph: 
                Self-Loop Weight: 1.2
                Self-Loop Percentage / Threshold: 0.7
                Self-Loop Count: 3
            
2025-06-11 14:01:33,720 - INFO - Selected  Attribute Graph: 
                Self-Loop Weight: 1.2
                Self-Loop Percentage / Threshold: 0.7
                Self-Loop Count: 12
            
2025-06-11 14:01:33,798 - INFO - Selected  Structural Graph
2025-06-11 14:01:33,868 - INFO - Selected  Structural Graph
2025-06-11 14:01:33,904 - INFO - Selected  Attribute Graph: 
                Self-Loop Weight: 1.2
                Self-Loop Percentage / Threshold: 0.7
                Self-Loop Count: 1
            
2025-06-11 14:01:34,081 - INFO - Selected  Attribute Graph: 
                Self-Loop Weight: 1.2
                Self-Loop Percentage / Threshold: 0.7
                Self-Loop Count: 5
            
2025-06-11 14:01:34,371 - INFO - Selected  Structural Graph
2025-06-11 14:01:34,401 - INFO - Selected  Attribute Graph: 
                Self-Loop Weight: 1.2
                Self-Loop Percentage / Threshold: 0.7
                Self-Loop Count: 4
            
2025-06-11 14:01:34,477 - INFO - Selected  Structural Graph
2025-06-11 14:01:34,554 - INFO - Selected  Attribute Graph: 
                Self-Loop Weight: 1.2
                Self-Loop Percentage / Threshold: 0.7
                Self-Loop Count: 1
            
2025-06-11 14:01:34,633 - INFO - Selected  Attribute Graph: 
                Self-Loop Weight: 1.2
                Self-Loop Percentage / Threshold: 0.7
                Self-Loop Count: 4
            
2025-06-11 14:01:34,730 - INFO - Selected  Attribute Graph: 
                Self-Loop Weight: 1.2
                Self-Loop Percentage / Threshold: 0.7
                Self-Loop Count: 1
            
2025-06-11 14:01:34,820 - INFO - Selected  Structural Graph
2025-06-11 14:01:34,891 - INFO - Selected  Structural Graph
2025-06-11 14:01:35,000 - INFO - Selected  Attribute Graph: 
                Self-Loop Weight: 1.2
                Self-Loop Percentage / Threshold: 0.7
                Self-Loop Count: 4
            
2025-06-11 14:01:35,064 - INFO - Selected  Attribute Graph: 
                Self-Loop Weight: 1.2
                Self-Loop Percentage / Threshold: 0.7
                Self-Loop Count: 3
            
2025-06-11 14:01:36,305 - INFO - Selected  Attribute Graph: 
                Self-Loop Weight: 1.2
                Self-Loop Percentage / Threshold: 0.7
                Self-Loop Count: 3
            
2025-06-11 14:01:36,403 - INFO - Selected  Attribute Graph: 
                Self-Loop Weight: 1.2
                Self-Loop Percentage / Threshold: 0.7
                Self-Loop Count: 2
            
2025-06-11 14:01:36,485 - INFO - Selected  Structural Graph
2025-06-11 14:01:36,526 - INFO - Selected  Structural Graph
2025-06-11 14:01:36,601 - INFO - Selected  Attribute Graph: 
                Self-Loop Weight: 1.2
                Self-Loop Percentage / Threshold: 0.7
                Self-Loop Count: 2
            
2025-06-11 14:01:36,816 - INFO - Selected  Attribute Graph: 
                Self-Loop Weight: 1.2
                Self-Loop Percentage / Threshold: 0.7
                Self-Loop Count: 2
            
2025-06-11 14:01:36,865 - INFO - Selected  Structural Graph
2025-06-11 14:01:36,901 - INFO - Selected  Attribute Graph: 
                Self-Loop Weight: 1.2
                Self-Loop Percentage / Threshold: 0.7
                Self-Loop Count: 1
            
2025-06-11 14:01:37,065 - INFO - Selected  Structural Graph
2025-06-11 14:01:37,231 - INFO - Selected  Structural Graph
2025-06-11 14:01:37,354 - INFO - Selected  Structural Graph
2025-06-11 14:01:37,409 - INFO - Selected  Attribute Graph: 
                Self-Loop Weight: 1.2
                Self-Loop Percentage / Threshold: 0.7
                Self-Loop Count: 3
            
2025-06-11 14:01:37,509 - INFO - Selected  Attribute Graph: 
                Self-Loop Weight: 1.2
                Self-Loop Percentage / Threshold: 0.7
                Self-Loop Count: 4
            
2025-06-11 14:01:37,644 - INFO - Selected  Attribute Graph: 
                Self-Loop Weight: 1.2
                Self-Loop Percentage / Threshold: 0.7
                Self-Loop Count: 2
            
2025-06-11 14:01:37,801 - INFO - Selected  Attribute Graph: 
                Self-Loop Weight: 1.2
                Self-Loop Percentage / Threshold: 0.7
                Self-Loop Count: 4
            
2025-06-11 14:01:37,854 - INFO - Selected  Attribute Graph: 
                Self-Loop Weight: 1.2
                Self-Loop Percentage / Threshold: 0.7
                Self-Loop Count: 3
            
2025-06-11 14:01:37,922 - INFO - Selected  Attribute Graph: 
                Self-Loop Weight: 1.2
                Self-Loop Percentage / Threshold: 0.7
                Self-Loop Count: 6
            
2025-06-11 14:01:38,061 - INFO - Selected  Structural Graph
2025-06-11 14:01:38,185 - INFO - Selected  Structural Graph
2025-06-11 14:01:38,294 - INFO - Selected  Attribute Graph: 
                Self-Loop Weight: 1.2
                Self-Loop Percentage / Threshold: 0.7
                Self-Loop Count: 1
            
2025-06-11 14:01:38,365 - INFO - Selected  Attribute Graph: 
                Self-Loop Weight: 1.2
                Self-Loop Percentage / Threshold: 0.7
                Self-Loop Count: 4
            
2025-06-11 14:01:38,627 - INFO - Selected  Attribute Graph: 
                Self-Loop Weight: 1.2
                Self-Loop Percentage / Threshold: 0.7
                Self-Loop Count: 2
            
2025-06-11 14:01:38,750 - INFO - Selected  Attribute Graph: 
                Self-Loop Weight: 1.2
                Self-Loop Percentage / Threshold: 0.7
                Self-Loop Count: 6
            
2025-06-11 14:01:38,835 - INFO - Selected  Structural Graph
2025-06-11 14:01:39,106 - INFO - Selected  Attribute Graph: 
                Self-Loop Weight: 1.2
                Self-Loop Percentage / Threshold: 0.7
                Self-Loop Count: 5
            
2025-06-11 14:01:39,228 - INFO - Selected  Structural Graph
2025-06-11 14:01:39,383 - INFO - Selected  Structural Graph
2025-06-11 14:01:39,520 - INFO - Selected  Attribute Graph: 
                Self-Loop Weight: 1.2
                Self-Loop Percentage / Threshold: 0.7
                Self-Loop Count: 3
            
2025-06-11 14:01:39,665 - INFO - Selected  Structural Graph
2025-06-11 14:01:39,794 - INFO - Selected  Attribute Graph: 
                Self-Loop Weight: 1.2
                Self-Loop Percentage / Threshold: 0.7
                Self-Loop Count: 4
            
2025-06-11 14:01:39,855 - INFO - Selected  Structural Graph
2025-06-11 14:01:39,916 - INFO - Selected  Attribute Graph: 
                Self-Loop Weight: 1.2
                Self-Loop Percentage / Threshold: 0.7
                Self-Loop Count: 2
            
2025-06-11 14:01:40,017 - INFO - Selected  Attribute Graph: 
                Self-Loop Weight: 1.2
                Self-Loop Percentage / Threshold: 0.7
                Self-Loop Count: 6
            
2025-06-11 14:01:40,199 - INFO - Selected  Structural Graph
2025-06-11 14:01:40,328 - INFO - Selected  Attribute Graph: 
                Self-Loop Weight: 1.2
                Self-Loop Percentage / Threshold: 0.7
                Self-Loop Count: 2
            
2025-06-11 14:01:40,473 - INFO - Selected  Attribute Graph: 
                Self-Loop Weight: 1.2
                Self-Loop Percentage / Threshold: 0.7
                Self-Loop Count: 1
            
2025-06-11 14:01:40,547 - INFO - Selected  Attribute Graph: 
                Self-Loop Weight: 1.2
                Self-Loop Percentage / Threshold: 0.7
                Self-Loop Count: 1
            
2025-06-11 14:01:40,642 - INFO - Selected  Attribute Graph: 
                Self-Loop Weight: 1.2
                Self-Loop Percentage / Threshold: 0.7
                Self-Loop Count: 6
            
2025-06-11 14:01:40,711 - INFO - Selected  Attribute Graph: 
                Self-Loop Weight: 1.2
                Self-Loop Percentage / Threshold: 0.7
                Self-Loop Count: 2
            
2025-06-11 14:01:40,780 - INFO - Selected  Structural Graph
2025-06-11 14:01:40,922 - INFO - Selected  Structural Graph
2025-06-11 14:01:40,986 - INFO - Selected  Attribute Graph: 
                Self-Loop Weight: 1.2
                Self-Loop Percentage / Threshold: 0.7
                Self-Loop Count: 3
            
2025-06-11 14:01:41,038 - INFO - Selected  Structural Graph
2025-06-11 14:01:41,101 - INFO - Selected  Attribute Graph: 
                Self-Loop Weight: 1.2
                Self-Loop Percentage / Threshold: 0.7
                Self-Loop Count: 1
            
2025-06-11 14:01:41,160 - INFO - Selected  Attribute Graph: 
                Self-Loop Weight: 1.2
                Self-Loop Percentage / Threshold: 0.7
                Self-Loop Count: 2
            
2025-06-11 14:01:41,288 - INFO - Selected  Structural Graph
2025-06-11 14:01:41,346 - INFO - Selected  Attribute Graph: 
                Self-Loop Weight: 1.2
                Self-Loop Percentage / Threshold: 0.7
                Self-Loop Count: 5
            
2025-06-11 14:01:41,667 - INFO - Selected  Structural Graph
2025-06-11 14:01:41,751 - INFO - Selected  Attribute Graph: 
                Self-Loop Weight: 1.2
                Self-Loop Percentage / Threshold: 0.7
                Self-Loop Count: 3
            
2025-06-11 14:01:41,853 - INFO - Selected  Attribute Graph: 
                Self-Loop Weight: 1.2
                Self-Loop Percentage / Threshold: 0.7
                Self-Loop Count: 3
            
2025-06-11 14:01:41,889 - INFO - Selected  Attribute Graph: 
                Self-Loop Weight: 1.2
                Self-Loop Percentage / Threshold: 0.7
                Self-Loop Count: 5
            
2025-06-11 14:01:41,955 - INFO - Selected  Attribute Graph: 
                Self-Loop Weight: 1.2
                Self-Loop Percentage / Threshold: 0.7
                Self-Loop Count: 2
            
2025-06-11 14:01:42,006 - INFO - Selected  Attribute Graph: 
                Self-Loop Weight: 1.2
                Self-Loop Percentage / Threshold: 0.7
                Self-Loop Count: 3
            
2025-06-11 14:01:42,060 - INFO - Selected  Structural Graph
2025-06-11 14:01:42,140 - INFO - Selected  Attribute Graph: 
                Self-Loop Weight: 1.2
                Self-Loop Percentage / Threshold: 0.7
                Self-Loop Count: 1
            
2025-06-11 14:01:42,238 - INFO - Selected  Attribute Graph: 
                Self-Loop Weight: 1.2
                Self-Loop Percentage / Threshold: 0.7
                Self-Loop Count: 1
            
2025-06-11 14:01:42,323 - INFO - Selected  Attribute Graph: 
                Self-Loop Weight: 1.2
                Self-Loop Percentage / Threshold: 0.7
                Self-Loop Count: 3
            
2025-06-11 14:01:42,427 - INFO - Selected  Attribute Graph: 
                Self-Loop Weight: 1.2
                Self-Loop Percentage / Threshold: 0.7
                Self-Loop Count: 3
            
2025-06-11 14:01:42,485 - INFO - Selected  Attribute Graph: 
                Self-Loop Weight: 1.2
                Self-Loop Percentage / Threshold: 0.7
                Self-Loop Count: 2
            
2025-06-11 14:01:42,707 - INFO - Selected  Attribute Graph: 
                Self-Loop Weight: 1.2
                Self-Loop Percentage / Threshold: 0.7
                Self-Loop Count: 1
            
2025-06-11 14:01:42,790 - INFO - Selected  Attribute Graph: 
                Self-Loop Weight: 1.2
                Self-Loop Percentage / Threshold: 0.7
                Self-Loop Count: 2
            
2025-06-11 14:01:42,967 - INFO - Selected  Attribute Graph: 
                Self-Loop Weight: 1.2
                Self-Loop Percentage / Threshold: 0.7
                Self-Loop Count: 1
            
2025-06-11 14:01:43,057 - INFO - Selected  Structural Graph
2025-06-11 14:01:43,196 - INFO - Selected  Structural Graph
2025-06-11 14:01:43,281 - INFO - Selected  Attribute Graph: 
                Self-Loop Weight: 1.2
                Self-Loop Percentage / Threshold: 0.7
                Self-Loop Count: 4
            
2025-06-11 14:01:43,450 - INFO - Selected  Attribute Graph: 
                Self-Loop Weight: 1.2
                Self-Loop Percentage / Threshold: 0.7
                Self-Loop Count: 2
            
2025-06-11 14:01:43,580 - INFO - Selected  Attribute Graph: 
                Self-Loop Weight: 1.2
                Self-Loop Percentage / Threshold: 0.7
                Self-Loop Count: 1
            
2025-06-11 14:01:43,665 - INFO - Selected  Attribute Graph: 
                Self-Loop Weight: 1.2
                Self-Loop Percentage / Threshold: 0.7
                Self-Loop Count: 2
            
2025-06-11 14:01:43,759 - INFO - Selected  Structural Graph
2025-06-11 14:01:43,817 - INFO - Selected  Attribute Graph: 
                Self-Loop Weight: 1.2
                Self-Loop Percentage / Threshold: 0.7
                Self-Loop Count: 5
            
2025-06-11 14:01:43,865 - INFO - Selected  Structural Graph
2025-06-11 14:01:43,901 - INFO - Selected  Attribute Graph: 
                Self-Loop Weight: 1.2
                Self-Loop Percentage / Threshold: 0.7
                Self-Loop Count: 3
            
2025-06-11 14:01:43,970 - INFO - Selected  Attribute Graph: 
                Self-Loop Weight: 1.2
                Self-Loop Percentage / Threshold: 0.7
                Self-Loop Count: 3
            
2025-06-11 14:01:44,085 - INFO - Selected  Attribute Graph: 
                Self-Loop Weight: 1.2
                Self-Loop Percentage / Threshold: 0.7
                Self-Loop Count: 4
            
2025-06-11 14:01:44,280 - INFO - Selected  Attribute Graph: 
                Self-Loop Weight: 1.2
                Self-Loop Percentage / Threshold: 0.7
                Self-Loop Count: 3
            
2025-06-11 14:01:44,407 - INFO - Selected  Attribute Graph: 
                Self-Loop Weight: 1.2
                Self-Loop Percentage / Threshold: 0.7
                Self-Loop Count: 1
            
2025-06-11 14:01:44,552 - INFO - Selected  Attribute Graph: 
                Self-Loop Weight: 1.2
                Self-Loop Percentage / Threshold: 0.7
                Self-Loop Count: 3
            
2025-06-11 14:01:44,626 - INFO - Selected  Structural Graph
2025-06-11 14:01:44,803 - INFO - Selected  Attribute Graph: 
                Self-Loop Weight: 1.2
                Self-Loop Percentage / Threshold: 0.7
                Self-Loop Count: 2
            
2025-06-11 14:01:44,941 - INFO - Selected  Structural Graph
2025-06-11 14:01:45,075 - INFO - Selected  Structural Graph
2025-06-11 14:01:45,170 - INFO - Selected  Attribute Graph: 
                Self-Loop Weight: 1.2
                Self-Loop Percentage / Threshold: 0.7
                Self-Loop Count: 2
            
2025-06-11 14:01:45,237 - INFO - Selected  Attribute Graph: 
                Self-Loop Weight: 1.2
                Self-Loop Percentage / Threshold: 0.7
                Self-Loop Count: 11
            
2025-06-11 14:01:45,329 - INFO - Selected  Attribute Graph: 
                Self-Loop Weight: 1.2
                Self-Loop Percentage / Threshold: 0.7
                Self-Loop Count: 4
            
2025-06-11 14:01:45,505 - INFO - Selected  Structural Graph
2025-06-11 14:01:45,569 - INFO - Selected  Attribute Graph: 
                Self-Loop Weight: 1.2
                Self-Loop Percentage / Threshold: 0.7
                Self-Loop Count: 1
            
2025-06-11 14:01:45,620 - INFO - Selected  Structural Graph
2025-06-11 14:01:45,954 - INFO - Selected  Attribute Graph: 
                Self-Loop Weight: 1.2
                Self-Loop Percentage / Threshold: 0.7
                Self-Loop Count: 2
            
2025-06-11 14:01:46,059 - INFO - Selected  Structural Graph
2025-06-11 14:01:46,153 - INFO - Selected  Structural Graph
2025-06-11 14:01:46,206 - INFO - Selected  Attribute Graph: 
                Self-Loop Weight: 1.2
                Self-Loop Percentage / Threshold: 0.7
                Self-Loop Count: 3
            
2025-06-11 14:01:46,282 - INFO - Selected  Attribute Graph: 
                Self-Loop Weight: 1.2
                Self-Loop Percentage / Threshold: 0.7
                Self-Loop Count: 2
            
2025-06-11 14:01:46,372 - INFO - Selected  Attribute Graph: 
                Self-Loop Weight: 1.2
                Self-Loop Percentage / Threshold: 0.7
                Self-Loop Count: 4
            
2025-06-11 14:01:46,498 - INFO - Selected  Attribute Graph: 
                Self-Loop Weight: 1.2
                Self-Loop Percentage / Threshold: 0.7
                Self-Loop Count: 1
            
2025-06-11 14:01:46,602 - INFO - Selected  Attribute Graph: 
                Self-Loop Weight: 1.2
                Self-Loop Percentage / Threshold: 0.7
                Self-Loop Count: 1
            
2025-06-11 14:01:46,703 - INFO - Selected  Structural Graph
2025-06-11 14:01:47,039 - INFO - Selected  Structural Graph
2025-06-11 14:01:47,149 - INFO - Selected  Structural Graph
2025-06-11 14:01:47,183 - INFO - Selected  Attribute Graph: 
                Self-Loop Weight: 1.2
                Self-Loop Percentage / Threshold: 0.7
                Self-Loop Count: 1
            
2025-06-11 14:01:47,510 - INFO - Selected  Attribute Graph: 
                Self-Loop Weight: 1.2
                Self-Loop Percentage / Threshold: 0.7
                Self-Loop Count: 5
            
2025-06-11 14:01:47,620 - INFO - Selected  Attribute Graph: 
                Self-Loop Weight: 1.2
                Self-Loop Percentage / Threshold: 0.7
                Self-Loop Count: 1
            
2025-06-11 14:01:47,706 - INFO - Selected  Attribute Graph: 
                Self-Loop Weight: 1.2
                Self-Loop Percentage / Threshold: 0.7
                Self-Loop Count: 4
            
2025-06-11 14:01:47,820 - INFO - Selected  Structural Graph
2025-06-11 14:01:47,870 - INFO - Selected  Structural Graph
2025-06-11 14:01:47,987 - INFO - Selected  Attribute Graph: 
                Self-Loop Weight: 1.2
                Self-Loop Percentage / Threshold: 0.7
                Self-Loop Count: 1
            
2025-06-11 14:01:48,021 - INFO - Selected  Attribute Graph: 
                Self-Loop Weight: 1.2
                Self-Loop Percentage / Threshold: 0.7
                Self-Loop Count: 3
            
2025-06-11 14:01:48,162 - INFO - Selected  Attribute Graph: 
                Self-Loop Weight: 1.2
                Self-Loop Percentage / Threshold: 0.7
                Self-Loop Count: 2
            
2025-06-11 14:01:48,221 - INFO - Selected  Structural Graph
2025-06-11 14:01:48,345 - INFO - Selected  Structural Graph
2025-06-11 14:01:48,500 - INFO - Selected  Structural Graph
2025-06-11 14:01:48,619 - INFO - Selected  Attribute Graph: 
                Self-Loop Weight: 1.2
                Self-Loop Percentage / Threshold: 0.7
                Self-Loop Count: 8
            
2025-06-11 14:01:48,743 - INFO - Selected  Attribute Graph: 
                Self-Loop Weight: 1.2
                Self-Loop Percentage / Threshold: 0.7
                Self-Loop Count: 1
            
2025-06-11 14:01:48,966 - INFO - Selected  Attribute Graph: 
                Self-Loop Weight: 1.2
                Self-Loop Percentage / Threshold: 0.7
                Self-Loop Count: 2
            
2025-06-11 14:01:49,221 - INFO - Selected  Structural Graph
2025-06-11 14:01:49,304 - INFO - Selected  Attribute Graph: 
                Self-Loop Weight: 1.2
                Self-Loop Percentage / Threshold: 0.7
                Self-Loop Count: 3
            
2025-06-11 14:01:49,399 - INFO - Selected  Attribute Graph: 
                Self-Loop Weight: 1.2
                Self-Loop Percentage / Threshold: 0.7
                Self-Loop Count: 1
            
2025-06-11 14:01:49,633 - INFO - Selected  Attribute Graph: 
                Self-Loop Weight: 1.2
                Self-Loop Percentage / Threshold: 0.7
                Self-Loop Count: 2
            
2025-06-11 14:01:49,778 - INFO - Selected  Structural Graph
2025-06-11 14:01:49,861 - INFO - Selected  Attribute Graph: 
                Self-Loop Weight: 1.2
                Self-Loop Percentage / Threshold: 0.7
                Self-Loop Count: 3
            
2025-06-11 14:01:50,043 - INFO - Selected  Attribute Graph: 
                Self-Loop Weight: 1.2
                Self-Loop Percentage / Threshold: 0.7
                Self-Loop Count: 2
            
2025-06-11 14:01:50,151 - INFO - Selected  Attribute Graph: 
                Self-Loop Weight: 1.2
                Self-Loop Percentage / Threshold: 0.7
                Self-Loop Count: 5
            
2025-06-11 14:01:50,279 - INFO - Selected  Attribute Graph: 
                Self-Loop Weight: 1.2
                Self-Loop Percentage / Threshold: 0.7
                Self-Loop Count: 2
            
2025-06-11 14:01:50,389 - INFO - Selected  Structural Graph
2025-06-11 14:01:50,667 - INFO - Selected  Attribute Graph: 
                Self-Loop Weight: 1.2
                Self-Loop Percentage / Threshold: 0.7
                Self-Loop Count: 3
            
2025-06-11 14:01:50,760 - INFO - Selected  Structural Graph
2025-06-11 14:01:50,845 - INFO - Selected  Structural Graph
2025-06-11 14:01:50,967 - INFO - Selected  Attribute Graph: 
                Self-Loop Weight: 1.2
                Self-Loop Percentage / Threshold: 0.7
                Self-Loop Count: 3
            
2025-06-11 14:01:51,053 - INFO - Selected  Structural Graph
2025-06-11 14:01:51,166 - INFO - Selected  Structural Graph
2025-06-11 14:01:51,320 - INFO - Selected  Structural Graph
2025-06-11 14:01:51,445 - INFO - Selected  Attribute Graph: 
                Self-Loop Weight: 1.2
                Self-Loop Percentage / Threshold: 0.7
                Self-Loop Count: 2
            
2025-06-11 14:01:51,451 - INFO - Selected  Attribute Graph: 
                Self-Loop Weight: 1.2
                Self-Loop Percentage / Threshold: 0.7
                Self-Loop Count: 5
            
2025-06-11 14:01:51,483 - INFO - Selected  Attribute Graph: 
                Self-Loop Weight: 1.2
                Self-Loop Percentage / Threshold: 0.7
                Self-Loop Count: 6
            
2025-06-11 14:01:51,587 - INFO - Selected  Attribute Graph: 
                Self-Loop Weight: 1.2
                Self-Loop Percentage / Threshold: 0.7
                Self-Loop Count: 3
            
2025-06-11 14:01:51,695 - INFO - Selected  Attribute Graph: 
                Self-Loop Weight: 1.2
                Self-Loop Percentage / Threshold: 0.7
                Self-Loop Count: 1
            
2025-06-11 14:01:51,934 - INFO - Selected  Structural Graph
2025-06-11 14:01:52,035 - INFO - Selected  Attribute Graph: 
                Self-Loop Weight: 1.2
                Self-Loop Percentage / Threshold: 0.7
                Self-Loop Count: 2
            
2025-06-11 14:01:52,109 - INFO - Selected  Attribute Graph: 
                Self-Loop Weight: 1.2
                Self-Loop Percentage / Threshold: 0.7
                Self-Loop Count: 3
            
2025-06-11 14:01:52,185 - INFO - Selected  Attribute Graph: 
                Self-Loop Weight: 1.2
                Self-Loop Percentage / Threshold: 0.7
                Self-Loop Count: 2
            
2025-06-11 14:01:52,283 - INFO - Selected  Attribute Graph: 
                Self-Loop Weight: 1.2
                Self-Loop Percentage / Threshold: 0.7
                Self-Loop Count: 4
            
2025-06-11 14:01:52,352 - INFO - Selected  Attribute Graph: 
                Self-Loop Weight: 1.2
                Self-Loop Percentage / Threshold: 0.7
                Self-Loop Count: 1
            
2025-06-11 14:01:52,690 - INFO - Selected  Attribute Graph: 
                Self-Loop Weight: 1.2
                Self-Loop Percentage / Threshold: 0.7
                Self-Loop Count: 3
            
2025-06-11 14:01:52,771 - INFO - Selected  Structural Graph
2025-06-11 14:01:52,982 - INFO - Selected  Attribute Graph: 
                Self-Loop Weight: 1.2
                Self-Loop Percentage / Threshold: 0.7
                Self-Loop Count: 2
            
2025-06-11 14:01:53,029 - INFO - Selected  Structural Graph
2025-06-11 14:01:53,051 - INFO - Selected  Attribute Graph: 
                Self-Loop Weight: 1.2
                Self-Loop Percentage / Threshold: 0.7
                Self-Loop Count: 3
            
2025-06-11 14:01:53,103 - INFO - Selected  Attribute Graph: 
                Self-Loop Weight: 1.2
                Self-Loop Percentage / Threshold: 0.7
                Self-Loop Count: 1
            
2025-06-11 14:01:53,116 - INFO - Selected  Structural Graph
2025-06-11 14:01:53,259 - INFO - Selected  Attribute Graph: 
                Self-Loop Weight: 1.2
                Self-Loop Percentage / Threshold: 0.7
                Self-Loop Count: 8
            
2025-06-11 14:01:53,316 - INFO - Selected  Attribute Graph: 
                Self-Loop Weight: 1.2
                Self-Loop Percentage / Threshold: 0.7
                Self-Loop Count: 2
            
2025-06-11 14:01:53,339 - INFO - Selected  Attribute Graph: 
                Self-Loop Weight: 1.2
                Self-Loop Percentage / Threshold: 0.7
                Self-Loop Count: 2
            
2025-06-11 14:01:53,352 - INFO - Selected  Structural Graph
2025-06-11 14:01:53,364 - INFO - Selected  Attribute Graph: 
                Self-Loop Weight: 1.2
                Self-Loop Percentage / Threshold: 0.7
                Self-Loop Count: 2
            
2025-06-11 14:01:53,419 - INFO - Selected  Attribute Graph: 
                Self-Loop Weight: 1.2
                Self-Loop Percentage / Threshold: 0.7
                Self-Loop Count: 1
            
2025-06-11 14:01:53,510 - INFO - Selected  Structural Graph
2025-06-11 14:01:53,586 - INFO - Selected  Attribute Graph: 
                Self-Loop Weight: 1.2
                Self-Loop Percentage / Threshold: 0.7
                Self-Loop Count: 1
            
2025-06-11 14:01:53,641 - INFO - Selected  Attribute Graph: 
                Self-Loop Weight: 1.2
                Self-Loop Percentage / Threshold: 0.7
                Self-Loop Count: 2
            
2025-06-11 14:01:53,677 - INFO - Selected  Attribute Graph: 
                Self-Loop Weight: 1.2
                Self-Loop Percentage / Threshold: 0.7
                Self-Loop Count: 2
            
2025-06-11 14:01:53,683 - INFO - Selected  Structural Graph
2025-06-11 14:01:53,701 - INFO - Selected  Attribute Graph: 
                Self-Loop Weight: 1.2
                Self-Loop Percentage / Threshold: 0.7
                Self-Loop Count: 4
            
2025-06-11 14:01:53,743 - INFO - Selected  Attribute Graph: 
                Self-Loop Weight: 1.2
                Self-Loop Percentage / Threshold: 0.7
                Self-Loop Count: 4
            
2025-06-11 14:01:53,896 - INFO - Selected  Attribute Graph: 
                Self-Loop Weight: 1.2
                Self-Loop Percentage / Threshold: 0.7
                Self-Loop Count: 5
            
2025-06-11 14:01:53,929 - INFO - Selected  Structural Graph
2025-06-11 14:01:53,947 - INFO - Selected  Attribute Graph: 
                Self-Loop Weight: 1.2
                Self-Loop Percentage / Threshold: 0.7
                Self-Loop Count: 3
            
2025-06-11 14:01:53,964 - INFO - Selected  Attribute Graph: 
                Self-Loop Weight: 1.2
                Self-Loop Percentage / Threshold: 0.7
                Self-Loop Count: 3
            
2025-06-11 14:01:53,969 - INFO - Selected  Attribute Graph: 
                Self-Loop Weight: 1.2
                Self-Loop Percentage / Threshold: 0.7
                Self-Loop Count: 1
            
2025-06-11 14:01:54,048 - INFO - Selected  Structural Graph
2025-06-11 14:01:54,163 - INFO - Selected  Structural Graph
2025-06-11 14:01:54,167 - INFO - Selected  Structural Graph
2025-06-11 14:01:54,198 - INFO - Selected  Attribute Graph: 
                Self-Loop Weight: 1.2
                Self-Loop Percentage / Threshold: 0.7
                Self-Loop Count: 2
            
2025-06-11 14:01:54,273 - INFO - Selected  Attribute Graph: 
                Self-Loop Weight: 1.2
                Self-Loop Percentage / Threshold: 0.7
                Self-Loop Count: 2
            
2025-06-11 14:01:54,287 - INFO - Selected  Structural Graph
2025-06-11 14:01:54,291 - INFO - Selected  Structural Graph
2025-06-11 14:01:54,418 - INFO - Selected  Attribute Graph: 
                Self-Loop Weight: 1.2
                Self-Loop Percentage / Threshold: 0.7
                Self-Loop Count: 2
            
2025-06-11 14:01:54,510 - INFO - Selected  Attribute Graph: 
                Self-Loop Weight: 1.2
                Self-Loop Percentage / Threshold: 0.7
                Self-Loop Count: 7
            
2025-06-11 14:01:54,523 - INFO - Selected  Structural Graph
2025-06-11 14:01:54,547 - INFO - Selected  Structural Graph
2025-06-11 14:01:54,570 - INFO - Selected  Structural Graph
2025-06-11 14:01:54,580 - INFO - Selected  Structural Graph
2025-06-11 14:01:54,607 - INFO - Selected  Attribute Graph: 
                Self-Loop Weight: 1.2
                Self-Loop Percentage / Threshold: 0.7
                Self-Loop Count: 3
            
2025-06-11 14:01:54,626 - INFO - Selected  Structural Graph
2025-06-11 14:01:54,632 - INFO - Selected  Structural Graph
2025-06-11 14:01:54,660 - INFO - Selected  Attribute Graph: 
                Self-Loop Weight: 1.2
                Self-Loop Percentage / Threshold: 0.7
                Self-Loop Count: 2
            
2025-06-11 14:01:54,700 - INFO - Selected  Attribute Graph: 
                Self-Loop Weight: 1.2
                Self-Loop Percentage / Threshold: 0.7
                Self-Loop Count: 1
            
2025-06-11 14:01:54,762 - INFO - Selected  Structural Graph
2025-06-11 14:01:54,784 - INFO - Selected  Structural Graph
2025-06-11 14:01:54,853 - INFO - Selected  Attribute Graph: 
                Self-Loop Weight: 1.2
                Self-Loop Percentage / Threshold: 0.7
                Self-Loop Count: 1
            
2025-06-11 14:01:54,971 - INFO - Selected  Structural Graph
2025-06-11 14:01:55,096 - INFO - Selected  Attribute Graph: 
                Self-Loop Weight: 1.2
                Self-Loop Percentage / Threshold: 0.7
                Self-Loop Count: 2
            
2025-06-11 14:01:55,175 - INFO - Selected  Structural Graph
2025-06-11 14:01:55,254 - INFO - Selected  Structural Graph
2025-06-11 14:01:55,473 - INFO - Selected  Attribute Graph: 
                Self-Loop Weight: 1.2
                Self-Loop Percentage / Threshold: 0.7
                Self-Loop Count: 5
            
2025-06-11 14:01:55,610 - INFO - Selected  Attribute Graph: 
                Self-Loop Weight: 1.2
                Self-Loop Percentage / Threshold: 0.7
                Self-Loop Count: 2
            
2025-06-11 14:01:55,875 - INFO - Selected  Structural Graph
2025-06-11 14:01:55,938 - INFO - Selected  Structural Graph
2025-06-11 14:01:56,012 - INFO - Selected  Attribute Graph: 
                Self-Loop Weight: 1.2
                Self-Loop Percentage / Threshold: 0.7
                Self-Loop Count: 1
            
2025-06-11 14:01:56,096 - INFO - Selected  Structural Graph
2025-06-11 14:01:56,210 - INFO - Selected  Structural Graph
2025-06-11 14:01:56,255 - INFO - Selected  Attribute Graph: 
                Self-Loop Weight: 1.2
                Self-Loop Percentage / Threshold: 0.7
                Self-Loop Count: 2
            
2025-06-11 14:01:56,387 - INFO - Selected  Attribute Graph: 
                Self-Loop Weight: 1.2
                Self-Loop Percentage / Threshold: 0.7
                Self-Loop Count: 2
            
2025-06-11 14:01:56,402 - INFO - Selected  Attribute Graph: 
                Self-Loop Weight: 1.2
                Self-Loop Percentage / Threshold: 0.7
                Self-Loop Count: 2
            
2025-06-11 14:01:56,434 - INFO - Selected  Structural Graph
2025-06-11 14:01:56,468 - INFO - Selected  Attribute Graph: 
                Self-Loop Weight: 1.2
                Self-Loop Percentage / Threshold: 0.7
                Self-Loop Count: 4
            
2025-06-11 14:01:56,546 - INFO - Selected  Structural Graph
2025-06-11 14:01:56,794 - INFO - Selected  Attribute Graph: 
                Self-Loop Weight: 1.2
                Self-Loop Percentage / Threshold: 0.7
                Self-Loop Count: 3
            
2025-06-11 14:01:56,887 - INFO - Selected  Structural Graph
2025-06-11 14:01:56,989 - INFO - Selected  Structural Graph
2025-06-11 14:01:57,097 - INFO - Selected  Structural Graph
2025-06-11 14:01:57,239 - INFO - Selected  Structural Graph
2025-06-11 14:01:57,372 - INFO - Selected  Structural Graph
2025-06-11 14:01:57,532 - INFO - Selected  Attribute Graph: 
                Self-Loop Weight: 1.2
                Self-Loop Percentage / Threshold: 0.7
                Self-Loop Count: 2
            
2025-06-11 14:01:57,728 - INFO - Selected  Attribute Graph: 
                Self-Loop Weight: 1.2
                Self-Loop Percentage / Threshold: 0.7
                Self-Loop Count: 5
            
2025-06-11 14:01:57,883 - INFO - Selected  Structural Graph
2025-06-11 14:01:57,950 - INFO - Selected  Attribute Graph: 
                Self-Loop Weight: 1.2
                Self-Loop Percentage / Threshold: 0.7
                Self-Loop Count: 2
            
2025-06-11 14:01:58,033 - INFO - Selected  Attribute Graph: 
                Self-Loop Weight: 1.2
                Self-Loop Percentage / Threshold: 0.7
                Self-Loop Count: 1
            
2025-06-11 14:01:58,115 - INFO - Selected  Attribute Graph: 
                Self-Loop Weight: 1.2
                Self-Loop Percentage / Threshold: 0.7
                Self-Loop Count: 2
            
2025-06-11 14:01:58,216 - INFO - Selected  Attribute Graph: 
                Self-Loop Weight: 1.2
                Self-Loop Percentage / Threshold: 0.7
                Self-Loop Count: 3
            
2025-06-11 14:01:58,319 - INFO - Selected  Structural Graph
2025-06-11 14:01:58,395 - INFO - Selected  Attribute Graph: 
                Self-Loop Weight: 1.2
                Self-Loop Percentage / Threshold: 0.7
                Self-Loop Count: 2
            
2025-06-11 14:01:58,611 - INFO - Selected  Structural Graph
2025-06-11 14:01:58,721 - INFO - Selected  Attribute Graph: 
                Self-Loop Weight: 1.2
                Self-Loop Percentage / Threshold: 0.7
                Self-Loop Count: 3
            
2025-06-11 14:01:58,876 - INFO - Selected  Structural Graph
2025-06-11 14:01:59,043 - INFO - Selected  Structural Graph
2025-06-11 14:01:59,178 - INFO - Selected  Structural Graph
2025-06-11 14:01:59,288 - INFO - Selected  Attribute Graph: 
                Self-Loop Weight: 1.2
                Self-Loop Percentage / Threshold: 0.7
                Self-Loop Count: 2
            
2025-06-11 14:01:59,574 - INFO - Selected  Attribute Graph: 
                Self-Loop Weight: 1.2
                Self-Loop Percentage / Threshold: 0.7
                Self-Loop Count: 5
            
2025-06-11 14:01:59,684 - INFO - Selected  Attribute Graph: 
                Self-Loop Weight: 1.2
                Self-Loop Percentage / Threshold: 0.7
                Self-Loop Count: 1
            
2025-06-11 14:01:59,841 - INFO - Selected  Structural Graph
2025-06-11 14:01:59,915 - INFO - Selected  Structural Graph
2025-06-11 14:02:01,507 - INFO - Selected  Attribute Graph: 
                Self-Loop Weight: 1.2
                Self-Loop Percentage / Threshold: 0.7
                Self-Loop Count: 2
            
2025-06-11 14:02:01,574 - INFO - Selected  Structural Graph
2025-06-11 14:02:01,621 - INFO - Selected  Attribute Graph: 
                Self-Loop Weight: 1.2
                Self-Loop Percentage / Threshold: 0.7
                Self-Loop Count: 3
            
2025-06-11 14:02:01,682 - INFO - Selected  Structural Graph
2025-06-11 14:02:01,701 - INFO - Selected  Structural Graph
2025-06-11 14:02:01,723 - INFO - Selected  Structural Graph
2025-06-11 14:02:01,747 - INFO - Selected  Structural Graph
2025-06-11 14:02:01,815 - INFO - Selected  Attribute Graph: 
                Self-Loop Weight: 1.2
                Self-Loop Percentage / Threshold: 0.7
                Self-Loop Count: 5
            
2025-06-11 14:02:01,822 - INFO - Selected  Attribute Graph: 
                Self-Loop Weight: 1.2
                Self-Loop Percentage / Threshold: 0.7
                Self-Loop Count: 3
            
2025-06-11 14:02:01,857 - INFO - Selected  Attribute Graph: 
                Self-Loop Weight: 1.2
                Self-Loop Percentage / Threshold: 0.7
                Self-Loop Count: 1
            
2025-06-11 14:02:01,893 - INFO - Selected  Attribute Graph: 
                Self-Loop Weight: 1.2
                Self-Loop Percentage / Threshold: 0.7
                Self-Loop Count: 3
            
2025-06-11 14:02:01,969 - INFO - Selected  Attribute Graph: 
                Self-Loop Weight: 1.2
                Self-Loop Percentage / Threshold: 0.7
                Self-Loop Count: 1
            
2025-06-11 14:02:02,047 - INFO - Selected  Attribute Graph: 
                Self-Loop Weight: 1.2
                Self-Loop Percentage / Threshold: 0.7
                Self-Loop Count: 2
            
2025-06-11 14:02:02,156 - INFO - Selected  Attribute Graph: 
                Self-Loop Weight: 1.2
                Self-Loop Percentage / Threshold: 0.7
                Self-Loop Count: 8
            
2025-06-11 14:02:02,242 - INFO - Selected  Attribute Graph: 
                Self-Loop Weight: 1.2
                Self-Loop Percentage / Threshold: 0.7
                Self-Loop Count: 1
            
2025-06-11 14:02:02,350 - INFO - Selected  Attribute Graph: 
                Self-Loop Weight: 1.2
                Self-Loop Percentage / Threshold: 0.7
                Self-Loop Count: 5
            
2025-06-11 14:02:02,410 - INFO - Selected  Structural Graph
2025-06-11 14:02:02,506 - INFO - Selected  Attribute Graph: 
                Self-Loop Weight: 1.2
                Self-Loop Percentage / Threshold: 0.7
                Self-Loop Count: 2
            
2025-06-11 14:02:02,688 - INFO - Selected  Attribute Graph: 
                Self-Loop Weight: 1.2
                Self-Loop Percentage / Threshold: 0.7
                Self-Loop Count: 2
            
2025-06-11 14:02:02,830 - INFO - Selected  Attribute Graph: 
                Self-Loop Weight: 1.2
                Self-Loop Percentage / Threshold: 0.7
                Self-Loop Count: 2
            
2025-06-11 14:02:02,887 - INFO - Selected  Attribute Graph: 
                Self-Loop Weight: 1.2
                Self-Loop Percentage / Threshold: 0.7
                Self-Loop Count: 5
            
2025-06-11 14:02:03,329 - INFO - Selected  Attribute Graph: 
                Self-Loop Weight: 1.2
                Self-Loop Percentage / Threshold: 0.7
                Self-Loop Count: 2
            
2025-06-11 14:02:03,451 - INFO - Selected  Attribute Graph: 
                Self-Loop Weight: 1.2
                Self-Loop Percentage / Threshold: 0.7
                Self-Loop Count: 2
            
2025-06-11 14:02:03,503 - INFO - Selected  Structural Graph
2025-06-11 14:02:03,571 - INFO - Selected  Structural Graph
2025-06-11 14:02:03,733 - INFO - Selected  Structural Graph
2025-06-11 14:02:03,785 - INFO - Selected  Attribute Graph: 
                Self-Loop Weight: 1.2
                Self-Loop Percentage / Threshold: 0.7
                Self-Loop Count: 2
            
2025-06-11 14:02:03,866 - INFO - Selected  Structural Graph
2025-06-11 14:02:03,934 - INFO - Selected  Attribute Graph: 
                Self-Loop Weight: 1.2
                Self-Loop Percentage / Threshold: 0.7
                Self-Loop Count: 4
            
2025-06-11 14:02:04,077 - INFO - Selected  Attribute Graph: 
                Self-Loop Weight: 1.2
                Self-Loop Percentage / Threshold: 0.7
                Self-Loop Count: 3
            
2025-06-11 14:02:04,185 - INFO - Selected  Structural Graph
2025-06-11 14:02:04,220 - INFO - Selected  Structural Graph
2025-06-11 14:02:04,406 - INFO - Selected  Attribute Graph: 
                Self-Loop Weight: 1.2
                Self-Loop Percentage / Threshold: 0.7
                Self-Loop Count: 1
            
2025-06-11 14:02:04,569 - INFO - Selected  Structural Graph
2025-06-11 14:02:04,621 - INFO - Selected  Structural Graph
2025-06-11 14:02:04,624 - INFO - Selected  Attribute Graph: 
                Self-Loop Weight: 1.2
                Self-Loop Percentage / Threshold: 0.7
                Self-Loop Count: 2
            
2025-06-11 14:02:04,629 - INFO - Selected  Attribute Graph: 
                Self-Loop Weight: 1.2
                Self-Loop Percentage / Threshold: 0.7
                Self-Loop Count: 5
            
2025-06-11 14:02:04,702 - INFO - Selected  Structural Graph
2025-06-11 14:02:04,855 - INFO - Selected  Attribute Graph: 
                Self-Loop Weight: 1.2
                Self-Loop Percentage / Threshold: 0.7
                Self-Loop Count: 1
            
2025-06-11 14:02:04,980 - INFO - Selected  Attribute Graph: 
                Self-Loop Weight: 1.2
                Self-Loop Percentage / Threshold: 0.7
                Self-Loop Count: 4
            
2025-06-11 14:02:05,055 - INFO - Selected  Structural Graph
2025-06-11 14:02:05,210 - INFO - Selected  Attribute Graph: 
                Self-Loop Weight: 1.2
                Self-Loop Percentage / Threshold: 0.7
                Self-Loop Count: 3
            
2025-06-11 14:02:05,295 - INFO - Selected  Attribute Graph: 
                Self-Loop Weight: 1.2
                Self-Loop Percentage / Threshold: 0.7
                Self-Loop Count: 3
            
2025-06-11 14:02:05,418 - INFO - Selected  Structural Graph
2025-06-11 14:02:05,512 - INFO - Selected  Attribute Graph: 
                Self-Loop Weight: 1.2
                Self-Loop Percentage / Threshold: 0.7
                Self-Loop Count: 8
            
2025-06-11 14:02:05,616 - INFO - Selected  Attribute Graph: 
                Self-Loop Weight: 1.2
                Self-Loop Percentage / Threshold: 0.7
                Self-Loop Count: 2
            
2025-06-11 14:02:05,700 - INFO - Selected  Attribute Graph: 
                Self-Loop Weight: 1.2
                Self-Loop Percentage / Threshold: 0.7
                Self-Loop Count: 2
            
2025-06-11 14:02:05,927 - INFO - Selected  Attribute Graph: 
                Self-Loop Weight: 1.2
                Self-Loop Percentage / Threshold: 0.7
                Self-Loop Count: 2
            
2025-06-11 14:02:05,988 - INFO - Selected  Structural Graph
2025-06-11 14:02:06,051 - INFO - Selected  Attribute Graph: 
                Self-Loop Weight: 1.2
                Self-Loop Percentage / Threshold: 0.7
                Self-Loop Count: 1
            
2025-06-11 14:02:06,318 - INFO - Selected  Attribute Graph: 
                Self-Loop Weight: 1.2
                Self-Loop Percentage / Threshold: 0.7
                Self-Loop Count: 3
            
2025-06-11 14:02:06,396 - INFO - Selected  Attribute Graph: 
                Self-Loop Weight: 1.2
                Self-Loop Percentage / Threshold: 0.7
                Self-Loop Count: 1
            
2025-06-11 14:02:06,459 - INFO - Selected  Structural Graph
2025-06-11 14:02:06,547 - INFO - Selected  Attribute Graph: 
                Self-Loop Weight: 1.2
                Self-Loop Percentage / Threshold: 0.7
                Self-Loop Count: 1
            
2025-06-11 14:02:06,597 - INFO - Selected  Structural Graph
2025-06-11 14:02:06,814 - INFO - Selected  Structural Graph
2025-06-11 14:02:06,878 - INFO - Selected  Structural Graph
2025-06-11 14:02:06,915 - INFO - Selected  Attribute Graph: 
                Self-Loop Weight: 1.2
                Self-Loop Percentage / Threshold: 0.7
                Self-Loop Count: 4
            
2025-06-11 14:02:07,074 - INFO - Selected  Attribute Graph: 
                Self-Loop Weight: 1.2
                Self-Loop Percentage / Threshold: 0.7
                Self-Loop Count: 2
            
2025-06-11 14:02:07,164 - INFO - Selected  Attribute Graph: 
                Self-Loop Weight: 1.2
                Self-Loop Percentage / Threshold: 0.7
                Self-Loop Count: 1
            
2025-06-11 14:02:07,256 - INFO - Selected  Attribute Graph: 
                Self-Loop Weight: 1.2
                Self-Loop Percentage / Threshold: 0.7
                Self-Loop Count: 5
            
2025-06-11 14:02:07,371 - INFO - Selected  Attribute Graph: 
                Self-Loop Weight: 1.2
                Self-Loop Percentage / Threshold: 0.7
                Self-Loop Count: 4
            
2025-06-11 14:02:07,469 - INFO - Selected  Structural Graph
2025-06-11 14:02:07,550 - INFO - Selected  Attribute Graph: 
                Self-Loop Weight: 1.2
                Self-Loop Percentage / Threshold: 0.7
                Self-Loop Count: 1
            
2025-06-11 14:02:07,710 - INFO - Selected  Structural Graph
2025-06-11 14:02:08,953 - INFO - Selected  Structural Graph
2025-06-11 14:02:08,987 - INFO - Selected  Attribute Graph: 
                Self-Loop Weight: 1.2
                Self-Loop Percentage / Threshold: 0.7
                Self-Loop Count: 4
            
2025-06-11 14:02:09,017 - INFO - Selected  Attribute Graph: 
                Self-Loop Weight: 1.2
                Self-Loop Percentage / Threshold: 0.7
                Self-Loop Count: 2
            
2025-06-11 14:02:09,047 - INFO - Selected  Structural Graph
2025-06-11 14:02:09,111 - INFO - Selected  Structural Graph
2025-06-11 14:02:09,152 - INFO - Selected  Structural Graph
2025-06-11 14:02:09,156 - INFO - Selected  Attribute Graph: 
                Self-Loop Weight: 1.2
                Self-Loop Percentage / Threshold: 0.7
                Self-Loop Count: 1
            
2025-06-11 14:02:09,190 - INFO - Selected  Structural Graph
2025-06-11 14:02:09,387 - INFO - Selected  Attribute Graph: 
                Self-Loop Weight: 1.2
                Self-Loop Percentage / Threshold: 0.7
                Self-Loop Count: 4
            
2025-06-11 14:02:09,479 - INFO - Selected  Attribute Graph: 
                Self-Loop Weight: 1.2
                Self-Loop Percentage / Threshold: 0.7
                Self-Loop Count: 2
            
2025-06-11 14:02:09,583 - INFO - Selected  Attribute Graph: 
                Self-Loop Weight: 1.2
                Self-Loop Percentage / Threshold: 0.7
                Self-Loop Count: 1
            
2025-06-11 14:02:09,694 - INFO - Selected  Structural Graph
2025-06-11 14:02:09,808 - INFO - Selected  Attribute Graph: 
                Self-Loop Weight: 1.2
                Self-Loop Percentage / Threshold: 0.7
                Self-Loop Count: 1
            
2025-06-11 14:02:09,870 - INFO - Selected  Attribute Graph: 
                Self-Loop Weight: 1.2
                Self-Loop Percentage / Threshold: 0.7
                Self-Loop Count: 5
            
2025-06-11 14:02:10,058 - INFO - Selected  Attribute Graph: 
                Self-Loop Weight: 1.2
                Self-Loop Percentage / Threshold: 0.7
                Self-Loop Count: 2
            
2025-06-11 14:02:10,159 - INFO - Selected  Structural Graph
2025-06-11 14:02:10,256 - INFO - Selected  Attribute Graph: 
                Self-Loop Weight: 1.2
                Self-Loop Percentage / Threshold: 0.7
                Self-Loop Count: 1
            
2025-06-11 14:02:10,313 - INFO - Selected  Attribute Graph: 
                Self-Loop Weight: 1.2
                Self-Loop Percentage / Threshold: 0.7
                Self-Loop Count: 6
            
2025-06-11 14:02:10,455 - INFO - Selected  Structural Graph
2025-06-11 14:02:10,569 - INFO - Selected  Attribute Graph: 
                Self-Loop Weight: 1.2
                Self-Loop Percentage / Threshold: 0.7
                Self-Loop Count: 1
            
2025-06-11 14:02:10,915 - INFO - Selected  Structural Graph
2025-06-11 14:02:11,022 - INFO - Selected  Structural Graph
2025-06-11 14:02:11,133 - INFO - Selected  Structural Graph
2025-06-11 14:02:11,214 - INFO - Selected  Structural Graph
2025-06-11 14:02:11,256 - INFO - Selected  Attribute Graph: 
                Self-Loop Weight: 1.2
                Self-Loop Percentage / Threshold: 0.7
                Self-Loop Count: 1
            
2025-06-11 14:02:11,270 - INFO - Selected  Structural Graph
2025-06-11 14:02:11,372 - INFO - Selected  Structural Graph
2025-06-11 14:02:11,563 - INFO - Selected  Attribute Graph: 
                Self-Loop Weight: 1.2
                Self-Loop Percentage / Threshold: 0.7
                Self-Loop Count: 1
            
2025-06-11 14:02:11,653 - INFO - Selected  Attribute Graph: 
                Self-Loop Weight: 1.2
                Self-Loop Percentage / Threshold: 0.7
                Self-Loop Count: 6
            
2025-06-11 14:02:11,799 - INFO - Selected  Structural Graph
2025-06-11 14:02:11,903 - INFO - Selected  Attribute Graph: 
                Self-Loop Weight: 1.2
                Self-Loop Percentage / Threshold: 0.7
                Self-Loop Count: 2
            
2025-06-11 14:02:11,980 - INFO - Selected  Attribute Graph: 
                Self-Loop Weight: 1.2
                Self-Loop Percentage / Threshold: 0.7
                Self-Loop Count: 2
            
2025-06-11 14:02:12,054 - INFO - Selected  Attribute Graph: 
                Self-Loop Weight: 1.2
                Self-Loop Percentage / Threshold: 0.7
                Self-Loop Count: 1
            
2025-06-11 14:02:12,140 - INFO - Selected  Attribute Graph: 
                Self-Loop Weight: 1.2
                Self-Loop Percentage / Threshold: 0.7
                Self-Loop Count: 7
            
2025-06-11 14:02:12,279 - INFO - Selected  Attribute Graph: 
                Self-Loop Weight: 1.2
                Self-Loop Percentage / Threshold: 0.7
                Self-Loop Count: 4
            
2025-06-11 14:02:12,383 - INFO - Selected  Structural Graph
2025-06-11 14:02:12,423 - INFO - Selected  Structural Graph
2025-06-11 14:02:14,044 - INFO - Selected  Attribute Graph: 
                Self-Loop Weight: 1.2
                Self-Loop Percentage / Threshold: 0.7
                Self-Loop Count: 7
            
2025-06-11 14:02:14,166 - INFO - Selected  Attribute Graph: 
                Self-Loop Weight: 1.2
                Self-Loop Percentage / Threshold: 0.7
                Self-Loop Count: 1
            
2025-06-11 14:02:14,246 - INFO - Selected  Attribute Graph: 
                Self-Loop Weight: 1.2
                Self-Loop Percentage / Threshold: 0.7
                Self-Loop Count: 4
            
2025-06-11 14:02:14,295 - INFO - Selected  Structural Graph
2025-06-11 14:02:14,338 - INFO - Selected  Attribute Graph: 
                Self-Loop Weight: 1.2
                Self-Loop Percentage / Threshold: 0.7
                Self-Loop Count: 2
            
2025-06-11 14:02:14,448 - INFO - Selected  Attribute Graph: 
                Self-Loop Weight: 1.2
                Self-Loop Percentage / Threshold: 0.7
                Self-Loop Count: 3
            
2025-06-11 14:02:14,474 - INFO - Selected  Structural Graph
2025-06-11 14:02:15,511 - INFO - Selected  Structural Graph
2025-06-11 14:02:15,534 - INFO - Selected  Attribute Graph: 
                Self-Loop Weight: 1.2
                Self-Loop Percentage / Threshold: 0.7
                Self-Loop Count: 2
            
2025-06-11 14:02:15,655 - INFO - Selected  Attribute Graph: 
                Self-Loop Weight: 1.2
                Self-Loop Percentage / Threshold: 0.7
                Self-Loop Count: 1
            
2025-06-11 14:02:15,677 - INFO - Selected  Attribute Graph: 
                Self-Loop Weight: 1.2
                Self-Loop Percentage / Threshold: 0.7
                Self-Loop Count: 1
            
2025-06-11 14:02:15,729 - INFO - Selected  Structural Graph
2025-06-11 14:02:15,769 - INFO - Selected  Attribute Graph: 
                Self-Loop Weight: 1.2
                Self-Loop Percentage / Threshold: 0.7
                Self-Loop Count: 2
            
2025-06-11 14:02:15,791 - INFO - Selected  Attribute Graph: 
                Self-Loop Weight: 1.2
                Self-Loop Percentage / Threshold: 0.7
                Self-Loop Count: 4
            
2025-06-11 14:02:15,859 - INFO - Selected  Attribute Graph: 
                Self-Loop Weight: 1.2
                Self-Loop Percentage / Threshold: 0.7
                Self-Loop Count: 2
            
2025-06-11 14:02:15,911 - INFO - Selected  Attribute Graph: 
                Self-Loop Weight: 1.2
                Self-Loop Percentage / Threshold: 0.7
                Self-Loop Count: 3
            
2025-06-11 14:02:15,943 - INFO - Selected  Structural Graph
2025-06-11 14:02:15,957 - INFO - Selected  Structural Graph
2025-06-11 14:02:15,973 - INFO - Selected  Structural Graph
2025-06-11 14:02:15,997 - INFO - Selected  Attribute Graph: 
                Self-Loop Weight: 1.2
                Self-Loop Percentage / Threshold: 0.7
                Self-Loop Count: 3
            
2025-06-11 14:02:16,073 - INFO - Selected  Attribute Graph: 
                Self-Loop Weight: 1.2
                Self-Loop Percentage / Threshold: 0.7
                Self-Loop Count: 1
            
2025-06-11 14:02:16,159 - INFO - Selected  Attribute Graph: 
                Self-Loop Weight: 1.2
                Self-Loop Percentage / Threshold: 0.7
                Self-Loop Count: 1
            
2025-06-11 14:02:16,197 - INFO - Selected  Attribute Graph: 
                Self-Loop Weight: 1.2
                Self-Loop Percentage / Threshold: 0.7
                Self-Loop Count: 2
            
2025-06-11 14:02:16,229 - INFO - Selected  Structural Graph
2025-06-11 14:02:16,271 - INFO - Selected  Attribute Graph: 
                Self-Loop Weight: 1.2
                Self-Loop Percentage / Threshold: 0.7
                Self-Loop Count: 1
            
2025-06-11 14:02:16,324 - INFO - Selected  Structural Graph
2025-06-11 14:02:16,348 - INFO - Selected  Structural Graph
2025-06-11 14:02:16,437 - INFO - Selected  Structural Graph
2025-06-11 14:02:16,478 - INFO - Selected  Structural Graph
2025-06-11 14:02:16,525 - INFO - Selected  Attribute Graph: 
                Self-Loop Weight: 1.2
                Self-Loop Percentage / Threshold: 0.7
                Self-Loop Count: 1
            
2025-06-11 14:02:16,566 - INFO - Selected  Attribute Graph: 
                Self-Loop Weight: 1.2
                Self-Loop Percentage / Threshold: 0.7
                Self-Loop Count: 3
            
2025-06-11 14:02:16,583 - INFO - Selected  Structural Graph
2025-06-11 14:02:16,587 - INFO - Selected  Structural Graph
2025-06-11 14:02:16,617 - INFO - Selected  Structural Graph
2025-06-11 14:02:16,643 - INFO - Selected  Attribute Graph: 
                Self-Loop Weight: 1.2
                Self-Loop Percentage / Threshold: 0.7
                Self-Loop Count: 2
            
2025-06-11 14:02:16,724 - INFO - Selected  Attribute Graph: 
                Self-Loop Weight: 1.2
                Self-Loop Percentage / Threshold: 0.7
                Self-Loop Count: 4
            
2025-06-11 14:02:16,746 - INFO - Selected  Attribute Graph: 
                Self-Loop Weight: 1.2
                Self-Loop Percentage / Threshold: 0.7
                Self-Loop Count: 1
            
2025-06-11 14:02:16,771 - INFO - Selected  Structural Graph
2025-06-11 14:02:16,811 - INFO - Selected  Structural Graph
2025-06-11 14:02:16,829 - INFO - Selected  Attribute Graph: 
                Self-Loop Weight: 1.2
                Self-Loop Percentage / Threshold: 0.7
                Self-Loop Count: 6
            
2025-06-11 14:02:16,856 - INFO - Selected  Structural Graph
2025-06-11 14:02:16,963 - INFO - Selected  Attribute Graph: 
                Self-Loop Weight: 1.2
                Self-Loop Percentage / Threshold: 0.7
                Self-Loop Count: 3
            
2025-06-11 14:02:16,989 - INFO - Selected  Structural Graph
2025-06-11 14:02:17,023 - INFO - Selected  Structural Graph
2025-06-11 14:02:17,050 - INFO - Selected  Attribute Graph: 
                Self-Loop Weight: 1.2
                Self-Loop Percentage / Threshold: 0.7
                Self-Loop Count: 2
            
2025-06-11 14:02:17,075 - INFO - Selected  Attribute Graph: 
                Self-Loop Weight: 1.2
                Self-Loop Percentage / Threshold: 0.7
                Self-Loop Count: 1
            
2025-06-11 14:02:17,096 - INFO - Selected  Attribute Graph: 
                Self-Loop Weight: 1.2
                Self-Loop Percentage / Threshold: 0.7
                Self-Loop Count: 3
            
2025-06-11 14:02:17,190 - INFO - Selected  Structural Graph
2025-06-11 14:02:17,223 - INFO - Selected  Attribute Graph: 
                Self-Loop Weight: 1.2
                Self-Loop Percentage / Threshold: 0.7
                Self-Loop Count: 5
            
2025-06-11 14:02:17,256 - INFO - Selected  Structural Graph
2025-06-11 14:02:17,272 - INFO - Selected  Structural Graph
2025-06-11 14:02:17,294 - INFO - Selected  Structural Graph
2025-06-11 14:02:17,337 - INFO - Selected  Structural Graph
2025-06-11 14:02:17,389 - INFO - Selected  Structural Graph
2025-06-11 14:02:17,451 - INFO - Selected  Attribute Graph: 
                Self-Loop Weight: 1.2
                Self-Loop Percentage / Threshold: 0.7
                Self-Loop Count: 4
            
2025-06-11 14:02:17,472 - INFO - Selected  Attribute Graph: 
                Self-Loop Weight: 1.2
                Self-Loop Percentage / Threshold: 0.7
                Self-Loop Count: 5
            
2025-06-11 14:02:17,496 - INFO - Selected  Structural Graph
2025-06-11 14:02:17,524 - INFO - Selected  Structural Graph
2025-06-11 14:02:17,546 - INFO - Selected  Structural Graph
2025-06-11 14:02:17,560 - INFO - Selected  Attribute Graph: 
                Self-Loop Weight: 1.2
                Self-Loop Percentage / Threshold: 0.7
                Self-Loop Count: 2
            
2025-06-11 14:02:17,588 - INFO - Selected  Structural Graph
2025-06-11 14:02:17,639 - INFO - Selected  Attribute Graph: 
                Self-Loop Weight: 1.2
                Self-Loop Percentage / Threshold: 0.7
                Self-Loop Count: 2
            
2025-06-11 14:02:17,657 - INFO - Selected  Attribute Graph: 
                Self-Loop Weight: 1.2
                Self-Loop Percentage / Threshold: 0.7
                Self-Loop Count: 1
            
2025-06-11 14:02:17,689 - INFO - Selected  Structural Graph
2025-06-11 14:02:17,719 - INFO - Selected  Structural Graph
2025-06-11 14:02:17,728 - INFO - Selected  Attribute Graph: 
                Self-Loop Weight: 1.2
                Self-Loop Percentage / Threshold: 0.7
                Self-Loop Count: 1
            
2025-06-11 14:02:17,762 - INFO - Selected  Attribute Graph: 
                Self-Loop Weight: 1.2
                Self-Loop Percentage / Threshold: 0.7
                Self-Loop Count: 2
            
2025-06-11 14:02:17,808 - INFO - Selected  Attribute Graph: 
                Self-Loop Weight: 1.2
                Self-Loop Percentage / Threshold: 0.7
                Self-Loop Count: 5
            
2025-06-11 14:02:17,822 - INFO - Selected  Attribute Graph: 
                Self-Loop Weight: 1.2
                Self-Loop Percentage / Threshold: 0.7
                Self-Loop Count: 4
            
2025-06-11 14:02:17,842 - INFO - Selected  Attribute Graph: 
                Self-Loop Weight: 1.2
                Self-Loop Percentage / Threshold: 0.7
                Self-Loop Count: 1
            
2025-06-11 14:02:17,869 - INFO - Selected  Attribute Graph: 
                Self-Loop Weight: 1.2
                Self-Loop Percentage / Threshold: 0.7
                Self-Loop Count: 1
            
2025-06-11 14:02:17,887 - INFO - Selected  Attribute Graph: 
                Self-Loop Weight: 1.2
                Self-Loop Percentage / Threshold: 0.7
                Self-Loop Count: 1
            
2025-06-11 14:02:17,993 - INFO - Selected  Attribute Graph: 
                Self-Loop Weight: 1.2
                Self-Loop Percentage / Threshold: 0.7
                Self-Loop Count: 6
            
2025-06-11 14:02:18,014 - INFO - Selected  Attribute Graph: 
                Self-Loop Weight: 1.2
                Self-Loop Percentage / Threshold: 0.7
                Self-Loop Count: 1
            
2025-06-11 14:02:18,036 - INFO - Selected  Structural Graph
2025-06-11 14:02:18,057 - INFO - Selected  Structural Graph
2025-06-11 14:02:18,079 - INFO - Selected  Structural Graph
2025-06-11 14:02:18,096 - INFO - Selected  Structural Graph
2025-06-11 14:02:18,129 - INFO - Selected  Attribute Graph: 
                Self-Loop Weight: 1.2
                Self-Loop Percentage / Threshold: 0.7
                Self-Loop Count: 1
            
2025-06-11 14:02:18,214 - INFO - Selected  Attribute Graph: 
                Self-Loop Weight: 1.2
                Self-Loop Percentage / Threshold: 0.7
                Self-Loop Count: 9
            
2025-06-11 14:02:18,239 - INFO - Selected  Attribute Graph: 
                Self-Loop Weight: 1.2
                Self-Loop Percentage / Threshold: 0.7
                Self-Loop Count: 1
            
2025-06-11 14:02:18,266 - INFO - Selected  Structural Graph
2025-06-11 14:02:18,301 - INFO - Selected  Attribute Graph: 
                Self-Loop Weight: 1.2
                Self-Loop Percentage / Threshold: 0.7
                Self-Loop Count: 3
            
2025-06-11 14:02:18,322 - INFO - Selected  Structural Graph
2025-06-11 14:02:18,338 - INFO - Selected  Attribute Graph: 
                Self-Loop Weight: 1.2
                Self-Loop Percentage / Threshold: 0.7
                Self-Loop Count: 2
            
2025-06-11 14:02:18,430 - INFO - Selected  Attribute Graph: 
                Self-Loop Weight: 1.2
                Self-Loop Percentage / Threshold: 0.7
                Self-Loop Count: 4
            
2025-06-11 14:02:18,479 - INFO - Selected  Attribute Graph: 
                Self-Loop Weight: 1.2
                Self-Loop Percentage / Threshold: 0.7
                Self-Loop Count: 3
            
2025-06-11 14:02:18,497 - INFO - Selected  Attribute Graph: 
                Self-Loop Weight: 1.2
                Self-Loop Percentage / Threshold: 0.7
                Self-Loop Count: 1
            
2025-06-11 14:02:18,524 - INFO - Selected  Attribute Graph: 
                Self-Loop Weight: 1.2
                Self-Loop Percentage / Threshold: 0.7
                Self-Loop Count: 3
            
2025-06-11 14:02:18,545 - INFO - Selected  Attribute Graph: 
                Self-Loop Weight: 1.2
                Self-Loop Percentage / Threshold: 0.7
                Self-Loop Count: 3
            
2025-06-11 14:02:18,573 - INFO - Selected  Attribute Graph: 
                Self-Loop Weight: 1.2
                Self-Loop Percentage / Threshold: 0.7
                Self-Loop Count: 7
            
2025-06-11 14:02:18,650 - INFO - Selected  Structural Graph
2025-06-11 14:02:18,698 - INFO - Selected  Attribute Graph: 
                Self-Loop Weight: 1.2
                Self-Loop Percentage / Threshold: 0.7
                Self-Loop Count: 1
            
2025-06-11 14:02:18,722 - INFO - Selected  Attribute Graph: 
                Self-Loop Weight: 1.2
                Self-Loop Percentage / Threshold: 0.7
                Self-Loop Count: 3
            
2025-06-11 14:02:18,741 - INFO - Selected  Structural Graph
2025-06-11 14:02:18,766 - INFO - Selected  Attribute Graph: 
                Self-Loop Weight: 1.2
                Self-Loop Percentage / Threshold: 0.7
                Self-Loop Count: 2
            
2025-06-11 14:02:18,789 - INFO - Selected  Attribute Graph: 
                Self-Loop Weight: 1.2
                Self-Loop Percentage / Threshold: 0.7
                Self-Loop Count: 2
            
2025-06-11 14:02:18,847 - INFO - Selected  Structural Graph
2025-06-11 14:02:18,897 - INFO - Selected  Attribute Graph: 
                Self-Loop Weight: 1.2
                Self-Loop Percentage / Threshold: 0.7
                Self-Loop Count: 1
            
2025-06-11 14:02:18,931 - INFO - Selected  Attribute Graph: 
                Self-Loop Weight: 1.2
                Self-Loop Percentage / Threshold: 0.7
                Self-Loop Count: 7
            
2025-06-11 14:02:18,969 - INFO - Selected  Attribute Graph: 
                Self-Loop Weight: 1.2
                Self-Loop Percentage / Threshold: 0.7
                Self-Loop Count: 4
            
2025-06-11 14:02:18,988 - INFO - Selected  Attribute Graph: 
                Self-Loop Weight: 1.2
                Self-Loop Percentage / Threshold: 0.7
                Self-Loop Count: 3
            
2025-06-11 14:02:19,004 - INFO - Selected  Attribute Graph: 
                Self-Loop Weight: 1.2
                Self-Loop Percentage / Threshold: 0.7
                Self-Loop Count: 2
            
2025-06-11 14:02:19,033 - INFO - Selected  Attribute Graph: 
                Self-Loop Weight: 1.2
                Self-Loop Percentage / Threshold: 0.7
                Self-Loop Count: 4
            
2025-06-11 14:02:19,106 - INFO - Selected  Structural Graph
2025-06-11 14:02:19,122 - INFO - Selected  Attribute Graph: 
                Self-Loop Weight: 1.2
                Self-Loop Percentage / Threshold: 0.7
                Self-Loop Count: 1
            
2025-06-11 14:02:19,147 - INFO - Selected  Attribute Graph: 
                Self-Loop Weight: 1.2
                Self-Loop Percentage / Threshold: 0.7
                Self-Loop Count: 6
            
2025-06-11 14:02:19,161 - INFO - Selected  Attribute Graph: 
                Self-Loop Weight: 1.2
                Self-Loop Percentage / Threshold: 0.7
                Self-Loop Count: 3
            
2025-06-11 14:02:19,176 - INFO - Selected  Attribute Graph: 
                Self-Loop Weight: 1.2
                Self-Loop Percentage / Threshold: 0.7
                Self-Loop Count: 4
            
2025-06-11 14:02:19,218 - INFO - Selected  Structural Graph
2025-06-11 14:02:19,277 - INFO - Selected  Structural Graph
2025-06-11 14:02:19,299 - INFO - Selected  Structural Graph
2025-06-11 14:02:19,312 - INFO - Selected  Attribute Graph: 
                Self-Loop Weight: 1.2
                Self-Loop Percentage / Threshold: 0.7
                Self-Loop Count: 1
            
2025-06-11 14:02:19,328 - INFO - Selected  Structural Graph
2025-06-11 14:02:19,354 - INFO - Selected  Attribute Graph: 
                Self-Loop Weight: 1.2
                Self-Loop Percentage / Threshold: 0.7
                Self-Loop Count: 4
            
2025-06-11 14:02:19,379 - INFO - Selected  Attribute Graph: 
                Self-Loop Weight: 1.2
                Self-Loop Percentage / Threshold: 0.7
                Self-Loop Count: 1
            
2025-06-11 14:02:19,430 - INFO - Selected  Attribute Graph: 
                Self-Loop Weight: 1.2
                Self-Loop Percentage / Threshold: 0.7
                Self-Loop Count: 2
            
2025-06-11 14:02:19,458 - INFO - Selected  Structural Graph
2025-06-11 14:02:19,481 - INFO - Selected  Attribute Graph: 
                Self-Loop Weight: 1.2
                Self-Loop Percentage / Threshold: 0.7
                Self-Loop Count: 1
            
2025-06-11 14:02:19,497 - INFO - Selected  Structural Graph
2025-06-11 14:02:19,520 - INFO - Selected  Attribute Graph: 
                Self-Loop Weight: 1.2
                Self-Loop Percentage / Threshold: 0.7
                Self-Loop Count: 1
            
2025-06-11 14:02:19,542 - INFO - Selected  Attribute Graph: 
                Self-Loop Weight: 1.2
                Self-Loop Percentage / Threshold: 0.7
                Self-Loop Count: 1
            
2025-06-11 14:02:19,560 - INFO - Selected  Structural Graph
2025-06-11 14:02:19,591 - INFO - Selected  Attribute Graph: 
                Self-Loop Weight: 1.2
                Self-Loop Percentage / Threshold: 0.7
                Self-Loop Count: 2
            
2025-06-11 14:02:19,608 - INFO - Selected  Structural Graph
2025-06-11 14:02:19,650 - INFO - Selected  Attribute Graph: 
                Self-Loop Weight: 1.2
                Self-Loop Percentage / Threshold: 0.7
                Self-Loop Count: 2
            
2025-06-11 14:02:19,666 - INFO - Selected  Structural Graph
2025-06-11 14:02:19,697 - INFO - Selected  Structural Graph
2025-06-11 14:02:19,752 - INFO - Selected  Attribute Graph: 
                Self-Loop Weight: 1.2
                Self-Loop Percentage / Threshold: 0.7
                Self-Loop Count: 2
            
2025-06-11 14:02:19,774 - INFO - Selected  Structural Graph
2025-06-11 14:02:19,801 - INFO - Selected  Structural Graph
2025-06-11 14:02:19,813 - INFO - Selected  Structural Graph
2025-06-11 14:02:19,836 - INFO - Selected  Structural Graph
2025-06-11 14:02:19,871 - INFO - Selected  Structural Graph
2025-06-11 14:02:19,900 - INFO - Selected  Structural Graph
2025-06-11 14:02:19,923 - INFO - Selected  Structural Graph
2025-06-11 14:02:19,967 - INFO - Selected  Attribute Graph: 
                Self-Loop Weight: 1.2
                Self-Loop Percentage / Threshold: 0.7
                Self-Loop Count: 1
            
2025-06-11 14:02:19,986 - INFO - Selected  Attribute Graph: 
                Self-Loop Weight: 1.2
                Self-Loop Percentage / Threshold: 0.7
                Self-Loop Count: 2
            
2025-06-11 14:02:19,997 - INFO - Selected  Attribute Graph: 
                Self-Loop Weight: 1.2
                Self-Loop Percentage / Threshold: 0.7
                Self-Loop Count: 2
            
2025-06-11 14:02:20,009 - INFO - Selected  Attribute Graph: 
                Self-Loop Weight: 1.2
                Self-Loop Percentage / Threshold: 0.7
                Self-Loop Count: 3
            
2025-06-11 14:02:20,041 - INFO - Selected  Attribute Graph: 
                Self-Loop Weight: 1.2
                Self-Loop Percentage / Threshold: 0.7
                Self-Loop Count: 2
            
2025-06-11 14:02:20,121 - INFO - Selected  Structural Graph
2025-06-11 14:02:20,156 - INFO - Selected  Structural Graph
2025-06-11 14:02:20,165 - INFO - Selected  Attribute Graph: 
                Self-Loop Weight: 1.2
                Self-Loop Percentage / Threshold: 0.7
                Self-Loop Count: 2
            
2025-06-11 14:02:20,192 - INFO - Selected  Attribute Graph: 
                Self-Loop Weight: 1.2
                Self-Loop Percentage / Threshold: 0.7
                Self-Loop Count: 2
            
2025-06-11 14:02:20,210 - INFO - Selected  Attribute Graph: 
                Self-Loop Weight: 1.2
                Self-Loop Percentage / Threshold: 0.7
                Self-Loop Count: 2
            
2025-06-11 14:02:20,226 - INFO - Selected  Attribute Graph: 
                Self-Loop Weight: 1.2
                Self-Loop Percentage / Threshold: 0.7
                Self-Loop Count: 1
            
2025-06-11 14:02:20,246 - INFO - Selected  Attribute Graph: 
                Self-Loop Weight: 1.2
                Self-Loop Percentage / Threshold: 0.7
                Self-Loop Count: 4
            
2025-06-11 14:02:20,312 - INFO - Selected  Structural Graph
2025-06-11 14:02:20,338 - INFO - Selected  Attribute Graph: 
                Self-Loop Weight: 1.2
                Self-Loop Percentage / Threshold: 0.7
                Self-Loop Count: 4
            
2025-06-11 14:02:20,350 - INFO - Selected  Attribute Graph: 
                Self-Loop Weight: 1.2
                Self-Loop Percentage / Threshold: 0.7
                Self-Loop Count: 2
            
2025-06-11 14:02:20,369 - INFO - Selected  Structural Graph
2025-06-11 14:02:20,393 - INFO - Selected  Structural Graph
2025-06-11 14:02:20,408 - INFO - Selected  Attribute Graph: 
                Self-Loop Weight: 1.2
                Self-Loop Percentage / Threshold: 0.7
                Self-Loop Count: 3
            
2025-06-11 14:02:20,424 - INFO - Selected  Attribute Graph: 
                Self-Loop Weight: 1.2
                Self-Loop Percentage / Threshold: 0.7
                Self-Loop Count: 1
            
2025-06-11 14:02:20,489 - INFO - Selected  Attribute Graph: 
                Self-Loop Weight: 1.2
                Self-Loop Percentage / Threshold: 0.7
                Self-Loop Count: 1
            
2025-06-11 14:02:20,517 - INFO - Selected  Attribute Graph: 
                Self-Loop Weight: 1.2
                Self-Loop Percentage / Threshold: 0.7
                Self-Loop Count: 1
            
2025-06-11 14:02:20,538 - INFO - Selected  Attribute Graph: 
                Self-Loop Weight: 1.2
                Self-Loop Percentage / Threshold: 0.7
                Self-Loop Count: 6
            
2025-06-11 14:02:20,560 - INFO - Selected  Attribute Graph: 
                Self-Loop Weight: 1.2
                Self-Loop Percentage / Threshold: 0.7
                Self-Loop Count: 3
            
2025-06-11 14:02:20,571 - INFO - Selected  Attribute Graph: 
                Self-Loop Weight: 1.2
                Self-Loop Percentage / Threshold: 0.7
                Self-Loop Count: 1
            
2025-06-11 14:02:20,626 - INFO - Selected  Attribute Graph: 
                Self-Loop Weight: 1.2
                Self-Loop Percentage / Threshold: 0.7
                Self-Loop Count: 3
            
2025-06-11 14:02:20,690 - INFO - Selected  Attribute Graph: 
                Self-Loop Weight: 1.2
                Self-Loop Percentage / Threshold: 0.7
                Self-Loop Count: 3
            
2025-06-11 14:02:20,708 - INFO - Selected  Attribute Graph: 
                Self-Loop Weight: 1.2
                Self-Loop Percentage / Threshold: 0.7
                Self-Loop Count: 1
            
2025-06-11 14:02:20,737 - INFO - Selected  Structural Graph
2025-06-11 14:02:20,753 - INFO - Selected  Attribute Graph: 
                Self-Loop Weight: 1.2
                Self-Loop Percentage / Threshold: 0.7
                Self-Loop Count: 2
            
2025-06-11 14:02:20,767 - INFO - Selected  Structural Graph
2025-06-11 14:02:20,782 - INFO - Selected  Attribute Graph: 
                Self-Loop Weight: 1.2
                Self-Loop Percentage / Threshold: 0.7
                Self-Loop Count: 5
            
2025-06-11 14:02:20,828 - INFO - Selected  Structural Graph
2025-06-11 14:02:20,850 - INFO - Selected  Attribute Graph: 
                Self-Loop Weight: 1.2
                Self-Loop Percentage / Threshold: 0.7
                Self-Loop Count: 2
            
2025-06-11 14:02:20,860 - INFO - Selected  Structural Graph
2025-06-11 14:02:20,877 - INFO - Selected  Attribute Graph: 
                Self-Loop Weight: 1.2
                Self-Loop Percentage / Threshold: 0.7
                Self-Loop Count: 8
            
2025-06-11 14:02:20,893 - INFO - Selected  Attribute Graph: 
                Self-Loop Weight: 1.2
                Self-Loop Percentage / Threshold: 0.7
                Self-Loop Count: 2
            
2025-06-11 14:02:20,920 - INFO - Selected  Structural Graph
2025-06-11 14:02:20,954 - INFO - Selected  Attribute Graph: 
                Self-Loop Weight: 1.2
                Self-Loop Percentage / Threshold: 0.7
                Self-Loop Count: 3
            
2025-06-11 14:02:21,010 - INFO - Selected  Structural Graph
2025-06-11 14:02:21,024 - INFO - Selected  Attribute Graph: 
                Self-Loop Weight: 1.2
                Self-Loop Percentage / Threshold: 0.7
                Self-Loop Count: 1
            
2025-06-11 14:02:21,036 - INFO - Selected  Attribute Graph: 
                Self-Loop Weight: 1.2
                Self-Loop Percentage / Threshold: 0.7
                Self-Loop Count: 2
            
2025-06-11 14:02:21,055 - INFO - Selected  Structural Graph
2025-06-11 14:02:21,077 - INFO - Selected  Structural Graph
2025-06-11 14:02:21,153 - INFO - Selected  Attribute Graph: 
                Self-Loop Weight: 1.2
                Self-Loop Percentage / Threshold: 0.7
                Self-Loop Count: 2
            
2025-06-11 14:02:21,177 - INFO - Selected  Attribute Graph: 
                Self-Loop Weight: 1.2
                Self-Loop Percentage / Threshold: 0.7
                Self-Loop Count: 5
            
2025-06-11 14:02:21,207 - INFO - Selected  Attribute Graph: 
                Self-Loop Weight: 1.2
                Self-Loop Percentage / Threshold: 0.7
                Self-Loop Count: 2
            
2025-06-11 14:02:21,257 - INFO - Selected  Attribute Graph: 
                Self-Loop Weight: 1.2
                Self-Loop Percentage / Threshold: 0.7
                Self-Loop Count: 1
            
2025-06-11 14:02:21,280 - INFO - Selected  Structural Graph
2025-06-11 14:02:21,301 - INFO - Selected  Structural Graph
2025-06-11 14:02:21,386 - INFO - Selected  Attribute Graph: 
                Self-Loop Weight: 1.2
                Self-Loop Percentage / Threshold: 0.7
                Self-Loop Count: 2
            
2025-06-11 14:02:21,412 - INFO - Selected  Structural Graph
2025-06-11 14:02:21,432 - INFO - Selected  Structural Graph
2025-06-11 14:02:21,459 - INFO - Selected  Structural Graph
2025-06-11 14:02:21,480 - INFO - Selected  Attribute Graph: 
                Self-Loop Weight: 1.2
                Self-Loop Percentage / Threshold: 0.7
                Self-Loop Count: 5
            
2025-06-11 14:02:21,491 - INFO - Selected  Structural Graph
2025-06-11 14:02:21,555 - INFO - Selected  Attribute Graph: 
                Self-Loop Weight: 1.2
                Self-Loop Percentage / Threshold: 0.7
                Self-Loop Count: 1
            
2025-06-11 14:02:21,628 - INFO - Selected  Attribute Graph: 
                Self-Loop Weight: 1.2
                Self-Loop Percentage / Threshold: 0.7
                Self-Loop Count: 2
            
2025-06-11 14:02:21,653 - INFO - Selected  Attribute Graph: 
                Self-Loop Weight: 1.2
                Self-Loop Percentage / Threshold: 0.7
                Self-Loop Count: 4
            
2025-06-11 14:02:21,666 - INFO - Selected  Attribute Graph: 
                Self-Loop Weight: 1.2
                Self-Loop Percentage / Threshold: 0.7
                Self-Loop Count: 3
            
2025-06-11 14:02:21,679 - INFO - Selected  Structural Graph
2025-06-11 14:02:21,696 - INFO - Selected  Attribute Graph: 
                Self-Loop Weight: 1.2
                Self-Loop Percentage / Threshold: 0.7
                Self-Loop Count: 7
            
2025-06-11 14:02:21,766 - INFO - Selected  Attribute Graph: 
                Self-Loop Weight: 1.2
                Self-Loop Percentage / Threshold: 0.7
                Self-Loop Count: 2
            
2025-06-11 14:02:21,810 - INFO - Selected  Structural Graph
2025-06-11 14:02:21,829 - INFO - Selected  Attribute Graph: 
                Self-Loop Weight: 1.2
                Self-Loop Percentage / Threshold: 0.7
                Self-Loop Count: 2
            
2025-06-11 14:02:21,845 - INFO - Selected  Attribute Graph: 
                Self-Loop Weight: 1.2
                Self-Loop Percentage / Threshold: 0.7
                Self-Loop Count: 5
            
2025-06-11 14:02:21,854 - INFO - Selected  Attribute Graph: 
                Self-Loop Weight: 1.2
                Self-Loop Percentage / Threshold: 0.7
                Self-Loop Count: 4
            
2025-06-11 14:02:21,930 - INFO - Selected  Attribute Graph: 
                Self-Loop Weight: 1.2
                Self-Loop Percentage / Threshold: 0.7
                Self-Loop Count: 1
            
2025-06-11 14:02:21,969 - INFO - Selected  Attribute Graph: 
                Self-Loop Weight: 1.2
                Self-Loop Percentage / Threshold: 0.7
                Self-Loop Count: 3
            
2025-06-11 14:02:21,974 - INFO - Selected  Structural Graph
2025-06-11 14:02:21,981 - INFO - Selected  Attribute Graph: 
                Self-Loop Weight: 1.2
                Self-Loop Percentage / Threshold: 0.7
                Self-Loop Count: 4
            
2025-06-11 14:02:21,992 - INFO - Selected  Structural Graph
2025-06-11 14:02:21,998 - INFO - Selected  Attribute Graph: 
                Self-Loop Weight: 1.2
                Self-Loop Percentage / Threshold: 0.7
                Self-Loop Count: 2
            
2025-06-11 14:02:22,005 - INFO - Selected  Attribute Graph: 
                Self-Loop Weight: 1.2
                Self-Loop Percentage / Threshold: 0.7
                Self-Loop Count: 3
            
2025-06-11 14:02:22,024 - INFO - Selected  Attribute Graph: 
                Self-Loop Weight: 1.2
                Self-Loop Percentage / Threshold: 0.7
                Self-Loop Count: 5
            
2025-06-11 14:02:22,079 - INFO - Selected  Structural Graph
2025-06-11 14:02:22,114 - INFO - Selected  Structural Graph
2025-06-11 14:02:22,128 - INFO - Selected  Structural Graph
2025-06-11 14:02:22,150 - INFO - Selected  Structural Graph
2025-06-11 14:02:22,188 - INFO - Selected  Attribute Graph: 
                Self-Loop Weight: 1.2
                Self-Loop Percentage / Threshold: 0.7
                Self-Loop Count: 5
            
2025-06-11 14:02:22,264 - INFO - Selected  Attribute Graph: 
                Self-Loop Weight: 1.2
                Self-Loop Percentage / Threshold: 0.7
                Self-Loop Count: 2
            
2025-06-11 14:02:22,280 - INFO - Selected  Structural Graph
2025-06-11 14:02:22,311 - INFO - Selected  Attribute Graph: 
                Self-Loop Weight: 1.2
                Self-Loop Percentage / Threshold: 0.7
                Self-Loop Count: 2
            
2025-06-11 14:02:22,333 - INFO - Selected  Attribute Graph: 
                Self-Loop Weight: 1.2
                Self-Loop Percentage / Threshold: 0.7
                Self-Loop Count: 2
            
2025-06-11 14:02:22,346 - INFO - Selected  Attribute Graph: 
                Self-Loop Weight: 1.2
                Self-Loop Percentage / Threshold: 0.7
                Self-Loop Count: 2
            
2025-06-11 14:02:22,380 - INFO - Selected  Structural Graph
2025-06-11 14:02:22,411 - INFO - Selected  Attribute Graph: 
                Self-Loop Weight: 1.2
                Self-Loop Percentage / Threshold: 0.7
                Self-Loop Count: 2
            
2025-06-11 14:02:22,475 - INFO - Selected  Structural Graph
2025-06-11 14:02:22,512 - INFO - Selected  Attribute Graph: 
                Self-Loop Weight: 1.2
                Self-Loop Percentage / Threshold: 0.7
                Self-Loop Count: 9
            
2025-06-11 14:02:22,533 - INFO - Selected  Attribute Graph: 
                Self-Loop Weight: 1.2
                Self-Loop Percentage / Threshold: 0.7
                Self-Loop Count: 10
            
2025-06-11 14:02:22,548 - INFO - Selected  Structural Graph
2025-06-11 14:02:22,571 - INFO - Selected  Attribute Graph: 
                Self-Loop Weight: 1.2
                Self-Loop Percentage / Threshold: 0.7
                Self-Loop Count: 3
            
2025-06-11 14:02:22,621 - INFO - Selected  Structural Graph
2025-06-11 14:02:22,653 - INFO - Selected  Attribute Graph: 
                Self-Loop Weight: 1.2
                Self-Loop Percentage / Threshold: 0.7
                Self-Loop Count: 3
            
2025-06-11 14:02:22,678 - INFO - Selected  Structural Graph
2025-06-11 14:02:22,696 - INFO - Selected  Structural Graph
2025-06-11 14:02:22,723 - INFO - Selected  Attribute Graph: 
                Self-Loop Weight: 1.2
                Self-Loop Percentage / Threshold: 0.7
                Self-Loop Count: 1
            
2025-06-11 14:02:22,730 - INFO - Selected  Attribute Graph: 
                Self-Loop Weight: 1.2
                Self-Loop Percentage / Threshold: 0.7
                Self-Loop Count: 1
            
2025-06-11 14:02:22,747 - INFO - Selected  Attribute Graph: 
                Self-Loop Weight: 1.2
                Self-Loop Percentage / Threshold: 0.7
                Self-Loop Count: 2
            
2025-06-11 14:02:22,783 - INFO - Selected  Structural Graph
2025-06-11 14:02:22,824 - INFO - Selected  Structural Graph
2025-06-11 14:02:22,876 - INFO - Selected  Structural Graph
2025-06-11 14:02:22,901 - INFO - Selected  Attribute Graph: 
                Self-Loop Weight: 1.2
                Self-Loop Percentage / Threshold: 0.7
                Self-Loop Count: 1
            
2025-06-11 14:02:22,919 - INFO - Selected  Attribute Graph: 
                Self-Loop Weight: 1.2
                Self-Loop Percentage / Threshold: 0.7
                Self-Loop Count: 2
            
2025-06-11 14:02:22,935 - INFO - Selected  Structural Graph
2025-06-11 14:02:22,976 - INFO - Selected  Attribute Graph: 
                Self-Loop Weight: 1.2
                Self-Loop Percentage / Threshold: 0.7
                Self-Loop Count: 6
            
2025-06-11 14:02:23,026 - INFO - Selected  Attribute Graph: 
                Self-Loop Weight: 1.2
                Self-Loop Percentage / Threshold: 0.7
                Self-Loop Count: 2
            
2025-06-11 14:02:23,096 - INFO - Selected  Structural Graph
2025-06-11 14:02:23,124 - INFO - Selected  Attribute Graph: 
                Self-Loop Weight: 1.2
                Self-Loop Percentage / Threshold: 0.7
                Self-Loop Count: 4
            
2025-06-11 14:02:23,147 - INFO - Selected  Structural Graph
2025-06-11 14:02:23,170 - INFO - Selected  Structural Graph
2025-06-11 14:02:23,193 - INFO - Selected  Attribute Graph: 
                Self-Loop Weight: 1.2
                Self-Loop Percentage / Threshold: 0.7
                Self-Loop Count: 4
            
2025-06-11 14:02:23,204 - INFO - Selected  Attribute Graph: 
                Self-Loop Weight: 1.2
                Self-Loop Percentage / Threshold: 0.7
                Self-Loop Count: 2
            
2025-06-11 14:02:23,225 - INFO - Selected  Attribute Graph: 
                Self-Loop Weight: 1.2
                Self-Loop Percentage / Threshold: 0.7
                Self-Loop Count: 4
            
2025-06-11 14:02:23,241 - INFO - Selected  Attribute Graph: 
                Self-Loop Weight: 1.2
                Self-Loop Percentage / Threshold: 0.7
                Self-Loop Count: 3
            
2025-06-11 14:02:23,256 - INFO - Selected  Attribute Graph: 
                Self-Loop Weight: 1.2
                Self-Loop Percentage / Threshold: 0.7
                Self-Loop Count: 4
            
2025-06-11 14:02:23,295 - INFO - Selected  Attribute Graph: 
                Self-Loop Weight: 1.2
                Self-Loop Percentage / Threshold: 0.7
                Self-Loop Count: 1
            
2025-06-11 14:02:23,321 - INFO - Selected  Attribute Graph: 
                Self-Loop Weight: 1.2
                Self-Loop Percentage / Threshold: 0.7
                Self-Loop Count: 4
            
2025-06-11 14:02:23,370 - INFO - Selected  Attribute Graph: 
                Self-Loop Weight: 1.2
                Self-Loop Percentage / Threshold: 0.7
                Self-Loop Count: 4
            
2025-06-11 14:02:23,430 - INFO - Selected  Attribute Graph: 
                Self-Loop Weight: 1.2
                Self-Loop Percentage / Threshold: 0.7
                Self-Loop Count: 4
            
2025-06-11 14:02:23,467 - INFO - Selected  Attribute Graph: 
                Self-Loop Weight: 1.2
                Self-Loop Percentage / Threshold: 0.7
                Self-Loop Count: 1
            
2025-06-11 14:02:23,492 - INFO - Selected  Structural Graph
2025-06-11 14:02:23,509 - INFO - Selected  Attribute Graph: 
                Self-Loop Weight: 1.2
                Self-Loop Percentage / Threshold: 0.7
                Self-Loop Count: 3
            
2025-06-11 14:02:23,537 - INFO - Selected  Attribute Graph: 
                Self-Loop Weight: 1.2
                Self-Loop Percentage / Threshold: 0.7
                Self-Loop Count: 4
            
2025-06-11 14:02:23,541 - INFO - Selected  Attribute Graph: 
                Self-Loop Weight: 1.2
                Self-Loop Percentage / Threshold: 0.7
                Self-Loop Count: 2
            
2025-06-11 14:02:23,546 - INFO - Selected  Attribute Graph: 
                Self-Loop Weight: 1.2
                Self-Loop Percentage / Threshold: 0.7
                Self-Loop Count: 5
            
2025-06-11 14:02:23,552 - INFO - Selected  Attribute Graph: 
                Self-Loop Weight: 1.2
                Self-Loop Percentage / Threshold: 0.7
                Self-Loop Count: 1
            
2025-06-11 14:02:23,574 - INFO - Selected  Structural Graph
2025-06-11 14:02:23,580 - INFO - Selected  Structural Graph
2025-06-11 14:02:23,613 - INFO - Selected  Attribute Graph: 
                Self-Loop Weight: 1.2
                Self-Loop Percentage / Threshold: 0.7
                Self-Loop Count: 1
            
2025-06-11 14:02:23,627 - INFO - Selected  Attribute Graph: 
                Self-Loop Weight: 1.2
                Self-Loop Percentage / Threshold: 0.7
                Self-Loop Count: 3
            
2025-06-11 14:02:23,645 - INFO - Selected  Attribute Graph: 
                Self-Loop Weight: 1.2
                Self-Loop Percentage / Threshold: 0.7
                Self-Loop Count: 3
            
2025-06-11 14:02:23,659 - INFO - Selected  Attribute Graph: 
                Self-Loop Weight: 1.2
                Self-Loop Percentage / Threshold: 0.7
                Self-Loop Count: 1
            
2025-06-11 14:02:23,669 - INFO - Selected  Structural Graph
2025-06-11 14:02:23,678 - INFO - Selected  Attribute Graph: 
                Self-Loop Weight: 1.2
                Self-Loop Percentage / Threshold: 0.7
                Self-Loop Count: 1
            
2025-06-11 14:02:23,688 - INFO - Selected  Structural Graph
2025-06-11 14:02:23,693 - INFO - Selected  Attribute Graph: 
                Self-Loop Weight: 1.2
                Self-Loop Percentage / Threshold: 0.7
                Self-Loop Count: 4
            
2025-06-11 14:02:23,708 - INFO - Selected  Attribute Graph: 
                Self-Loop Weight: 1.2
                Self-Loop Percentage / Threshold: 0.7
                Self-Loop Count: 6
            
2025-06-11 14:02:23,719 - INFO - Selected  Attribute Graph: 
                Self-Loop Weight: 1.2
                Self-Loop Percentage / Threshold: 0.7
                Self-Loop Count: 4
            
2025-06-11 14:02:23,727 - INFO - Selected  Structural Graph
2025-06-11 14:02:23,733 - INFO - Selected  Attribute Graph: 
                Self-Loop Weight: 1.2
                Self-Loop Percentage / Threshold: 0.7
                Self-Loop Count: 1
            
2025-06-11 14:02:23,739 - INFO - Selected  Structural Graph
2025-06-11 14:02:23,743 - INFO - Selected  Attribute Graph: 
                Self-Loop Weight: 1.2
                Self-Loop Percentage / Threshold: 0.7
                Self-Loop Count: 2
            
2025-06-11 14:02:23,749 - INFO - Selected  Attribute Graph: 
                Self-Loop Weight: 1.2
                Self-Loop Percentage / Threshold: 0.7
                Self-Loop Count: 4
            
2025-06-11 14:02:23,762 - INFO - Selected  Attribute Graph: 
                Self-Loop Weight: 1.2
                Self-Loop Percentage / Threshold: 0.7
                Self-Loop Count: 3
            
2025-06-11 14:02:23,768 - INFO - Selected  Structural Graph
2025-06-11 14:02:23,776 - INFO - Selected  Structural Graph
2025-06-11 14:02:23,781 - INFO - Selected  Attribute Graph: 
                Self-Loop Weight: 1.2
                Self-Loop Percentage / Threshold: 0.7
                Self-Loop Count: 2
            
2025-06-11 14:02:23,790 - INFO - Selected  Attribute Graph: 
                Self-Loop Weight: 1.2
                Self-Loop Percentage / Threshold: 0.7
                Self-Loop Count: 4
            
2025-06-11 14:02:23,795 - INFO - Selected  Attribute Graph: 
                Self-Loop Weight: 1.2
                Self-Loop Percentage / Threshold: 0.7
                Self-Loop Count: 2
            
2025-06-11 14:02:23,802 - INFO - Selected  Structural Graph
2025-06-11 14:02:23,814 - INFO - Selected  Structural Graph
2025-06-11 14:02:23,830 - INFO - Selected  Attribute Graph: 
                Self-Loop Weight: 1.2
                Self-Loop Percentage / Threshold: 0.7
                Self-Loop Count: 1
            
2025-06-11 14:02:23,839 - INFO - Selected  Attribute Graph: 
                Self-Loop Weight: 1.2
                Self-Loop Percentage / Threshold: 0.7
                Self-Loop Count: 5
            
2025-06-11 14:02:23,851 - INFO - Selected  Attribute Graph: 
                Self-Loop Weight: 1.2
                Self-Loop Percentage / Threshold: 0.7
                Self-Loop Count: 5
            
2025-06-11 14:02:23,865 - INFO - Selected  Attribute Graph: 
                Self-Loop Weight: 1.2
                Self-Loop Percentage / Threshold: 0.7
                Self-Loop Count: 1
            
2025-06-11 14:02:23,876 - INFO - Selected  Structural Graph
2025-06-11 14:02:23,883 - INFO - Selected  Attribute Graph: 
                Self-Loop Weight: 1.2
                Self-Loop Percentage / Threshold: 0.7
                Self-Loop Count: 2
            
2025-06-11 14:02:23,892 - INFO - Selected  Attribute Graph: 
                Self-Loop Weight: 1.2
                Self-Loop Percentage / Threshold: 0.7
                Self-Loop Count: 2
            
2025-06-11 14:02:23,899 - INFO - Selected  Structural Graph
2025-06-11 14:02:23,906 - INFO - Selected  Structural Graph
2025-06-11 14:02:23,911 - INFO - Selected  Attribute Graph: 
                Self-Loop Weight: 1.2
                Self-Loop Percentage / Threshold: 0.7
                Self-Loop Count: 3
            
2025-06-11 14:02:23,920 - INFO - Selected  Attribute Graph: 
                Self-Loop Weight: 1.2
                Self-Loop Percentage / Threshold: 0.7
                Self-Loop Count: 1
            
2025-06-11 14:02:23,931 - INFO - Selected  Attribute Graph: 
                Self-Loop Weight: 1.2
                Self-Loop Percentage / Threshold: 0.7
                Self-Loop Count: 3
            
2025-06-11 14:02:23,935 - INFO - Selected  Structural Graph
2025-06-11 14:02:23,944 - INFO - Selected  Attribute Graph: 
                Self-Loop Weight: 1.2
                Self-Loop Percentage / Threshold: 0.7
                Self-Loop Count: 6
            
2025-06-11 14:02:23,952 - INFO - Selected  Attribute Graph: 
                Self-Loop Weight: 1.2
                Self-Loop Percentage / Threshold: 0.7
                Self-Loop Count: 1
            
2025-06-11 14:02:23,962 - INFO - Selected  Attribute Graph: 
                Self-Loop Weight: 1.2
                Self-Loop Percentage / Threshold: 0.7
                Self-Loop Count: 4
            
2025-06-11 14:02:23,970 - INFO - Selected  Attribute Graph: 
                Self-Loop Weight: 1.2
                Self-Loop Percentage / Threshold: 0.7
                Self-Loop Count: 18
            
2025-06-11 14:02:23,974 - INFO - Selected  Attribute Graph: 
                Self-Loop Weight: 1.2
                Self-Loop Percentage / Threshold: 0.7
                Self-Loop Count: 4
            
2025-06-11 14:02:23,977 - INFO - Selected  Attribute Graph: 
                Self-Loop Weight: 1.2
                Self-Loop Percentage / Threshold: 0.7
                Self-Loop Count: 2
            
2025-06-11 14:02:23,990 - INFO - Selected  Structural Graph
2025-06-11 14:02:23,996 - INFO - Selected  Attribute Graph: 
                Self-Loop Weight: 1.2
                Self-Loop Percentage / Threshold: 0.7
                Self-Loop Count: 2
            
2025-06-11 14:02:24,001 - INFO - Selected  Attribute Graph: 
                Self-Loop Weight: 1.2
                Self-Loop Percentage / Threshold: 0.7
                Self-Loop Count: 2
            
2025-06-11 14:02:24,006 - INFO - Selected  Attribute Graph: 
                Self-Loop Weight: 1.2
                Self-Loop Percentage / Threshold: 0.7
                Self-Loop Count: 9
            
2025-06-11 14:02:24,039 - INFO - Selected  Attribute Graph: 
                Self-Loop Weight: 1.2
                Self-Loop Percentage / Threshold: 0.7
                Self-Loop Count: 1
            
2025-06-11 14:02:24,062 - INFO - Selected  Structural Graph
2025-06-11 14:02:24,080 - INFO - Selected  Structural Graph
2025-06-11 14:02:24,095 - INFO - Selected  Attribute Graph: 
                Self-Loop Weight: 1.2
                Self-Loop Percentage / Threshold: 0.7
                Self-Loop Count: 2
            
2025-06-11 14:02:24,107 - INFO - Selected  Attribute Graph: 
                Self-Loop Weight: 1.2
                Self-Loop Percentage / Threshold: 0.7
                Self-Loop Count: 3
            
2025-06-11 14:02:24,134 - INFO - Selected  Attribute Graph: 
                Self-Loop Weight: 1.2
                Self-Loop Percentage / Threshold: 0.7
                Self-Loop Count: 1
            
2025-06-11 14:02:24,146 - INFO - Selected  Attribute Graph: 
                Self-Loop Weight: 1.2
                Self-Loop Percentage / Threshold: 0.7
                Self-Loop Count: 1
            
2025-06-11 14:02:24,161 - INFO - Selected  Attribute Graph: 
                Self-Loop Weight: 1.2
                Self-Loop Percentage / Threshold: 0.7
                Self-Loop Count: 3
            
2025-06-11 14:02:24,187 - INFO - Selected  Structural Graph
2025-06-11 14:02:24,203 - INFO - Selected  Attribute Graph: 
                Self-Loop Weight: 1.2
                Self-Loop Percentage / Threshold: 0.7
                Self-Loop Count: 1
            
2025-06-11 14:02:24,244 - INFO - Selected  Structural Graph
2025-06-11 14:02:24,262 - INFO - Selected  Structural Graph
2025-06-11 14:02:24,281 - INFO - Selected  Attribute Graph: 
                Self-Loop Weight: 1.2
                Self-Loop Percentage / Threshold: 0.7
                Self-Loop Count: 2
            
2025-06-11 14:02:24,298 - INFO - Selected  Attribute Graph: 
                Self-Loop Weight: 1.2
                Self-Loop Percentage / Threshold: 0.7
                Self-Loop Count: 2
            
2025-06-11 14:02:24,325 - INFO - Selected  Attribute Graph: 
                Self-Loop Weight: 1.2
                Self-Loop Percentage / Threshold: 0.7
                Self-Loop Count: 4
            
2025-06-11 14:02:24,360 - INFO - Selected  Structural Graph
2025-06-11 14:02:24,390 - INFO - Selected  Attribute Graph: 
                Self-Loop Weight: 1.2
                Self-Loop Percentage / Threshold: 0.7
                Self-Loop Count: 4
            
2025-06-11 14:02:24,404 - INFO - Selected  Structural Graph
2025-06-11 14:02:24,428 - INFO - Selected  Structural Graph
2025-06-11 14:02:24,493 - INFO - Selected  Attribute Graph: 
                Self-Loop Weight: 1.2
                Self-Loop Percentage / Threshold: 0.7
                Self-Loop Count: 3
            
2025-06-11 14:02:24,541 - INFO - Selected  Attribute Graph: 
                Self-Loop Weight: 1.2
                Self-Loop Percentage / Threshold: 0.7
                Self-Loop Count: 4
            
2025-06-11 14:02:24,553 - INFO - Selected  Attribute Graph: 
                Self-Loop Weight: 1.2
                Self-Loop Percentage / Threshold: 0.7
                Self-Loop Count: 3
            
2025-06-11 14:02:24,568 - INFO - Selected  Attribute Graph: 
                Self-Loop Weight: 1.2
                Self-Loop Percentage / Threshold: 0.7
                Self-Loop Count: 3
            
2025-06-11 14:02:24,592 - INFO - Selected  Attribute Graph: 
                Self-Loop Weight: 1.2
                Self-Loop Percentage / Threshold: 0.7
                Self-Loop Count: 3
            
2025-06-11 14:02:24,609 - INFO - Selected  Attribute Graph: 
                Self-Loop Weight: 1.2
                Self-Loop Percentage / Threshold: 0.7
                Self-Loop Count: 1
            
2025-06-11 14:02:24,614 - INFO - Selected  Structural Graph
2025-06-11 14:02:24,712 - INFO - Selected  Structural Graph
2025-06-11 14:02:24,742 - INFO - Selected  Structural Graph
2025-06-11 14:02:24,762 - INFO - Selected  Structural Graph
2025-06-11 14:02:24,811 - INFO - Selected  Attribute Graph: 
                Self-Loop Weight: 1.2
                Self-Loop Percentage / Threshold: 0.7
                Self-Loop Count: 1
            
2025-06-11 14:02:24,829 - INFO - Selected  Structural Graph
2025-06-11 14:02:24,843 - INFO - Selected  Structural Graph
2025-06-11 14:02:24,862 - INFO - Selected  Attribute Graph: 
                Self-Loop Weight: 1.2
                Self-Loop Percentage / Threshold: 0.7
                Self-Loop Count: 2
            
2025-06-11 14:02:24,912 - INFO - Selected  Attribute Graph: 
                Self-Loop Weight: 1.2
                Self-Loop Percentage / Threshold: 0.7
                Self-Loop Count: 4
            
2025-06-11 14:02:24,933 - INFO - Selected  Attribute Graph: 
                Self-Loop Weight: 1.2
                Self-Loop Percentage / Threshold: 0.7
                Self-Loop Count: 4
            
2025-06-11 14:02:24,958 - INFO - Selected  Structural Graph
2025-06-11 14:02:24,989 - INFO - Selected  Structural Graph
2025-06-11 14:02:25,011 - INFO - Selected  Attribute Graph: 
                Self-Loop Weight: 1.2
                Self-Loop Percentage / Threshold: 0.7
                Self-Loop Count: 3
            
2025-06-11 14:02:25,044 - INFO - Selected  Structural Graph
2025-06-11 14:02:25,058 - INFO - Selected  Structural Graph
2025-06-11 14:02:25,081 - INFO - Selected  Structural Graph
2025-06-11 14:02:25,099 - INFO - Selected  Attribute Graph: 
                Self-Loop Weight: 1.2
                Self-Loop Percentage / Threshold: 0.7
                Self-Loop Count: 3
            
2025-06-11 14:02:25,122 - INFO - Selected  Attribute Graph: 
                Self-Loop Weight: 1.2
                Self-Loop Percentage / Threshold: 0.7
                Self-Loop Count: 5
            
2025-06-11 14:02:25,148 - INFO - Selected  Structural Graph
2025-06-11 14:02:25,160 - INFO - Selected  Attribute Graph: 
                Self-Loop Weight: 1.2
                Self-Loop Percentage / Threshold: 0.7
                Self-Loop Count: 4
            
2025-06-11 14:02:25,216 - INFO - Selected  Structural Graph
2025-06-11 14:02:25,227 - INFO - Selected  Structural Graph
2025-06-11 14:02:25,232 - INFO - Selected  Attribute Graph: 
                Self-Loop Weight: 1.2
                Self-Loop Percentage / Threshold: 0.7
                Self-Loop Count: 3
            
2025-06-11 14:02:25,237 - INFO - Selected  Structural Graph
2025-06-11 14:02:25,254 - INFO - Selected  Attribute Graph: 
                Self-Loop Weight: 1.2
                Self-Loop Percentage / Threshold: 0.7
                Self-Loop Count: 3
            
2025-06-11 14:02:25,276 - INFO - Selected  Attribute Graph: 
                Self-Loop Weight: 1.2
                Self-Loop Percentage / Threshold: 0.7
                Self-Loop Count: 1
            
2025-06-11 14:02:25,321 - INFO - Selected  Attribute Graph: 
                Self-Loop Weight: 1.2
                Self-Loop Percentage / Threshold: 0.7
                Self-Loop Count: 1
            
2025-06-11 14:02:25,384 - INFO - Selected  Attribute Graph: 
                Self-Loop Weight: 1.2
                Self-Loop Percentage / Threshold: 0.7
                Self-Loop Count: 2
            
2025-06-11 14:02:25,426 - INFO - Selected  Structural Graph
2025-06-11 14:02:25,461 - INFO - Selected  Attribute Graph: 
                Self-Loop Weight: 1.2
                Self-Loop Percentage / Threshold: 0.7
                Self-Loop Count: 1
            
2025-06-11 14:02:25,480 - INFO - Selected  Structural Graph
2025-06-11 14:02:25,504 - INFO - Selected  Attribute Graph: 
                Self-Loop Weight: 1.2
                Self-Loop Percentage / Threshold: 0.7
                Self-Loop Count: 4
            
2025-06-11 14:02:25,524 - INFO - Selected  Structural Graph
2025-06-11 14:02:25,548 - INFO - Selected  Structural Graph
2025-06-11 14:02:25,618 - INFO - Selected  Structural Graph
2025-06-11 14:02:25,627 - INFO - Selected  Structural Graph
2025-06-11 14:02:25,643 - INFO - Selected  Attribute Graph: 
                Self-Loop Weight: 1.2
                Self-Loop Percentage / Threshold: 0.7
                Self-Loop Count: 2
            
2025-06-11 14:02:25,672 - INFO - Selected  Attribute Graph: 
                Self-Loop Weight: 1.2
                Self-Loop Percentage / Threshold: 0.7
                Self-Loop Count: 2
            
2025-06-11 14:02:25,701 - INFO - Selected  Structural Graph
2025-06-11 14:02:25,781 - INFO - Selected  Structural Graph
2025-06-11 14:02:25,814 - INFO - Selected  Structural Graph
2025-06-11 14:02:25,847 - INFO - Selected  Attribute Graph: 
                Self-Loop Weight: 1.2
                Self-Loop Percentage / Threshold: 0.7
                Self-Loop Count: 5
            
2025-06-11 14:02:25,874 - INFO - Selected  Structural Graph
2025-06-11 14:02:25,914 - INFO - Selected  Attribute Graph: 
                Self-Loop Weight: 1.2
                Self-Loop Percentage / Threshold: 0.7
                Self-Loop Count: 2
            
2025-06-11 14:02:25,951 - INFO - Selected  Attribute Graph: 
                Self-Loop Weight: 1.2
                Self-Loop Percentage / Threshold: 0.7
                Self-Loop Count: 2
            
2025-06-11 14:02:25,983 - INFO - Selected  Structural Graph
2025-06-11 14:02:26,027 - INFO - Selected  Structural Graph
2025-06-11 14:02:26,072 - INFO - Selected  Attribute Graph: 
                Self-Loop Weight: 1.2
                Self-Loop Percentage / Threshold: 0.7
                Self-Loop Count: 3
            
2025-06-11 14:02:26,098 - INFO - Selected  Attribute Graph: 
                Self-Loop Weight: 1.2
                Self-Loop Percentage / Threshold: 0.7
                Self-Loop Count: 3
            
2025-06-11 14:02:26,121 - INFO - Selected  Attribute Graph: 
                Self-Loop Weight: 1.2
                Self-Loop Percentage / Threshold: 0.7
                Self-Loop Count: 6
            
2025-06-11 14:02:26,142 - INFO - Selected  Attribute Graph: 
                Self-Loop Weight: 1.2
                Self-Loop Percentage / Threshold: 0.7
                Self-Loop Count: 1
            
2025-06-11 14:02:26,278 - INFO - Selected  Structural Graph
2025-06-11 14:02:26,310 - INFO - Selected  Attribute Graph: 
                Self-Loop Weight: 1.2
                Self-Loop Percentage / Threshold: 0.7
                Self-Loop Count: 1
            
2025-06-11 14:02:26,336 - INFO - Selected  Structural Graph
2025-06-11 14:02:26,343 - INFO - Selected  Attribute Graph: 
                Self-Loop Weight: 1.2
                Self-Loop Percentage / Threshold: 0.7
                Self-Loop Count: 4
            
2025-06-11 14:02:26,349 - INFO - Selected  Structural Graph
2025-06-11 14:02:26,353 - INFO - Selected  Attribute Graph: 
                Self-Loop Weight: 1.2
                Self-Loop Percentage / Threshold: 0.7
                Self-Loop Count: 2
            
2025-06-11 14:02:26,381 - INFO - Selected  Attribute Graph: 
                Self-Loop Weight: 1.2
                Self-Loop Percentage / Threshold: 0.7
                Self-Loop Count: 1
            
2025-06-11 14:02:26,405 - INFO - Selected  Attribute Graph: 
                Self-Loop Weight: 1.2
                Self-Loop Percentage / Threshold: 0.7
                Self-Loop Count: 4
            
2025-06-11 14:02:26,426 - INFO - Selected  Attribute Graph: 
                Self-Loop Weight: 1.2
                Self-Loop Percentage / Threshold: 0.7
                Self-Loop Count: 1
            
2025-06-11 14:02:26,457 - INFO - Selected  Attribute Graph: 
                Self-Loop Weight: 1.2
                Self-Loop Percentage / Threshold: 0.7
                Self-Loop Count: 5
            
2025-06-11 14:02:26,503 - INFO - Selected  Attribute Graph: 
                Self-Loop Weight: 1.2
                Self-Loop Percentage / Threshold: 0.7
                Self-Loop Count: 4
            
2025-06-11 14:02:26,525 - INFO - Selected  Structural Graph
2025-06-11 14:02:26,563 - INFO - Selected  Attribute Graph: 
                Self-Loop Weight: 1.2
                Self-Loop Percentage / Threshold: 0.7
                Self-Loop Count: 5
            
2025-06-11 14:02:26,628 - INFO - Selected  Attribute Graph: 
                Self-Loop Weight: 1.2
                Self-Loop Percentage / Threshold: 0.7
                Self-Loop Count: 1
            
2025-06-11 14:02:26,681 - INFO - Selected  Attribute Graph: 
                Self-Loop Weight: 1.2
                Self-Loop Percentage / Threshold: 0.7
                Self-Loop Count: 8
            
2025-06-11 14:02:26,703 - INFO - Selected  Attribute Graph: 
                Self-Loop Weight: 1.2
                Self-Loop Percentage / Threshold: 0.7
                Self-Loop Count: 3
            
2025-06-11 14:02:26,774 - INFO - Selected  Attribute Graph: 
                Self-Loop Weight: 1.2
                Self-Loop Percentage / Threshold: 0.7
                Self-Loop Count: 1
            
2025-06-11 14:02:26,794 - INFO - Selected  Attribute Graph: 
                Self-Loop Weight: 1.2
                Self-Loop Percentage / Threshold: 0.7
                Self-Loop Count: 1
            
2025-06-11 14:02:26,829 - INFO - Selected  Attribute Graph: 
                Self-Loop Weight: 1.2
                Self-Loop Percentage / Threshold: 0.7
                Self-Loop Count: 1
            
2025-06-11 14:02:26,889 - INFO - Selected  Attribute Graph: 
                Self-Loop Weight: 1.2
                Self-Loop Percentage / Threshold: 0.7
                Self-Loop Count: 3
            
2025-06-11 14:02:26,920 - INFO - Selected  Attribute Graph: 
                Self-Loop Weight: 1.2
                Self-Loop Percentage / Threshold: 0.7
                Self-Loop Count: 1
            
2025-06-11 14:02:26,940 - INFO - Selected  Attribute Graph: 
                Self-Loop Weight: 1.2
                Self-Loop Percentage / Threshold: 0.7
                Self-Loop Count: 7
            
2025-06-11 14:02:26,955 - INFO - Selected  Attribute Graph: 
                Self-Loop Weight: 1.2
                Self-Loop Percentage / Threshold: 0.7
                Self-Loop Count: 6
            
2025-06-11 14:02:26,969 - INFO - Selected  Attribute Graph: 
                Self-Loop Weight: 1.2
                Self-Loop Percentage / Threshold: 0.7
                Self-Loop Count: 5
            
2025-06-11 14:02:27,082 - INFO - Selected  Attribute Graph: 
                Self-Loop Weight: 1.2
                Self-Loop Percentage / Threshold: 0.7
                Self-Loop Count: 1
            
2025-06-11 14:02:27,102 - INFO - Selected  Attribute Graph: 
                Self-Loop Weight: 1.2
                Self-Loop Percentage / Threshold: 0.7
                Self-Loop Count: 1
            
2025-06-11 14:02:27,146 - INFO - Selected  Structural Graph
2025-06-11 14:02:27,155 - INFO - Selected  Attribute Graph: 
                Self-Loop Weight: 1.2
                Self-Loop Percentage / Threshold: 0.7
                Self-Loop Count: 1
            
2025-06-11 14:02:27,178 - INFO - Selected  Attribute Graph: 
                Self-Loop Weight: 1.2
                Self-Loop Percentage / Threshold: 0.7
                Self-Loop Count: 2
            
2025-06-11 14:02:27,201 - INFO - Selected  Structural Graph
2025-06-11 14:02:27,230 - INFO - Selected  Attribute Graph: 
                Self-Loop Weight: 1.2
                Self-Loop Percentage / Threshold: 0.7
                Self-Loop Count: 2
            
2025-06-11 14:02:27,281 - INFO - Selected  Attribute Graph: 
                Self-Loop Weight: 1.2
                Self-Loop Percentage / Threshold: 0.7
                Self-Loop Count: 3
            
2025-06-11 14:02:27,342 - INFO - Selected  Attribute Graph: 
                Self-Loop Weight: 1.2
                Self-Loop Percentage / Threshold: 0.7
                Self-Loop Count: 3
            
2025-06-11 14:02:27,366 - INFO - Selected  Attribute Graph: 
                Self-Loop Weight: 1.2
                Self-Loop Percentage / Threshold: 0.7
                Self-Loop Count: 6
            
2025-06-11 14:02:27,381 - INFO - Selected  Attribute Graph: 
                Self-Loop Weight: 1.2
                Self-Loop Percentage / Threshold: 0.7
                Self-Loop Count: 1
            
2025-06-11 14:02:27,412 - INFO - Selected  Structural Graph
2025-06-11 14:02:27,436 - INFO - Selected  Attribute Graph: 
                Self-Loop Weight: 1.2
                Self-Loop Percentage / Threshold: 0.7
                Self-Loop Count: 9
            
2025-06-11 14:02:27,495 - INFO - Selected  Attribute Graph: 
                Self-Loop Weight: 1.2
                Self-Loop Percentage / Threshold: 0.7
                Self-Loop Count: 6
            
2025-06-11 14:02:27,529 - INFO - Selected  Structural Graph
2025-06-11 14:02:27,537 - INFO - Selected  Structural Graph
2025-06-11 14:02:27,567 - INFO - Selected  Attribute Graph: 
                Self-Loop Weight: 1.2
                Self-Loop Percentage / Threshold: 0.7
                Self-Loop Count: 2
            
2025-06-11 14:02:27,607 - INFO - Selected  Attribute Graph: 
                Self-Loop Weight: 1.2
                Self-Loop Percentage / Threshold: 0.7
                Self-Loop Count: 1
            
2025-06-11 14:02:27,617 - INFO - Selected  Attribute Graph: 
                Self-Loop Weight: 1.2
                Self-Loop Percentage / Threshold: 0.7
                Self-Loop Count: 6
            
2025-06-11 14:02:27,650 - INFO - Selected  Structural Graph
2025-06-11 14:02:27,687 - INFO - Selected  Attribute Graph: 
                Self-Loop Weight: 1.2
                Self-Loop Percentage / Threshold: 0.7
                Self-Loop Count: 2
            
2025-06-11 14:02:27,719 - INFO - Selected  Attribute Graph: 
                Self-Loop Weight: 1.2
                Self-Loop Percentage / Threshold: 0.7
                Self-Loop Count: 3
            
2025-06-11 14:02:27,729 - INFO - Selected  Structural Graph
2025-06-11 14:02:27,741 - INFO - Selected  Attribute Graph: 
                Self-Loop Weight: 1.2
                Self-Loop Percentage / Threshold: 0.7
                Self-Loop Count: 1
            
2025-06-11 14:02:27,762 - INFO - Selected  Structural Graph
2025-06-11 14:02:27,845 - INFO - Selected  Structural Graph
2025-06-11 14:02:27,890 - INFO - Selected  Structural Graph
2025-06-11 14:02:27,918 - INFO - Selected  Attribute Graph: 
                Self-Loop Weight: 1.2
                Self-Loop Percentage / Threshold: 0.7
                Self-Loop Count: 3
            
2025-06-11 14:02:27,938 - INFO - Selected  Attribute Graph: 
                Self-Loop Weight: 1.2
                Self-Loop Percentage / Threshold: 0.7
                Self-Loop Count: 2
            
2025-06-11 14:02:27,961 - INFO - Selected  Attribute Graph: 
                Self-Loop Weight: 1.2
                Self-Loop Percentage / Threshold: 0.7
                Self-Loop Count: 2
            
2025-06-11 14:02:27,990 - INFO - Selected  Structural Graph
2025-06-11 14:02:28,081 - INFO - Selected  Attribute Graph: 
                Self-Loop Weight: 1.2
                Self-Loop Percentage / Threshold: 0.7
                Self-Loop Count: 5
            
2025-06-11 14:02:28,107 - INFO - Selected  Attribute Graph: 
                Self-Loop Weight: 1.2
                Self-Loop Percentage / Threshold: 0.7
                Self-Loop Count: 3
            
2025-06-11 14:02:28,138 - INFO - Selected  Attribute Graph: 
                Self-Loop Weight: 1.2
                Self-Loop Percentage / Threshold: 0.7
                Self-Loop Count: 7
            
2025-06-11 14:02:28,166 - INFO - Selected  Structural Graph
2025-06-11 14:02:28,173 - INFO - Selected  Structural Graph
2025-06-11 14:02:28,177 - INFO - Selected  Structural Graph
2025-06-11 14:02:28,185 - INFO - Selected  Structural Graph
2025-06-11 14:02:28,215 - INFO - Selected  Attribute Graph: 
                Self-Loop Weight: 1.2
                Self-Loop Percentage / Threshold: 0.7
                Self-Loop Count: 2
            
2025-06-11 14:02:28,273 - INFO - Selected  Structural Graph
2025-06-11 14:02:28,288 - INFO - Selected  Attribute Graph: 
                Self-Loop Weight: 1.2
                Self-Loop Percentage / Threshold: 0.7
                Self-Loop Count: 2
            
2025-06-11 14:02:28,296 - INFO - Selected  Structural Graph
2025-06-11 14:02:28,325 - INFO - Selected  Attribute Graph: 
                Self-Loop Weight: 1.2
                Self-Loop Percentage / Threshold: 0.7
                Self-Loop Count: 1
            
2025-06-11 14:02:28,357 - INFO - Selected  Attribute Graph: 
                Self-Loop Weight: 1.2
                Self-Loop Percentage / Threshold: 0.7
                Self-Loop Count: 3
            
2025-06-11 14:02:28,367 - INFO - Selected  Attribute Graph: 
                Self-Loop Weight: 1.2
                Self-Loop Percentage / Threshold: 0.7
                Self-Loop Count: 7
            
2025-06-11 14:02:28,381 - INFO - Selected  Attribute Graph: 
                Self-Loop Weight: 1.2
                Self-Loop Percentage / Threshold: 0.7
                Self-Loop Count: 4
            
2025-06-11 14:02:28,401 - INFO - Selected  Attribute Graph: 
                Self-Loop Weight: 1.2
                Self-Loop Percentage / Threshold: 0.7
                Self-Loop Count: 2
            
2025-06-11 14:02:28,433 - INFO - Selected  Structural Graph
2025-06-11 14:02:28,460 - INFO - Selected  Attribute Graph: 
                Self-Loop Weight: 1.2
                Self-Loop Percentage / Threshold: 0.7
                Self-Loop Count: 4
            
2025-06-11 14:02:28,473 - INFO - Selected  Attribute Graph: 
                Self-Loop Weight: 1.2
                Self-Loop Percentage / Threshold: 0.7
                Self-Loop Count: 5
            
2025-06-11 14:02:28,545 - INFO - Selected  Attribute Graph: 
                Self-Loop Weight: 1.2
                Self-Loop Percentage / Threshold: 0.7
                Self-Loop Count: 1
            
2025-06-11 14:02:28,612 - INFO - Selected  Structural Graph
2025-06-11 14:02:28,647 - INFO - Selected  Attribute Graph: 
                Self-Loop Weight: 1.2
                Self-Loop Percentage / Threshold: 0.7
                Self-Loop Count: 3
            
2025-06-11 14:02:28,720 - INFO - Selected  Attribute Graph: 
                Self-Loop Weight: 1.2
                Self-Loop Percentage / Threshold: 0.7
                Self-Loop Count: 2
            
2025-06-11 14:02:28,738 - INFO - Selected  Structural Graph
2025-06-11 14:02:28,770 - INFO - Selected  Structural Graph
2025-06-11 14:02:28,869 - INFO - Selected  Attribute Graph: 
                Self-Loop Weight: 1.2
                Self-Loop Percentage / Threshold: 0.7
                Self-Loop Count: 1
            
2025-06-11 14:02:28,894 - INFO - Selected  Attribute Graph: 
                Self-Loop Weight: 1.2
                Self-Loop Percentage / Threshold: 0.7
                Self-Loop Count: 2
            
2025-06-11 14:02:28,915 - INFO - Selected  Attribute Graph: 
                Self-Loop Weight: 1.2
                Self-Loop Percentage / Threshold: 0.7
                Self-Loop Count: 5
            
2025-06-11 14:02:28,932 - INFO - Selected  Attribute Graph: 
                Self-Loop Weight: 1.2
                Self-Loop Percentage / Threshold: 0.7
                Self-Loop Count: 3
            
2025-06-11 14:02:28,960 - INFO - Selected  Attribute Graph: 
                Self-Loop Weight: 1.2
                Self-Loop Percentage / Threshold: 0.7
                Self-Loop Count: 1
            
2025-06-11 14:02:29,038 - INFO - Selected  Structural Graph
2025-06-11 14:02:29,055 - INFO - Selected  Structural Graph
2025-06-11 14:02:29,065 - INFO - Selected  Attribute Graph: 
                Self-Loop Weight: 1.2
                Self-Loop Percentage / Threshold: 0.7
                Self-Loop Count: 2
            
2025-06-11 14:02:29,082 - INFO - Selected  Attribute Graph: 
                Self-Loop Weight: 1.2
                Self-Loop Percentage / Threshold: 0.7
                Self-Loop Count: 4
            
2025-06-11 14:02:29,097 - INFO - Selected  Attribute Graph: 
                Self-Loop Weight: 1.2
                Self-Loop Percentage / Threshold: 0.7
                Self-Loop Count: 3
            
2025-06-11 14:02:29,125 - INFO - Selected  Attribute Graph: 
                Self-Loop Weight: 1.2
                Self-Loop Percentage / Threshold: 0.7
                Self-Loop Count: 3
            
2025-06-11 14:02:29,147 - INFO - Selected  Structural Graph
2025-06-11 14:02:29,168 - INFO - Selected  Attribute Graph: 
                Self-Loop Weight: 1.2
                Self-Loop Percentage / Threshold: 0.7
                Self-Loop Count: 1
            
2025-06-11 14:02:29,211 - INFO - Selected  Attribute Graph: 
                Self-Loop Weight: 1.2
                Self-Loop Percentage / Threshold: 0.7
                Self-Loop Count: 4
            
2025-06-11 14:02:29,226 - INFO - Selected  Structural Graph
2025-06-11 14:02:29,250 - INFO - Selected  Attribute Graph: 
                Self-Loop Weight: 1.2
                Self-Loop Percentage / Threshold: 0.7
                Self-Loop Count: 5
            
2025-06-11 14:02:29,289 - INFO - Selected  Attribute Graph: 
                Self-Loop Weight: 1.2
                Self-Loop Percentage / Threshold: 0.7
                Self-Loop Count: 2
            
2025-06-11 14:02:29,300 - INFO - Selected  Structural Graph
2025-06-11 14:02:29,314 - INFO - Selected  Structural Graph
2025-06-11 14:02:29,387 - INFO - Selected  Attribute Graph: 
                Self-Loop Weight: 1.2
                Self-Loop Percentage / Threshold: 0.7
                Self-Loop Count: 1
            
2025-06-11 14:02:29,411 - INFO - Selected  Attribute Graph: 
                Self-Loop Weight: 1.2
                Self-Loop Percentage / Threshold: 0.7
                Self-Loop Count: 3
            
2025-06-11 14:02:29,432 - INFO - Selected  Attribute Graph: 
                Self-Loop Weight: 1.2
                Self-Loop Percentage / Threshold: 0.7
                Self-Loop Count: 6
            
2025-06-11 14:02:29,456 - INFO - Selected  Structural Graph
2025-06-11 14:02:29,473 - INFO - Selected  Structural Graph
2025-06-11 14:02:29,495 - INFO - Selected  Attribute Graph: 
                Self-Loop Weight: 1.2
                Self-Loop Percentage / Threshold: 0.7
                Self-Loop Count: 2
            
2025-06-11 14:02:29,516 - INFO - Selected  Structural Graph
2025-06-11 14:02:29,626 - INFO - Selected  Structural Graph
2025-06-11 14:02:29,665 - INFO - Selected  Attribute Graph: 
                Self-Loop Weight: 1.2
                Self-Loop Percentage / Threshold: 0.7
                Self-Loop Count: 1
            
2025-06-11 14:02:29,692 - INFO - Selected  Structural Graph
2025-06-11 14:02:29,719 - INFO - Selected  Structural Graph
2025-06-11 14:02:29,745 - INFO - Selected  Attribute Graph: 
                Self-Loop Weight: 1.2
                Self-Loop Percentage / Threshold: 0.7
                Self-Loop Count: 1
            
2025-06-11 14:02:29,772 - INFO - Selected  Structural Graph
2025-06-11 14:02:29,809 - INFO - Selected  Structural Graph
2025-06-11 14:02:29,856 - INFO - Selected  Attribute Graph: 
                Self-Loop Weight: 1.2
                Self-Loop Percentage / Threshold: 0.7
                Self-Loop Count: 3
            
2025-06-11 14:02:29,878 - INFO - Selected  Structural Graph
2025-06-11 14:02:29,912 - INFO - Selected  Attribute Graph: 
                Self-Loop Weight: 1.2
                Self-Loop Percentage / Threshold: 0.7
                Self-Loop Count: 4
            
2025-06-11 14:02:29,939 - INFO - Selected  Attribute Graph: 
                Self-Loop Weight: 1.2
                Self-Loop Percentage / Threshold: 0.7
                Self-Loop Count: 4
            
2025-06-11 14:02:29,960 - INFO - Selected  Structural Graph
2025-06-11 14:02:30,095 - INFO - Selected  Attribute Graph: 
                Self-Loop Weight: 1.2
                Self-Loop Percentage / Threshold: 0.7
                Self-Loop Count: 1
            
2025-06-11 14:02:30,108 - INFO - Selected  Structural Graph
2025-06-11 14:02:30,122 - INFO - Selected  Attribute Graph: 
                Self-Loop Weight: 1.2
                Self-Loop Percentage / Threshold: 0.7
                Self-Loop Count: 2
            
2025-06-11 14:02:30,151 - INFO - Selected  Attribute Graph: 
                Self-Loop Weight: 1.2
                Self-Loop Percentage / Threshold: 0.7
                Self-Loop Count: 1
            
2025-06-11 14:02:30,171 - INFO - Selected  Attribute Graph: 
                Self-Loop Weight: 1.2
                Self-Loop Percentage / Threshold: 0.7
                Self-Loop Count: 2
            
2025-06-11 14:02:30,183 - INFO - Selected  Structural Graph
2025-06-11 14:02:30,270 - INFO - Selected  Attribute Graph: 
                Self-Loop Weight: 1.2
                Self-Loop Percentage / Threshold: 0.7
                Self-Loop Count: 2
            
2025-06-11 14:02:30,293 - INFO - Selected  Attribute Graph: 
                Self-Loop Weight: 1.2
                Self-Loop Percentage / Threshold: 0.7
                Self-Loop Count: 6
            
2025-06-11 14:02:30,310 - INFO - Selected  Attribute Graph: 
                Self-Loop Weight: 1.2
                Self-Loop Percentage / Threshold: 0.7
                Self-Loop Count: 1
            
2025-06-11 14:02:30,326 - INFO - Selected  Attribute Graph: 
                Self-Loop Weight: 1.2
                Self-Loop Percentage / Threshold: 0.7
                Self-Loop Count: 1
            
2025-06-11 14:02:30,361 - INFO - Selected  Attribute Graph: 
                Self-Loop Weight: 1.2
                Self-Loop Percentage / Threshold: 0.7
                Self-Loop Count: 2
            
2025-06-11 14:02:30,396 - INFO - Selected  Attribute Graph: 
                Self-Loop Weight: 1.2
                Self-Loop Percentage / Threshold: 0.7
                Self-Loop Count: 2
            
2025-06-11 14:02:30,473 - INFO - Selected  Attribute Graph: 
                Self-Loop Weight: 1.2
                Self-Loop Percentage / Threshold: 0.7
                Self-Loop Count: 3
            
2025-06-11 14:02:30,494 - INFO - Selected  Attribute Graph: 
                Self-Loop Weight: 1.2
                Self-Loop Percentage / Threshold: 0.7
                Self-Loop Count: 6
            
2025-06-11 14:02:30,518 - INFO - Selected  Structural Graph
2025-06-11 14:02:30,544 - INFO - Selected  Attribute Graph: 
                Self-Loop Weight: 1.2
                Self-Loop Percentage / Threshold: 0.7
                Self-Loop Count: 3
            
2025-06-11 14:02:30,567 - INFO - Selected  Attribute Graph: 
                Self-Loop Weight: 1.2
                Self-Loop Percentage / Threshold: 0.7
                Self-Loop Count: 6
            
2025-06-11 14:02:30,590 - INFO - Selected  Attribute Graph: 
                Self-Loop Weight: 1.2
                Self-Loop Percentage / Threshold: 0.7
                Self-Loop Count: 6
            
2025-06-11 14:02:30,614 - INFO - Selected  Attribute Graph: 
                Self-Loop Weight: 1.2
                Self-Loop Percentage / Threshold: 0.7
                Self-Loop Count: 2
            
2025-06-11 14:02:30,713 - INFO - Selected  Structural Graph
2025-06-11 14:02:30,748 - INFO - Selected  Structural Graph
2025-06-11 14:02:30,774 - INFO - Selected  Structural Graph
2025-06-11 14:02:30,791 - INFO - Selected  Structural Graph
2025-06-11 14:02:30,811 - INFO - Selected  Structural Graph
2025-06-11 14:02:30,855 - INFO - Selected  Attribute Graph: 
                Self-Loop Weight: 1.2
                Self-Loop Percentage / Threshold: 0.7
                Self-Loop Count: 6
            
2025-06-11 14:02:30,870 - INFO - Selected  Structural Graph
2025-06-11 14:02:30,897 - INFO - Selected  Attribute Graph: 
                Self-Loop Weight: 1.2
                Self-Loop Percentage / Threshold: 0.7
                Self-Loop Count: 8
            
2025-06-11 14:02:30,927 - INFO - Selected  Attribute Graph: 
                Self-Loop Weight: 1.2
                Self-Loop Percentage / Threshold: 0.7
                Self-Loop Count: 4
            
2025-06-11 14:02:30,945 - INFO - Selected  Attribute Graph: 
                Self-Loop Weight: 1.2
                Self-Loop Percentage / Threshold: 0.7
                Self-Loop Count: 4
            
2025-06-11 14:02:30,972 - INFO - Selected  Structural Graph
2025-06-11 14:02:30,994 - INFO - Selected  Attribute Graph: 
                Self-Loop Weight: 1.2
                Self-Loop Percentage / Threshold: 0.7
                Self-Loop Count: 3
            
2025-06-11 14:02:31,066 - INFO - Selected  Attribute Graph: 
                Self-Loop Weight: 1.2
                Self-Loop Percentage / Threshold: 0.7
                Self-Loop Count: 2
            
2025-06-11 14:02:31,080 - INFO - Selected  Attribute Graph: 
                Self-Loop Weight: 1.2
                Self-Loop Percentage / Threshold: 0.7
                Self-Loop Count: 3
            
2025-06-11 14:02:31,107 - INFO - Selected  Attribute Graph: 
                Self-Loop Weight: 1.2
                Self-Loop Percentage / Threshold: 0.7
                Self-Loop Count: 2
            
2025-06-11 14:02:31,118 - INFO - Selected  Attribute Graph: 
                Self-Loop Weight: 1.2
                Self-Loop Percentage / Threshold: 0.7
                Self-Loop Count: 1
            
2025-06-11 14:02:31,208 - INFO - Selected  Attribute Graph: 
                Self-Loop Weight: 1.2
                Self-Loop Percentage / Threshold: 0.7
                Self-Loop Count: 3
            
2025-06-11 14:02:31,245 - INFO - Selected  Attribute Graph: 
                Self-Loop Weight: 1.2
                Self-Loop Percentage / Threshold: 0.7
                Self-Loop Count: 1
            
2025-06-11 14:02:31,273 - INFO - Selected  Structural Graph
2025-06-11 14:02:31,294 - INFO - Selected  Structural Graph
2025-06-11 14:02:31,361 - INFO - Selected  Attribute Graph: 
                Self-Loop Weight: 1.2
                Self-Loop Percentage / Threshold: 0.7
                Self-Loop Count: 1
            
2025-06-11 14:02:31,390 - INFO - Selected  Attribute Graph: 
                Self-Loop Weight: 1.2
                Self-Loop Percentage / Threshold: 0.7
                Self-Loop Count: 2
            
2025-06-11 14:02:31,400 - INFO - Selected  Attribute Graph: 
                Self-Loop Weight: 1.2
                Self-Loop Percentage / Threshold: 0.7
                Self-Loop Count: 3
            
2025-06-11 14:02:31,427 - INFO - Selected  Structural Graph
2025-06-11 14:02:31,451 - INFO - Selected  Attribute Graph: 
                Self-Loop Weight: 1.2
                Self-Loop Percentage / Threshold: 0.7
                Self-Loop Count: 6
            
2025-06-11 14:02:31,524 - INFO - Selected  Attribute Graph: 
                Self-Loop Weight: 1.2
                Self-Loop Percentage / Threshold: 0.7
                Self-Loop Count: 2
            
2025-06-11 14:02:31,566 - INFO - Selected  Structural Graph
2025-06-11 14:02:31,590 - INFO - Selected  Structural Graph
2025-06-11 14:02:31,613 - INFO - Selected  Attribute Graph: 
                Self-Loop Weight: 1.2
                Self-Loop Percentage / Threshold: 0.7
                Self-Loop Count: 2
            
2025-06-11 14:02:31,639 - INFO - Selected  Attribute Graph: 
                Self-Loop Weight: 1.2
                Self-Loop Percentage / Threshold: 0.7
                Self-Loop Count: 2
            
2025-06-11 14:02:31,648 - INFO - Selected  Structural Graph
2025-06-11 14:02:31,670 - INFO - Selected  Structural Graph
2025-06-11 14:02:31,689 - INFO - Selected  Attribute Graph: 
                Self-Loop Weight: 1.2
                Self-Loop Percentage / Threshold: 0.7
                Self-Loop Count: 1
            
2025-06-11 14:02:31,733 - INFO - Selected  Attribute Graph: 
                Self-Loop Weight: 1.2
                Self-Loop Percentage / Threshold: 0.7
                Self-Loop Count: 1
            
2025-06-11 14:02:31,756 - INFO - Selected  Attribute Graph: 
                Self-Loop Weight: 1.2
                Self-Loop Percentage / Threshold: 0.7
                Self-Loop Count: 2
            
2025-06-11 14:02:31,776 - INFO - Selected  Attribute Graph: 
                Self-Loop Weight: 1.2
                Self-Loop Percentage / Threshold: 0.7
                Self-Loop Count: 2
            
2025-06-11 14:02:31,792 - INFO - Selected  Attribute Graph: 
                Self-Loop Weight: 1.2
                Self-Loop Percentage / Threshold: 0.7
                Self-Loop Count: 1
            
2025-06-11 14:02:31,825 - INFO - Selected  Attribute Graph: 
                Self-Loop Weight: 1.2
                Self-Loop Percentage / Threshold: 0.7
                Self-Loop Count: 3
            
2025-06-11 14:02:31,842 - INFO - Selected  Attribute Graph: 
                Self-Loop Weight: 1.2
                Self-Loop Percentage / Threshold: 0.7
                Self-Loop Count: 1
            
2025-06-11 14:02:31,894 - INFO - Selected  Structural Graph
2025-06-11 14:02:31,935 - INFO - Selected  Attribute Graph: 
                Self-Loop Weight: 1.2
                Self-Loop Percentage / Threshold: 0.7
                Self-Loop Count: 3
            
2025-06-11 14:02:31,977 - INFO - Selected  Attribute Graph: 
                Self-Loop Weight: 1.2
                Self-Loop Percentage / Threshold: 0.7
                Self-Loop Count: 1
            
2025-06-11 14:02:31,999 - INFO - Selected  Attribute Graph: 
                Self-Loop Weight: 1.2
                Self-Loop Percentage / Threshold: 0.7
                Self-Loop Count: 3
            
2025-06-11 14:02:32,025 - INFO - Selected  Structural Graph
2025-06-11 14:02:32,058 - INFO - Selected  Structural Graph
2025-06-11 14:02:32,144 - INFO - Selected  Attribute Graph: 
                Self-Loop Weight: 1.2
                Self-Loop Percentage / Threshold: 0.7
                Self-Loop Count: 5
            
2025-06-11 14:02:32,179 - INFO - Selected  Attribute Graph: 
                Self-Loop Weight: 1.2
                Self-Loop Percentage / Threshold: 0.7
                Self-Loop Count: 3
            
2025-06-11 14:02:32,191 - INFO - Selected  Structural Graph
2025-06-11 14:02:32,209 - INFO - Selected  Attribute Graph: 
                Self-Loop Weight: 1.2
                Self-Loop Percentage / Threshold: 0.7
                Self-Loop Count: 4
            
2025-06-11 14:02:32,231 - INFO - Selected  Attribute Graph: 
                Self-Loop Weight: 1.2
                Self-Loop Percentage / Threshold: 0.7
                Self-Loop Count: 1
            
2025-06-11 14:02:32,252 - INFO - Selected  Attribute Graph: 
                Self-Loop Weight: 1.2
                Self-Loop Percentage / Threshold: 0.7
                Self-Loop Count: 4
            
2025-06-11 14:02:32,276 - INFO - Selected  Attribute Graph: 
                Self-Loop Weight: 1.2
                Self-Loop Percentage / Threshold: 0.7
                Self-Loop Count: 4
            
2025-06-11 14:02:32,345 - INFO - Selected  Attribute Graph: 
                Self-Loop Weight: 1.2
                Self-Loop Percentage / Threshold: 0.7
                Self-Loop Count: 2
            
2025-06-11 14:02:32,360 - INFO - Selected  Structural Graph
2025-06-11 14:02:32,367 - INFO - Selected  Structural Graph
2025-06-11 14:02:32,389 - INFO - Selected  Attribute Graph: 
                Self-Loop Weight: 1.2
                Self-Loop Percentage / Threshold: 0.7
                Self-Loop Count: 1
            
2025-06-11 14:02:32,411 - INFO - Selected  Attribute Graph: 
                Self-Loop Weight: 1.2
                Self-Loop Percentage / Threshold: 0.7
                Self-Loop Count: 8
            
2025-06-11 14:02:32,442 - INFO - Selected  Attribute Graph: 
                Self-Loop Weight: 1.2
                Self-Loop Percentage / Threshold: 0.7
                Self-Loop Count: 2
            
2025-06-11 14:02:32,472 - INFO - Selected  Structural Graph
2025-06-11 14:02:32,504 - INFO - Selected  Attribute Graph: 
                Self-Loop Weight: 1.2
                Self-Loop Percentage / Threshold: 0.7
                Self-Loop Count: 3
            
2025-06-11 14:02:32,521 - INFO - Selected  Structural Graph
2025-06-11 14:02:32,551 - INFO - Selected  Structural Graph
2025-06-11 14:02:32,624 - INFO - Selected  Attribute Graph: 
                Self-Loop Weight: 1.2
                Self-Loop Percentage / Threshold: 0.7
                Self-Loop Count: 4
            
2025-06-11 14:02:32,651 - INFO - Selected  Attribute Graph: 
                Self-Loop Weight: 1.2
                Self-Loop Percentage / Threshold: 0.7
                Self-Loop Count: 5
            
2025-06-11 14:02:32,703 - INFO - Selected  Structural Graph
2025-06-11 14:02:32,727 - INFO - Selected  Structural Graph
2025-06-11 14:02:32,744 - INFO - Selected  Attribute Graph: 
                Self-Loop Weight: 1.2
                Self-Loop Percentage / Threshold: 0.7
                Self-Loop Count: 3
            
2025-06-11 14:02:32,822 - INFO - Selected  Structural Graph
2025-06-11 14:02:32,847 - INFO - Selected  Attribute Graph: 
                Self-Loop Weight: 1.2
                Self-Loop Percentage / Threshold: 0.7
                Self-Loop Count: 6
            
2025-06-11 14:02:32,866 - INFO - Selected  Structural Graph
2025-06-11 14:02:32,891 - INFO - Selected  Structural Graph
2025-06-11 14:02:32,914 - INFO - Selected  Structural Graph
2025-06-11 14:02:32,941 - INFO - Selected  Attribute Graph: 
                Self-Loop Weight: 1.2
                Self-Loop Percentage / Threshold: 0.7
                Self-Loop Count: 1
            
2025-06-11 14:02:32,969 - INFO - Selected  Structural Graph
2025-06-11 14:02:32,988 - INFO - Selected  Attribute Graph: 
                Self-Loop Weight: 1.2
                Self-Loop Percentage / Threshold: 0.7
                Self-Loop Count: 2
            
2025-06-11 14:02:33,012 - INFO - Selected  Attribute Graph: 
                Self-Loop Weight: 1.2
                Self-Loop Percentage / Threshold: 0.7
                Self-Loop Count: 1
            
2025-06-11 14:02:33,030 - INFO - Selected  Structural Graph
2025-06-11 14:02:33,133 - INFO - Selected  Attribute Graph: 
                Self-Loop Weight: 1.2
                Self-Loop Percentage / Threshold: 0.7
                Self-Loop Count: 1
            
2025-06-11 14:02:33,160 - INFO - Selected  Attribute Graph: 
                Self-Loop Weight: 1.2
                Self-Loop Percentage / Threshold: 0.7
                Self-Loop Count: 4
            
2025-06-11 14:02:33,178 - INFO - Selected  Structural Graph
2025-06-11 14:02:33,202 - INFO - Selected  Structural Graph
2025-06-11 14:02:33,218 - INFO - Selected  Attribute Graph: 
                Self-Loop Weight: 1.2
                Self-Loop Percentage / Threshold: 0.7
                Self-Loop Count: 2
            
2025-06-11 14:02:33,237 - INFO - Selected  Attribute Graph: 
                Self-Loop Weight: 1.2
                Self-Loop Percentage / Threshold: 0.7
                Self-Loop Count: 4
            
2025-06-11 14:02:33,253 - INFO - Selected  Structural Graph
2025-06-11 14:02:33,308 - INFO - Selected  Attribute Graph: 
                Self-Loop Weight: 1.2
                Self-Loop Percentage / Threshold: 0.7
                Self-Loop Count: 2
            
2025-06-11 14:02:33,351 - INFO - Selected  Attribute Graph: 
                Self-Loop Weight: 1.2
                Self-Loop Percentage / Threshold: 0.7
                Self-Loop Count: 4
            
2025-06-11 14:02:33,361 - INFO - Selected  Attribute Graph: 
                Self-Loop Weight: 1.2
                Self-Loop Percentage / Threshold: 0.7
                Self-Loop Count: 6
            
2025-06-11 14:02:33,378 - INFO - Selected  Attribute Graph: 
                Self-Loop Weight: 1.2
                Self-Loop Percentage / Threshold: 0.7
                Self-Loop Count: 1
            
2025-06-11 14:02:33,394 - INFO - Selected  Attribute Graph: 
                Self-Loop Weight: 1.2
                Self-Loop Percentage / Threshold: 0.7
                Self-Loop Count: 2
            
2025-06-11 14:02:33,418 - INFO - Selected  Attribute Graph: 
                Self-Loop Weight: 1.2
                Self-Loop Percentage / Threshold: 0.7
                Self-Loop Count: 3
            
2025-06-11 14:02:33,451 - INFO - Selected  Structural Graph
2025-06-11 14:02:33,514 - INFO - Selected  Attribute Graph: 
                Self-Loop Weight: 1.2
                Self-Loop Percentage / Threshold: 0.7
                Self-Loop Count: 1
            
2025-06-11 14:02:33,528 - INFO - Selected  Structural Graph
2025-06-11 14:02:33,539 - INFO - Selected  Structural Graph
2025-06-11 14:02:33,557 - INFO - Selected  Attribute Graph: 
                Self-Loop Weight: 1.2
                Self-Loop Percentage / Threshold: 0.7
                Self-Loop Count: 1
            
2025-06-11 14:02:33,575 - INFO - Selected  Structural Graph
2025-06-11 14:02:33,594 - INFO - Selected  Structural Graph
2025-06-11 14:02:33,633 - INFO - Selected  Structural Graph
2025-06-11 14:02:33,652 - INFO - Selected  Attribute Graph: 
                Self-Loop Weight: 1.2
                Self-Loop Percentage / Threshold: 0.7
                Self-Loop Count: 4
            
2025-06-11 14:02:33,676 - INFO - Selected  Structural Graph
2025-06-11 14:02:33,694 - INFO - Selected  Structural Graph
2025-06-11 14:02:33,704 - INFO - Selected  Attribute Graph: 
                Self-Loop Weight: 1.2
                Self-Loop Percentage / Threshold: 0.7
                Self-Loop Count: 3
            
2025-06-11 14:02:33,731 - INFO - Selected  Structural Graph
2025-06-11 14:02:33,781 - INFO - Selected  Attribute Graph: 
                Self-Loop Weight: 1.2
                Self-Loop Percentage / Threshold: 0.7
                Self-Loop Count: 8
            
2025-06-11 14:02:33,790 - INFO - Selected  Attribute Graph: 
                Self-Loop Weight: 1.2
                Self-Loop Percentage / Threshold: 0.7
                Self-Loop Count: 1
            
2025-06-11 14:02:33,803 - INFO - Selected  Structural Graph
2025-06-11 14:02:33,823 - INFO - Selected  Structural Graph
2025-06-11 14:02:33,829 - INFO - Selected  Attribute Graph: 
                Self-Loop Weight: 1.2
                Self-Loop Percentage / Threshold: 0.7
                Self-Loop Count: 2
            
2025-06-11 14:02:33,835 - INFO - Selected  Attribute Graph: 
                Self-Loop Weight: 1.2
                Self-Loop Percentage / Threshold: 0.7
                Self-Loop Count: 3
            
2025-06-11 14:02:33,874 - INFO - Selected  Structural Graph
2025-06-11 14:02:33,926 - INFO - Selected  Attribute Graph: 
                Self-Loop Weight: 1.2
                Self-Loop Percentage / Threshold: 0.7
                Self-Loop Count: 6
            
2025-06-11 14:02:33,957 - INFO - Selected  Structural Graph
2025-06-11 14:02:33,983 - INFO - Selected  Structural Graph
2025-06-11 14:02:33,992 - INFO - Selected  Structural Graph
2025-06-11 14:02:34,004 - INFO - Selected  Structural Graph
2025-06-11 14:02:34,040 - INFO - Selected  Structural Graph
2025-06-11 14:02:34,056 - INFO - Selected  Attribute Graph: 
                Self-Loop Weight: 1.2
                Self-Loop Percentage / Threshold: 0.7
                Self-Loop Count: 1
            
2025-06-11 14:02:34,149 - INFO - Selected  Attribute Graph: 
                Self-Loop Weight: 1.2
                Self-Loop Percentage / Threshold: 0.7
                Self-Loop Count: 6
            
2025-06-11 14:02:34,190 - INFO - Selected  Structural Graph
2025-06-11 14:02:34,218 - INFO - Selected  Structural Graph
2025-06-11 14:02:34,256 - INFO - Selected  Structural Graph
2025-06-11 14:02:34,264 - INFO - Selected  Attribute Graph: 
                Self-Loop Weight: 1.2
                Self-Loop Percentage / Threshold: 0.7
                Self-Loop Count: 1
            
2025-06-11 14:02:34,282 - INFO - Selected  Attribute Graph: 
                Self-Loop Weight: 1.2
                Self-Loop Percentage / Threshold: 0.7
                Self-Loop Count: 2
            
2025-06-11 14:02:34,334 - INFO - Selected  Attribute Graph: 
                Self-Loop Weight: 1.2
                Self-Loop Percentage / Threshold: 0.7
                Self-Loop Count: 1
            
2025-06-11 14:02:34,356 - INFO - Selected  Attribute Graph: 
                Self-Loop Weight: 1.2
                Self-Loop Percentage / Threshold: 0.7
                Self-Loop Count: 3
            
2025-06-11 14:02:34,380 - INFO - Selected  Attribute Graph: 
                Self-Loop Weight: 1.2
                Self-Loop Percentage / Threshold: 0.7
                Self-Loop Count: 3
            
2025-06-11 14:02:34,391 - INFO - Selected  Structural Graph
2025-06-11 14:02:34,398 - INFO - Selected  Attribute Graph: 
                Self-Loop Weight: 1.2
                Self-Loop Percentage / Threshold: 0.7
                Self-Loop Count: 3
            
2025-06-11 14:02:34,424 - INFO - Selected  Attribute Graph: 
                Self-Loop Weight: 1.2
                Self-Loop Percentage / Threshold: 0.7
                Self-Loop Count: 2
            
2025-06-11 14:02:34,436 - INFO - Selected  Attribute Graph: 
                Self-Loop Weight: 1.2
                Self-Loop Percentage / Threshold: 0.7
                Self-Loop Count: 1
            
2025-06-11 14:02:34,473 - INFO - Selected  Attribute Graph: 
                Self-Loop Weight: 1.2
                Self-Loop Percentage / Threshold: 0.7
                Self-Loop Count: 3
            
2025-06-11 14:02:34,497 - INFO - Selected  Attribute Graph: 
                Self-Loop Weight: 1.2
                Self-Loop Percentage / Threshold: 0.7
                Self-Loop Count: 7
            
2025-06-11 14:02:34,511 - INFO - Selected  Attribute Graph: 
                Self-Loop Weight: 1.2
                Self-Loop Percentage / Threshold: 0.7
                Self-Loop Count: 2
            
2025-06-11 14:02:34,526 - INFO - Selected  Attribute Graph: 
                Self-Loop Weight: 1.2
                Self-Loop Percentage / Threshold: 0.7
                Self-Loop Count: 1
            
2025-06-11 14:02:34,547 - INFO - Selected  Attribute Graph: 
                Self-Loop Weight: 1.2
                Self-Loop Percentage / Threshold: 0.7
                Self-Loop Count: 3
            
2025-06-11 14:02:34,564 - INFO - Selected  Structural Graph
2025-06-11 14:02:34,646 - INFO - Selected  Attribute Graph: 
                Self-Loop Weight: 1.2
                Self-Loop Percentage / Threshold: 0.7
                Self-Loop Count: 3
            
2025-06-11 14:02:34,670 - INFO - Selected  Structural Graph
2025-06-11 14:02:34,693 - INFO - Selected  Structural Graph
2025-06-11 14:02:34,714 - INFO - Selected  Structural Graph
2025-06-11 14:02:34,737 - INFO - Selected  Structural Graph
2025-06-11 14:02:34,766 - INFO - Selected  Structural Graph
2025-06-11 14:02:34,806 - INFO - Selected  Structural Graph
2025-06-11 14:02:34,842 - INFO - Selected  Attribute Graph: 
                Self-Loop Weight: 1.2
                Self-Loop Percentage / Threshold: 0.7
                Self-Loop Count: 4
            
2025-06-11 14:02:34,865 - INFO - Selected  Attribute Graph: 
                Self-Loop Weight: 1.2
                Self-Loop Percentage / Threshold: 0.7
                Self-Loop Count: 1
            
2025-06-11 14:02:34,879 - INFO - Selected  Attribute Graph: 
                Self-Loop Weight: 1.2
                Self-Loop Percentage / Threshold: 0.7
                Self-Loop Count: 1
            
2025-06-11 14:02:34,894 - INFO - Selected  Structural Graph
2025-06-11 14:02:34,898 - INFO - Selected  Attribute Graph: 
                Self-Loop Weight: 1.2
                Self-Loop Percentage / Threshold: 0.7
                Self-Loop Count: 2
            
2025-06-11 14:02:34,924 - INFO - Selected  Attribute Graph: 
                Self-Loop Weight: 1.2
                Self-Loop Percentage / Threshold: 0.7
                Self-Loop Count: 3
            
2025-06-11 14:02:34,936 - INFO - Selected  Attribute Graph: 
                Self-Loop Weight: 1.2
                Self-Loop Percentage / Threshold: 0.7
                Self-Loop Count: 1
            
2025-06-11 14:02:34,940 - INFO - Selected  Structural Graph
2025-06-11 14:02:34,945 - INFO - Selected  Attribute Graph: 
                Self-Loop Weight: 1.2
                Self-Loop Percentage / Threshold: 0.7
                Self-Loop Count: 5
            
2025-06-11 14:02:34,956 - INFO - Selected  Attribute Graph: 
                Self-Loop Weight: 1.2
                Self-Loop Percentage / Threshold: 0.7
                Self-Loop Count: 4
            
2025-06-11 14:02:34,966 - INFO - Selected  Attribute Graph: 
                Self-Loop Weight: 1.2
                Self-Loop Percentage / Threshold: 0.7
                Self-Loop Count: 1
            
2025-06-11 14:02:34,970 - INFO - Selected  Structural Graph
2025-06-11 14:02:34,987 - INFO - Selected  Attribute Graph: 
                Self-Loop Weight: 1.2
                Self-Loop Percentage / Threshold: 0.7
                Self-Loop Count: 3
            
2025-06-11 14:02:35,018 - INFO - Selected  Attribute Graph: 
                Self-Loop Weight: 1.2
                Self-Loop Percentage / Threshold: 0.7
                Self-Loop Count: 3
            
2025-06-11 14:02:35,058 - INFO - Selected  Attribute Graph: 
                Self-Loop Weight: 1.2
                Self-Loop Percentage / Threshold: 0.7
                Self-Loop Count: 5
            
2025-06-11 14:02:35,065 - INFO - Selected  Attribute Graph: 
                Self-Loop Weight: 1.2
                Self-Loop Percentage / Threshold: 0.7
                Self-Loop Count: 2
            
2025-06-11 14:02:35,076 - INFO - Selected  Structural Graph
2025-06-11 14:02:35,080 - INFO - Selected  Structural Graph
2025-06-11 14:02:35,123 - INFO - Selected  Structural Graph
2025-06-11 14:02:35,148 - INFO - Selected  Attribute Graph: 
                Self-Loop Weight: 1.2
                Self-Loop Percentage / Threshold: 0.7
                Self-Loop Count: 4
            
2025-06-11 14:02:35,156 - INFO - Selected  Structural Graph
2025-06-11 14:02:35,189 - INFO - Selected  Attribute Graph: 
                Self-Loop Weight: 1.2
                Self-Loop Percentage / Threshold: 0.7
                Self-Loop Count: 3
            
2025-06-11 14:02:35,202 - INFO - Selected  Attribute Graph: 
                Self-Loop Weight: 1.2
                Self-Loop Percentage / Threshold: 0.7
                Self-Loop Count: 5
            
2025-06-11 14:02:35,207 - INFO - Selected  Attribute Graph: 
                Self-Loop Weight: 1.2
                Self-Loop Percentage / Threshold: 0.7
                Self-Loop Count: 1
            
2025-06-11 14:02:35,268 - INFO - Selected  Attribute Graph: 
                Self-Loop Weight: 1.2
                Self-Loop Percentage / Threshold: 0.7
                Self-Loop Count: 2
            
2025-06-11 14:02:35,278 - INFO - Selected  Structural Graph
2025-06-11 14:02:35,288 - INFO - Selected  Attribute Graph: 
                Self-Loop Weight: 1.2
                Self-Loop Percentage / Threshold: 0.7
                Self-Loop Count: 2
            
2025-06-11 14:02:35,303 - INFO - Selected  Structural Graph
2025-06-11 14:02:35,326 - INFO - Selected  Structural Graph
2025-06-11 14:02:35,347 - INFO - Selected  Attribute Graph: 
                Self-Loop Weight: 1.2
                Self-Loop Percentage / Threshold: 0.7
                Self-Loop Count: 4
            
2025-06-11 14:02:35,368 - INFO - Selected  Structural Graph
2025-06-11 14:02:35,398 - INFO - Selected  Structural Graph
2025-06-11 14:02:35,420 - INFO - Selected  Structural Graph
2025-06-11 14:02:35,434 - INFO - Selected  Attribute Graph: 
                Self-Loop Weight: 1.2
                Self-Loop Percentage / Threshold: 0.7
                Self-Loop Count: 2
            
2025-06-11 14:02:35,451 - INFO - Selected  Attribute Graph: 
                Self-Loop Weight: 1.2
                Self-Loop Percentage / Threshold: 0.7
                Self-Loop Count: 2
            
2025-06-11 14:02:35,460 - INFO - Selected  Structural Graph
2025-06-11 14:02:35,469 - INFO - Selected  Structural Graph
2025-06-11 14:02:35,479 - INFO - Selected  Structural Graph
2025-06-11 14:02:35,516 - INFO - Selected  Attribute Graph: 
                Self-Loop Weight: 1.2
                Self-Loop Percentage / Threshold: 0.7
                Self-Loop Count: 1
            
2025-06-11 14:02:35,521 - INFO - Selected  Structural Graph
2025-06-11 14:02:35,526 - INFO - Selected  Structural Graph
2025-06-11 14:02:35,547 - INFO - Selected  Attribute Graph: 
                Self-Loop Weight: 1.2
                Self-Loop Percentage / Threshold: 0.7
                Self-Loop Count: 1
            
2025-06-11 14:02:35,558 - INFO - Selected  Attribute Graph: 
                Self-Loop Weight: 1.2
                Self-Loop Percentage / Threshold: 0.7
                Self-Loop Count: 1
            
2025-06-11 14:02:35,563 - INFO - Selected  Structural Graph
2025-06-11 14:02:35,624 - INFO - Selected  Structural Graph
2025-06-11 14:02:35,631 - INFO - Selected  Attribute Graph: 
                Self-Loop Weight: 1.2
                Self-Loop Percentage / Threshold: 0.7
                Self-Loop Count: 2
            
2025-06-11 14:02:35,648 - INFO - Selected  Attribute Graph: 
                Self-Loop Weight: 1.2
                Self-Loop Percentage / Threshold: 0.7
                Self-Loop Count: 3
            
2025-06-11 14:02:35,656 - INFO - Selected  Attribute Graph: 
                Self-Loop Weight: 1.2
                Self-Loop Percentage / Threshold: 0.7
                Self-Loop Count: 1
            
2025-06-11 14:02:35,679 - INFO - Selected  Attribute Graph: 
                Self-Loop Weight: 1.2
                Self-Loop Percentage / Threshold: 0.7
                Self-Loop Count: 1
            
2025-06-11 14:02:35,690 - INFO - Selected  Attribute Graph: 
                Self-Loop Weight: 1.2
                Self-Loop Percentage / Threshold: 0.7
                Self-Loop Count: 5
            
2025-06-11 14:02:35,757 - INFO - Selected  Attribute Graph: 
                Self-Loop Weight: 1.2
                Self-Loop Percentage / Threshold: 0.7
                Self-Loop Count: 1
            
2025-06-11 14:02:35,790 - INFO - Selected  Structural Graph
2025-06-11 14:02:35,793 - INFO - Selected  Attribute Graph: 
                Self-Loop Weight: 1.2
                Self-Loop Percentage / Threshold: 0.7
                Self-Loop Count: 1
            
2025-06-11 14:02:35,801 - INFO - Selected  Structural Graph
2025-06-11 14:02:35,815 - INFO - Selected  Structural Graph
2025-06-11 14:02:35,852 - INFO - Selected  Attribute Graph: 
                Self-Loop Weight: 1.2
                Self-Loop Percentage / Threshold: 0.7
                Self-Loop Count: 4
            
2025-06-11 14:02:35,957 - INFO - Selected  Structural Graph
2025-06-11 14:02:35,983 - INFO - Selected  Attribute Graph: 
                Self-Loop Weight: 1.2
                Self-Loop Percentage / Threshold: 0.7
                Self-Loop Count: 3
            
2025-06-11 14:02:35,997 - INFO - Selected  Structural Graph
2025-06-11 14:02:36,030 - INFO - Selected  Attribute Graph: 
                Self-Loop Weight: 1.2
                Self-Loop Percentage / Threshold: 0.7
                Self-Loop Count: 1
            
2025-06-11 14:02:36,043 - INFO - Selected  Attribute Graph: 
                Self-Loop Weight: 1.2
                Self-Loop Percentage / Threshold: 0.7
                Self-Loop Count: 2
            
2025-06-11 14:02:36,058 - INFO - Selected  Attribute Graph: 
                Self-Loop Weight: 1.2
                Self-Loop Percentage / Threshold: 0.7
                Self-Loop Count: 1
            
2025-06-11 14:02:36,076 - INFO - Selected  Attribute Graph: 
                Self-Loop Weight: 1.2
                Self-Loop Percentage / Threshold: 0.7
                Self-Loop Count: 2
            
2025-06-11 14:02:36,089 - INFO - Selected  Attribute Graph: 
                Self-Loop Weight: 1.2
                Self-Loop Percentage / Threshold: 0.7
                Self-Loop Count: 4
            
2025-06-11 14:02:36,142 - INFO - Selected  Attribute Graph: 
                Self-Loop Weight: 1.2
                Self-Loop Percentage / Threshold: 0.7
                Self-Loop Count: 2
            
2025-06-11 14:02:36,163 - INFO - Selected  Attribute Graph: 
                Self-Loop Weight: 1.2
                Self-Loop Percentage / Threshold: 0.7
                Self-Loop Count: 3
            
2025-06-11 14:02:36,184 - INFO - Selected  Structural Graph
2025-06-11 14:02:36,205 - INFO - Selected  Attribute Graph: 
                Self-Loop Weight: 1.2
                Self-Loop Percentage / Threshold: 0.7
                Self-Loop Count: 1
            
2025-06-11 14:02:36,223 - INFO - Selected  Attribute Graph: 
                Self-Loop Weight: 1.2
                Self-Loop Percentage / Threshold: 0.7
                Self-Loop Count: 1
            
2025-06-11 14:02:36,262 - INFO - Selected  Structural Graph
2025-06-11 14:02:36,309 - INFO - Selected  Structural Graph
2025-06-11 14:02:36,338 - INFO - Selected  Attribute Graph: 
                Self-Loop Weight: 1.2
                Self-Loop Percentage / Threshold: 0.7
                Self-Loop Count: 2
            
2025-06-11 14:02:36,360 - INFO - Selected  Structural Graph
2025-06-11 14:02:36,370 - INFO - Selected  Structural Graph
2025-06-11 14:02:36,395 - INFO - Selected  Structural Graph
2025-06-11 14:02:36,402 - INFO - Selected  Structural Graph
2025-06-11 14:02:36,412 - INFO - Selected  Structural Graph
2025-06-11 14:02:36,469 - INFO - Selected  Attribute Graph: 
                Self-Loop Weight: 1.2
                Self-Loop Percentage / Threshold: 0.7
                Self-Loop Count: 2
            
2025-06-11 14:02:36,482 - INFO - Selected  Attribute Graph: 
                Self-Loop Weight: 1.2
                Self-Loop Percentage / Threshold: 0.7
                Self-Loop Count: 1
            
2025-06-11 14:02:36,512 - INFO - Selected  Attribute Graph: 
                Self-Loop Weight: 1.2
                Self-Loop Percentage / Threshold: 0.7
                Self-Loop Count: 2
            
2025-06-11 14:02:36,533 - INFO - Selected  Attribute Graph: 
                Self-Loop Weight: 1.2
                Self-Loop Percentage / Threshold: 0.7
                Self-Loop Count: 2
            
2025-06-11 14:02:36,545 - INFO - Selected  Structural Graph
2025-06-11 14:02:36,575 - INFO - Selected  Attribute Graph: 
                Self-Loop Weight: 1.2
                Self-Loop Percentage / Threshold: 0.7
                Self-Loop Count: 2
            
2025-06-11 14:02:36,592 - INFO - Selected  Attribute Graph: 
                Self-Loop Weight: 1.2
                Self-Loop Percentage / Threshold: 0.7
                Self-Loop Count: 5
            
2025-06-11 14:02:36,617 - INFO - Selected  Attribute Graph: 
                Self-Loop Weight: 1.2
                Self-Loop Percentage / Threshold: 0.7
                Self-Loop Count: 3
            
2025-06-11 14:02:36,647 - INFO - Selected  Attribute Graph: 
                Self-Loop Weight: 1.2
                Self-Loop Percentage / Threshold: 0.7
                Self-Loop Count: 4
            
2025-06-11 14:02:36,665 - INFO - Selected  Attribute Graph: 
                Self-Loop Weight: 1.2
                Self-Loop Percentage / Threshold: 0.7
                Self-Loop Count: 2
            
2025-06-11 14:02:36,674 - INFO - Selected  Attribute Graph: 
                Self-Loop Weight: 1.2
                Self-Loop Percentage / Threshold: 0.7
                Self-Loop Count: 2
            
2025-06-11 14:02:36,769 - INFO - Selected  Structural Graph
2025-06-11 14:02:36,795 - INFO - Selected  Structural Graph
2025-06-11 14:02:36,812 - INFO - Selected  Structural Graph
2025-06-11 14:02:36,847 - INFO - Selected  Structural Graph
2025-06-11 14:02:36,874 - INFO - Selected  Attribute Graph: 
                Self-Loop Weight: 1.2
                Self-Loop Percentage / Threshold: 0.7
                Self-Loop Count: 1
            
2025-06-11 14:02:36,888 - INFO - Selected  Attribute Graph: 
                Self-Loop Weight: 1.2
                Self-Loop Percentage / Threshold: 0.7
                Self-Loop Count: 6
            
2025-06-11 14:02:36,917 - INFO - Selected  Attribute Graph: 
                Self-Loop Weight: 1.2
                Self-Loop Percentage / Threshold: 0.7
                Self-Loop Count: 2
            
2025-06-11 14:02:37,016 - INFO - Selected  Structural Graph
2025-06-11 14:02:37,063 - INFO - Selected  Structural Graph
2025-06-11 14:02:37,095 - INFO - Selected  Attribute Graph: 
                Self-Loop Weight: 1.2
                Self-Loop Percentage / Threshold: 0.7
                Self-Loop Count: 5
            
2025-06-11 14:02:37,129 - INFO - Selected  Attribute Graph: 
                Self-Loop Weight: 1.2
                Self-Loop Percentage / Threshold: 0.7
                Self-Loop Count: 3
            
2025-06-11 14:02:37,217 - INFO - Selected  Attribute Graph: 
                Self-Loop Weight: 1.2
                Self-Loop Percentage / Threshold: 0.7
                Self-Loop Count: 2
            
2025-06-11 14:02:37,230 - INFO - Selected  Structural Graph
2025-06-11 14:02:37,254 - INFO - Selected  Attribute Graph: 
                Self-Loop Weight: 1.2
                Self-Loop Percentage / Threshold: 0.7
                Self-Loop Count: 2
            
2025-06-11 14:02:37,259 - INFO - Selected  Structural Graph
2025-06-11 14:02:37,284 - INFO - Selected  Attribute Graph: 
                Self-Loop Weight: 1.2
                Self-Loop Percentage / Threshold: 0.7
                Self-Loop Count: 1
            
2025-06-11 14:02:37,294 - INFO - Selected  Structural Graph
2025-06-11 14:02:37,318 - INFO - Selected  Structural Graph
2025-06-11 14:02:37,328 - INFO - Selected  Structural Graph
2025-06-11 14:02:37,371 - INFO - Selected  Attribute Graph: 
                Self-Loop Weight: 1.2
                Self-Loop Percentage / Threshold: 0.7
                Self-Loop Count: 2
            
2025-06-11 14:02:37,436 - INFO - Selected  Structural Graph
2025-06-11 14:02:37,451 - INFO - Selected  Attribute Graph: 
                Self-Loop Weight: 1.2
                Self-Loop Percentage / Threshold: 0.7
                Self-Loop Count: 1
            
2025-06-11 14:02:37,498 - INFO - Selected  Structural Graph
2025-06-11 14:02:37,588 - INFO - Selected  Structural Graph
2025-06-11 14:02:37,601 - INFO - Selected  Attribute Graph: 
                Self-Loop Weight: 1.2
                Self-Loop Percentage / Threshold: 0.7
                Self-Loop Count: 8
            
2025-06-11 14:02:37,655 - INFO - Selected  Structural Graph
2025-06-11 14:02:37,750 - INFO - Selected  Attribute Graph: 
                Self-Loop Weight: 1.2
                Self-Loop Percentage / Threshold: 0.7
                Self-Loop Count: 4
            
2025-06-11 14:02:37,776 - INFO - Selected  Structural Graph
2025-06-11 14:02:37,798 - INFO - Selected  Structural Graph
2025-06-11 14:02:37,821 - INFO - Selected  Attribute Graph: 
                Self-Loop Weight: 1.2
                Self-Loop Percentage / Threshold: 0.7
                Self-Loop Count: 2
            
2025-06-11 14:02:37,850 - INFO - Selected  Attribute Graph: 
                Self-Loop Weight: 1.2
                Self-Loop Percentage / Threshold: 0.7
                Self-Loop Count: 5
            
2025-06-11 14:02:37,868 - INFO - Selected  Structural Graph
2025-06-11 14:02:37,948 - INFO - Selected  Attribute Graph: 
                Self-Loop Weight: 1.2
                Self-Loop Percentage / Threshold: 0.7
                Self-Loop Count: 2
            
2025-06-11 14:02:37,962 - INFO - Selected  Attribute Graph: 
                Self-Loop Weight: 1.2
                Self-Loop Percentage / Threshold: 0.7
                Self-Loop Count: 5
            
2025-06-11 14:02:37,993 - INFO - Selected  Structural Graph
2025-06-11 14:02:38,032 - INFO - Selected  Attribute Graph: 
                Self-Loop Weight: 1.2
                Self-Loop Percentage / Threshold: 0.7
                Self-Loop Count: 2
            
2025-06-11 14:02:38,065 - INFO - Selected  Structural Graph
2025-06-11 14:02:38,158 - INFO - Selected  Structural Graph
2025-06-11 14:02:38,181 - INFO - Selected  Attribute Graph: 
                Self-Loop Weight: 1.2
                Self-Loop Percentage / Threshold: 0.7
                Self-Loop Count: 3
            
2025-06-11 14:02:38,198 - INFO - Selected  Attribute Graph: 
                Self-Loop Weight: 1.2
                Self-Loop Percentage / Threshold: 0.7
                Self-Loop Count: 1
            
2025-06-11 14:02:38,230 - INFO - Selected  Attribute Graph: 
                Self-Loop Weight: 1.2
                Self-Loop Percentage / Threshold: 0.7
                Self-Loop Count: 4
            
2025-06-11 14:02:38,256 - INFO - Selected  Attribute Graph: 
                Self-Loop Weight: 1.2
                Self-Loop Percentage / Threshold: 0.7
                Self-Loop Count: 11
            
2025-06-11 14:02:38,275 - INFO - Selected  Structural Graph
2025-06-11 14:02:38,329 - INFO - Selected  Attribute Graph: 
                Self-Loop Weight: 1.2
                Self-Loop Percentage / Threshold: 0.7
                Self-Loop Count: 3
            
2025-06-11 14:02:38,390 - INFO - Selected  Structural Graph
2025-06-11 14:02:38,408 - INFO - Selected  Attribute Graph: 
                Self-Loop Weight: 1.2
                Self-Loop Percentage / Threshold: 0.7
                Self-Loop Count: 6
            
2025-06-11 14:02:38,439 - INFO - Selected  Structural Graph
2025-06-11 14:02:38,456 - INFO - Selected  Structural Graph
2025-06-11 14:02:38,472 - INFO - Selected  Structural Graph
2025-06-11 14:02:38,496 - INFO - Selected  Attribute Graph: 
                Self-Loop Weight: 1.2
                Self-Loop Percentage / Threshold: 0.7
                Self-Loop Count: 4
            
2025-06-11 14:02:38,554 - INFO - Selected  Structural Graph
2025-06-11 14:02:38,576 - INFO - Selected  Attribute Graph: 
                Self-Loop Weight: 1.2
                Self-Loop Percentage / Threshold: 0.7
                Self-Loop Count: 5
            
2025-06-11 14:02:38,605 - INFO - Selected  Attribute Graph: 
                Self-Loop Weight: 1.2
                Self-Loop Percentage / Threshold: 0.7
                Self-Loop Count: 2
            
2025-06-11 14:02:38,629 - INFO - Selected  Attribute Graph: 
                Self-Loop Weight: 1.2
                Self-Loop Percentage / Threshold: 0.7
                Self-Loop Count: 1
            
2025-06-11 14:02:38,639 - INFO - Selected  Structural Graph
2025-06-11 14:02:38,661 - INFO - Selected  Attribute Graph: 
                Self-Loop Weight: 1.2
                Self-Loop Percentage / Threshold: 0.7
                Self-Loop Count: 1
            
2025-06-11 14:02:38,789 - INFO - Selected  Attribute Graph: 
                Self-Loop Weight: 1.2
                Self-Loop Percentage / Threshold: 0.7
                Self-Loop Count: 1
            
2025-06-11 14:02:38,803 - INFO - Selected  Structural Graph
2025-06-11 14:02:38,822 - INFO - Selected  Structural Graph
2025-06-11 14:02:38,858 - INFO - Selected  Attribute Graph: 
                Self-Loop Weight: 1.2
                Self-Loop Percentage / Threshold: 0.7
                Self-Loop Count: 7
            
2025-06-11 14:02:38,881 - INFO - Selected  Structural Graph
2025-06-11 14:02:38,912 - INFO - Selected  Structural Graph
2025-06-11 14:02:38,938 - INFO - Selected  Attribute Graph: 
                Self-Loop Weight: 1.2
                Self-Loop Percentage / Threshold: 0.7
                Self-Loop Count: 4
            
2025-06-11 14:02:39,027 - INFO - Selected  Attribute Graph: 
                Self-Loop Weight: 1.2
                Self-Loop Percentage / Threshold: 0.7
                Self-Loop Count: 10
            
2025-06-11 14:02:39,085 - INFO - Selected  Structural Graph
2025-06-11 14:02:39,113 - INFO - Selected  Attribute Graph: 
                Self-Loop Weight: 1.2
                Self-Loop Percentage / Threshold: 0.7
                Self-Loop Count: 4
            
2025-06-11 14:02:39,125 - INFO - Selected  Attribute Graph: 
                Self-Loop Weight: 1.2
                Self-Loop Percentage / Threshold: 0.7
                Self-Loop Count: 5
            
2025-06-11 14:02:39,142 - INFO - Selected  Attribute Graph: 
                Self-Loop Weight: 1.2
                Self-Loop Percentage / Threshold: 0.7
                Self-Loop Count: 6
            
2025-06-11 14:02:39,156 - INFO - Selected  Attribute Graph: 
                Self-Loop Weight: 1.2
                Self-Loop Percentage / Threshold: 0.7
                Self-Loop Count: 3
            
2025-06-11 14:02:39,238 - INFO - Selected  Structural Graph
2025-06-11 14:02:39,251 - INFO - Selected  Attribute Graph: 
                Self-Loop Weight: 1.2
                Self-Loop Percentage / Threshold: 0.7
                Self-Loop Count: 1
            
2025-06-11 14:02:39,281 - INFO - Selected  Attribute Graph: 
                Self-Loop Weight: 1.2
                Self-Loop Percentage / Threshold: 0.7
                Self-Loop Count: 1
            
2025-06-11 14:02:39,297 - INFO - Selected  Attribute Graph: 
                Self-Loop Weight: 1.2
                Self-Loop Percentage / Threshold: 0.7
                Self-Loop Count: 3
            
2025-06-11 14:02:39,312 - INFO - Selected  Attribute Graph: 
                Self-Loop Weight: 1.2
                Self-Loop Percentage / Threshold: 0.7
                Self-Loop Count: 5
            
2025-06-11 14:02:39,332 - INFO - Selected  Structural Graph
2025-06-11 14:02:39,363 - INFO - Selected  Structural Graph
2025-06-11 14:02:39,475 - INFO - Selected  Attribute Graph: 
                Self-Loop Weight: 1.2
                Self-Loop Percentage / Threshold: 0.7
                Self-Loop Count: 1
            
2025-06-11 14:02:39,507 - INFO - Selected  Attribute Graph: 
                Self-Loop Weight: 1.2
                Self-Loop Percentage / Threshold: 0.7
                Self-Loop Count: 1
            
2025-06-11 14:02:39,533 - INFO - Selected  Attribute Graph: 
                Self-Loop Weight: 1.2
                Self-Loop Percentage / Threshold: 0.7
                Self-Loop Count: 3
            
2025-06-11 14:02:39,553 - INFO - Selected  Structural Graph
2025-06-11 14:02:39,565 - INFO - Selected  Attribute Graph: 
                Self-Loop Weight: 1.2
                Self-Loop Percentage / Threshold: 0.7
                Self-Loop Count: 2
            
2025-06-11 14:02:39,591 - INFO - Selected  Attribute Graph: 
                Self-Loop Weight: 1.2
                Self-Loop Percentage / Threshold: 0.7
                Self-Loop Count: 4
            
2025-06-11 14:02:39,681 - INFO - Selected  Structural Graph
2025-06-11 14:02:39,717 - INFO - Selected  Structural Graph
2025-06-11 14:02:39,736 - INFO - Selected  Attribute Graph: 
                Self-Loop Weight: 1.2
                Self-Loop Percentage / Threshold: 0.7
                Self-Loop Count: 1
            
2025-06-11 14:02:39,765 - INFO - Selected  Attribute Graph: 
                Self-Loop Weight: 1.2
                Self-Loop Percentage / Threshold: 0.7
                Self-Loop Count: 5
            
2025-06-11 14:02:39,790 - INFO - Selected  Attribute Graph: 
                Self-Loop Weight: 1.2
                Self-Loop Percentage / Threshold: 0.7
                Self-Loop Count: 1
            
2025-06-11 14:02:39,806 - INFO - Selected  Attribute Graph: 
                Self-Loop Weight: 1.2
                Self-Loop Percentage / Threshold: 0.7
                Self-Loop Count: 1
            
2025-06-11 14:02:39,830 - INFO - Selected  Attribute Graph: 
                Self-Loop Weight: 1.2
                Self-Loop Percentage / Threshold: 0.7
                Self-Loop Count: 5
            
2025-06-11 14:02:39,873 - INFO - Selected  Attribute Graph: 
                Self-Loop Weight: 1.2
                Self-Loop Percentage / Threshold: 0.7
                Self-Loop Count: 3
            
2025-06-11 14:02:39,936 - INFO - Selected  Attribute Graph: 
                Self-Loop Weight: 1.2
                Self-Loop Percentage / Threshold: 0.7
                Self-Loop Count: 1
            
2025-06-11 14:02:39,946 - INFO - Selected  Attribute Graph: 
                Self-Loop Weight: 1.2
                Self-Loop Percentage / Threshold: 0.7
                Self-Loop Count: 6
            
2025-06-11 14:02:39,959 - INFO - Selected  Attribute Graph: 
                Self-Loop Weight: 1.2
                Self-Loop Percentage / Threshold: 0.7
                Self-Loop Count: 1
            
2025-06-11 14:02:39,989 - INFO - Selected  Attribute Graph: 
                Self-Loop Weight: 1.2
                Self-Loop Percentage / Threshold: 0.7
                Self-Loop Count: 4
            
2025-06-11 14:02:40,003 - INFO - Selected  Attribute Graph: 
                Self-Loop Weight: 1.2
                Self-Loop Percentage / Threshold: 0.7
                Self-Loop Count: 2
            
2025-06-11 14:02:40,019 - INFO - Selected  Attribute Graph: 
                Self-Loop Weight: 1.2
                Self-Loop Percentage / Threshold: 0.7
                Self-Loop Count: 5
            
2025-06-11 14:02:40,046 - INFO - Selected  Attribute Graph: 
                Self-Loop Weight: 1.2
                Self-Loop Percentage / Threshold: 0.7
                Self-Loop Count: 1
            
2025-06-11 14:02:40,071 - INFO - Selected  Structural Graph
2025-06-11 14:02:40,093 - INFO - Selected  Attribute Graph: 
                Self-Loop Weight: 1.2
                Self-Loop Percentage / Threshold: 0.7
                Self-Loop Count: 2
            
2025-06-11 14:02:40,122 - INFO - Selected  Structural Graph
2025-06-11 14:02:40,157 - INFO - Selected  Attribute Graph: 
                Self-Loop Weight: 1.2
                Self-Loop Percentage / Threshold: 0.7
                Self-Loop Count: 2
            
2025-06-11 14:02:40,210 - INFO - Selected  Structural Graph
2025-06-11 14:02:40,233 - INFO - Selected  Structural Graph
2025-06-11 14:02:40,260 - INFO - Selected  Structural Graph
2025-06-11 14:02:40,290 - INFO - Selected  Structural Graph
2025-06-11 14:02:40,380 - INFO - Selected  Attribute Graph: 
                Self-Loop Weight: 1.2
                Self-Loop Percentage / Threshold: 0.7
                Self-Loop Count: 2
            
2025-06-11 14:02:40,407 - INFO - Selected  Structural Graph
2025-06-11 14:02:40,441 - INFO - Selected  Structural Graph
2025-06-11 14:02:40,498 - INFO - Selected  Structural Graph
2025-06-11 14:02:40,518 - INFO - Selected  Structural Graph
2025-06-11 14:02:40,546 - INFO - Selected  Attribute Graph: 
                Self-Loop Weight: 1.2
                Self-Loop Percentage / Threshold: 0.7
                Self-Loop Count: 2
            
2025-06-11 14:02:40,555 - INFO - Selected  Attribute Graph: 
                Self-Loop Weight: 1.2
                Self-Loop Percentage / Threshold: 0.7
                Self-Loop Count: 2
            
2025-06-11 14:02:40,573 - INFO - Selected  Structural Graph
2025-06-11 14:02:40,584 - INFO - Selected  Attribute Graph: 
                Self-Loop Weight: 1.2
                Self-Loop Percentage / Threshold: 0.7
                Self-Loop Count: 3
            
2025-06-11 14:02:40,612 - INFO - Selected  Attribute Graph: 
                Self-Loop Weight: 1.2
                Self-Loop Percentage / Threshold: 0.7
                Self-Loop Count: 2
            
2025-06-11 14:02:40,640 - INFO - Selected  Attribute Graph: 
                Self-Loop Weight: 1.2
                Self-Loop Percentage / Threshold: 0.7
                Self-Loop Count: 2
            
2025-06-11 14:02:40,669 - INFO - Selected  Structural Graph
2025-06-11 14:02:40,697 - INFO - Selected  Attribute Graph: 
                Self-Loop Weight: 1.2
                Self-Loop Percentage / Threshold: 0.7
                Self-Loop Count: 3
            
2025-06-11 14:02:40,724 - INFO - Selected  Structural Graph
2025-06-11 14:02:40,764 - INFO - Selected  Attribute Graph: 
                Self-Loop Weight: 1.2
                Self-Loop Percentage / Threshold: 0.7
                Self-Loop Count: 2
            
2025-06-11 14:02:40,802 - INFO - Selected  Structural Graph
2025-06-11 14:02:40,820 - INFO - Selected  Attribute Graph: 
                Self-Loop Weight: 1.2
                Self-Loop Percentage / Threshold: 0.7
                Self-Loop Count: 3
            
2025-06-11 14:02:40,864 - INFO - Selected  Attribute Graph: 
                Self-Loop Weight: 1.2
                Self-Loop Percentage / Threshold: 0.7
                Self-Loop Count: 2
            
2025-06-11 14:02:40,938 - INFO - Selected  Attribute Graph: 
                Self-Loop Weight: 1.2
                Self-Loop Percentage / Threshold: 0.7
                Self-Loop Count: 6
            
2025-06-11 14:02:41,016 - INFO - Selected  Structural Graph
2025-06-11 14:02:41,035 - INFO - Selected  Structural Graph
2025-06-11 14:02:41,071 - INFO - Selected  Attribute Graph: 
                Self-Loop Weight: 1.2
                Self-Loop Percentage / Threshold: 0.7
                Self-Loop Count: 1
            
2025-06-11 14:02:41,225 - INFO - Selected  Attribute Graph: 
                Self-Loop Weight: 1.2
                Self-Loop Percentage / Threshold: 0.7
                Self-Loop Count: 4
            
2025-06-11 14:02:41,243 - INFO - Selected  Attribute Graph: 
                Self-Loop Weight: 1.2
                Self-Loop Percentage / Threshold: 0.7
                Self-Loop Count: 4
            
2025-06-11 14:02:41,257 - INFO - Selected  Structural Graph
2025-06-11 14:02:41,274 - INFO - Selected  Attribute Graph: 
                Self-Loop Weight: 1.2
                Self-Loop Percentage / Threshold: 0.7
                Self-Loop Count: 2
            
2025-06-11 14:02:41,303 - INFO - Selected  Attribute Graph: 
                Self-Loop Weight: 1.2
                Self-Loop Percentage / Threshold: 0.7
                Self-Loop Count: 1
            
2025-06-11 14:02:41,344 - INFO - Selected  Structural Graph
2025-06-11 14:02:41,359 - INFO - Selected  Attribute Graph: 
                Self-Loop Weight: 1.2
                Self-Loop Percentage / Threshold: 0.7
                Self-Loop Count: 3
            
2025-06-11 14:02:41,381 - INFO - Selected  Structural Graph
2025-06-11 14:02:41,409 - INFO - Selected  Structural Graph
2025-06-11 14:02:41,521 - INFO - Selected  Attribute Graph: 
                Self-Loop Weight: 1.2
                Self-Loop Percentage / Threshold: 0.7
                Self-Loop Count: 3
            
2025-06-11 14:02:41,539 - INFO - Selected  Structural Graph
2025-06-11 14:02:41,561 - INFO - Selected  Attribute Graph: 
                Self-Loop Weight: 1.2
                Self-Loop Percentage / Threshold: 0.7
                Self-Loop Count: 5
            
2025-06-11 14:02:41,614 - INFO - Selected  Structural Graph
2025-06-11 14:02:41,679 - INFO - Selected  Attribute Graph: 
                Self-Loop Weight: 1.2
                Self-Loop Percentage / Threshold: 0.7
                Self-Loop Count: 2
            
2025-06-11 14:02:41,712 - INFO - Selected  Structural Graph
2025-06-11 14:02:41,737 - INFO - Selected  Structural Graph
2025-06-11 14:02:41,787 - INFO - Selected  Attribute Graph: 
                Self-Loop Weight: 1.2
                Self-Loop Percentage / Threshold: 0.7
                Self-Loop Count: 1
            
2025-06-11 14:02:41,812 - INFO - Selected  Attribute Graph: 
                Self-Loop Weight: 1.2
                Self-Loop Percentage / Threshold: 0.7
                Self-Loop Count: 2
            
2025-06-11 14:02:41,836 - INFO - Selected  Structural Graph
2025-06-11 14:02:41,861 - INFO - Selected  Structural Graph
2025-06-11 14:02:41,910 - INFO - Selected  Attribute Graph: 
                Self-Loop Weight: 1.2
                Self-Loop Percentage / Threshold: 0.7
                Self-Loop Count: 5
            
2025-06-11 14:02:41,959 - INFO - Selected  Structural Graph
2025-06-11 14:02:41,975 - INFO - Selected  Attribute Graph: 
                Self-Loop Weight: 1.2
                Self-Loop Percentage / Threshold: 0.7
                Self-Loop Count: 2
            
2025-06-11 14:02:42,002 - INFO - Selected  Structural Graph
2025-06-11 14:02:42,014 - INFO - Selected  Structural Graph
2025-06-11 14:02:42,038 - INFO - Selected  Attribute Graph: 
                Self-Loop Weight: 1.2
                Self-Loop Percentage / Threshold: 0.7
                Self-Loop Count: 6
            
2025-06-11 14:02:42,060 - INFO - Selected  Structural Graph
2025-06-11 14:02:42,073 - INFO - Selected  Structural Graph
2025-06-11 14:02:42,096 - INFO - Selected  Structural Graph
2025-06-11 14:02:42,116 - INFO - Selected  Structural Graph
2025-06-11 14:02:42,139 - INFO - Selected  Attribute Graph: 
                Self-Loop Weight: 1.2
                Self-Loop Percentage / Threshold: 0.7
                Self-Loop Count: 3
            
2025-06-11 14:02:42,149 - INFO - Selected  Structural Graph
2025-06-11 14:02:42,175 - INFO - Selected  Attribute Graph: 
                Self-Loop Weight: 1.2
                Self-Loop Percentage / Threshold: 0.7
                Self-Loop Count: 2
            
2025-06-11 14:02:42,209 - INFO - Selected  Attribute Graph: 
                Self-Loop Weight: 1.2
                Self-Loop Percentage / Threshold: 0.7
                Self-Loop Count: 5
            
2025-06-11 14:02:42,236 - INFO - Selected  Structural Graph
2025-06-11 14:02:42,255 - INFO - Selected  Structural Graph
2025-06-11 14:02:42,317 - INFO - Selected  Structural Graph
2025-06-11 14:02:42,363 - INFO - Selected  Attribute Graph: 
                Self-Loop Weight: 1.2
                Self-Loop Percentage / Threshold: 0.7
                Self-Loop Count: 2
            
2025-06-11 14:02:42,390 - INFO - Selected  Attribute Graph: 
                Self-Loop Weight: 1.2
                Self-Loop Percentage / Threshold: 0.7
                Self-Loop Count: 3
            
2025-06-11 14:02:42,484 - INFO - Selected  Attribute Graph: 
                Self-Loop Weight: 1.2
                Self-Loop Percentage / Threshold: 0.7
                Self-Loop Count: 3
            
2025-06-11 14:02:42,499 - INFO - Selected  Attribute Graph: 
                Self-Loop Weight: 1.2
                Self-Loop Percentage / Threshold: 0.7
                Self-Loop Count: 3
            
2025-06-11 14:02:42,512 - INFO - Selected  Attribute Graph: 
                Self-Loop Weight: 1.2
                Self-Loop Percentage / Threshold: 0.7
                Self-Loop Count: 1
            
2025-06-11 14:02:42,540 - INFO - Selected  Attribute Graph: 
                Self-Loop Weight: 1.2
                Self-Loop Percentage / Threshold: 0.7
                Self-Loop Count: 1
            
2025-06-11 14:02:42,577 - INFO - Selected  Structural Graph
2025-06-11 14:02:42,592 - INFO - Selected  Structural Graph
2025-06-11 14:02:42,672 - INFO - Selected  Structural Graph
2025-06-11 14:02:42,691 - INFO - Selected  Structural Graph
2025-06-11 14:02:42,715 - INFO - Selected  Structural Graph
2025-06-11 14:02:42,735 - INFO - Selected  Attribute Graph: 
                Self-Loop Weight: 1.2
                Self-Loop Percentage / Threshold: 0.7
                Self-Loop Count: 4
            
2025-06-11 14:02:42,763 - INFO - Selected  Attribute Graph: 
                Self-Loop Weight: 1.2
                Self-Loop Percentage / Threshold: 0.7
                Self-Loop Count: 4
            
2025-06-11 14:02:42,791 - INFO - Selected  Structural Graph
2025-06-11 14:02:42,805 - INFO - Selected  Structural Graph
2025-06-11 14:02:42,856 - INFO - Selected  Attribute Graph: 
                Self-Loop Weight: 1.2
                Self-Loop Percentage / Threshold: 0.7
                Self-Loop Count: 2
            
2025-06-11 14:02:42,885 - INFO - Selected  Attribute Graph: 
                Self-Loop Weight: 1.2
                Self-Loop Percentage / Threshold: 0.7
                Self-Loop Count: 2
            
2025-06-11 14:02:42,917 - INFO - Selected  Structural Graph
2025-06-11 14:02:42,944 - INFO - Selected  Attribute Graph: 
                Self-Loop Weight: 1.2
                Self-Loop Percentage / Threshold: 0.7
                Self-Loop Count: 1
            
2025-06-11 14:02:42,970 - INFO - Selected  Structural Graph
2025-06-11 14:02:42,997 - INFO - Selected  Attribute Graph: 
                Self-Loop Weight: 1.2
                Self-Loop Percentage / Threshold: 0.7
                Self-Loop Count: 4
            
2025-06-11 14:02:43,030 - INFO - Selected  Attribute Graph: 
                Self-Loop Weight: 1.2
                Self-Loop Percentage / Threshold: 0.7
                Self-Loop Count: 3
            
2025-06-11 14:02:43,092 - INFO - Selected  Attribute Graph: 
                Self-Loop Weight: 1.2
                Self-Loop Percentage / Threshold: 0.7
                Self-Loop Count: 6
            
2025-06-11 14:02:43,164 - INFO - Selected  Structural Graph
2025-06-11 14:02:43,190 - INFO - Selected  Attribute Graph: 
                Self-Loop Weight: 1.2
                Self-Loop Percentage / Threshold: 0.7
                Self-Loop Count: 3
            
2025-06-11 14:02:43,296 - INFO - Selected  Attribute Graph: 
                Self-Loop Weight: 1.2
                Self-Loop Percentage / Threshold: 0.7
                Self-Loop Count: 1
            
2025-06-11 14:02:43,313 - INFO - Selected  Attribute Graph: 
                Self-Loop Weight: 1.2
                Self-Loop Percentage / Threshold: 0.7
                Self-Loop Count: 3
            
2025-06-11 14:02:43,324 - INFO - Selected  Attribute Graph: 
                Self-Loop Weight: 1.2
                Self-Loop Percentage / Threshold: 0.7
                Self-Loop Count: 1
            
2025-06-11 14:02:43,350 - INFO - Selected  Attribute Graph: 
                Self-Loop Weight: 1.2
                Self-Loop Percentage / Threshold: 0.7
                Self-Loop Count: 2
            
2025-06-11 14:02:43,393 - INFO - Selected  Attribute Graph: 
                Self-Loop Weight: 1.2
                Self-Loop Percentage / Threshold: 0.7
                Self-Loop Count: 5
            
2025-06-11 14:02:43,425 - INFO - Selected  Attribute Graph: 
                Self-Loop Weight: 1.2
                Self-Loop Percentage / Threshold: 0.7
                Self-Loop Count: 2
            
2025-06-11 14:02:43,449 - INFO - Selected  Attribute Graph: 
                Self-Loop Weight: 1.2
                Self-Loop Percentage / Threshold: 0.7
                Self-Loop Count: 3
            
2025-06-11 14:02:43,465 - INFO - Selected  Attribute Graph: 
                Self-Loop Weight: 1.2
                Self-Loop Percentage / Threshold: 0.7
                Self-Loop Count: 4
            
2025-06-11 14:02:43,497 - INFO - Selected  Attribute Graph: 
                Self-Loop Weight: 1.2
                Self-Loop Percentage / Threshold: 0.7
                Self-Loop Count: 3
            
2025-06-11 14:02:43,531 - INFO - Selected  Structural Graph
2025-06-11 14:02:43,611 - INFO - Selected  Attribute Graph: 
                Self-Loop Weight: 1.2
                Self-Loop Percentage / Threshold: 0.7
                Self-Loop Count: 1
            
2025-06-11 14:02:43,623 - INFO - Selected  Attribute Graph: 
                Self-Loop Weight: 1.2
                Self-Loop Percentage / Threshold: 0.7
                Self-Loop Count: 3
            
2025-06-11 14:02:43,657 - INFO - Selected  Structural Graph
2025-06-11 14:02:43,677 - INFO - Selected  Attribute Graph: 
                Self-Loop Weight: 1.2
                Self-Loop Percentage / Threshold: 0.7
                Self-Loop Count: 6
            
2025-06-11 14:02:43,690 - INFO - Selected  Structural Graph
2025-06-11 14:02:43,766 - INFO - Selected  Attribute Graph: 
                Self-Loop Weight: 1.2
                Self-Loop Percentage / Threshold: 0.7
                Self-Loop Count: 1
            
2025-06-11 14:02:43,831 - INFO - Selected  Structural Graph
2025-06-11 14:02:43,862 - INFO - Selected  Structural Graph
2025-06-11 14:02:43,878 - INFO - Selected  Attribute Graph: 
                Self-Loop Weight: 1.2
                Self-Loop Percentage / Threshold: 0.7
                Self-Loop Count: 1
            
2025-06-11 14:02:43,911 - INFO - Selected  Attribute Graph: 
                Self-Loop Weight: 1.2
                Self-Loop Percentage / Threshold: 0.7
                Self-Loop Count: 4
            
2025-06-11 14:02:43,939 - INFO - Selected  Attribute Graph: 
                Self-Loop Weight: 1.2
                Self-Loop Percentage / Threshold: 0.7
                Self-Loop Count: 6
            
2025-06-11 14:02:43,951 - INFO - Selected  Attribute Graph: 
                Self-Loop Weight: 1.2
                Self-Loop Percentage / Threshold: 0.7
                Self-Loop Count: 1
            
2025-06-11 14:02:43,964 - INFO - Selected  Attribute Graph: 
                Self-Loop Weight: 1.2
                Self-Loop Percentage / Threshold: 0.7
                Self-Loop Count: 1
            
2025-06-11 14:02:44,015 - INFO - Selected  Attribute Graph: 
                Self-Loop Weight: 1.2
                Self-Loop Percentage / Threshold: 0.7
                Self-Loop Count: 3
            
2025-06-11 14:02:44,031 - INFO - Selected  Structural Graph
2025-06-11 14:02:44,058 - INFO - Selected  Structural Graph
2025-06-11 14:02:44,073 - INFO - Selected  Structural Graph
2025-06-11 14:02:44,083 - INFO - Selected  Attribute Graph: 
                Self-Loop Weight: 1.2
                Self-Loop Percentage / Threshold: 0.7
                Self-Loop Count: 2
            
2025-06-11 14:02:44,103 - INFO - Selected  Attribute Graph: 
                Self-Loop Weight: 1.2
                Self-Loop Percentage / Threshold: 0.7
                Self-Loop Count: 2
            
2025-06-11 14:02:44,168 - INFO - Selected  Structural Graph
2025-06-11 14:02:44,192 - INFO - Selected  Attribute Graph: 
                Self-Loop Weight: 1.2
                Self-Loop Percentage / Threshold: 0.7
                Self-Loop Count: 3
            
2025-06-11 14:02:44,225 - INFO - Selected  Attribute Graph: 
                Self-Loop Weight: 1.2
                Self-Loop Percentage / Threshold: 0.7
                Self-Loop Count: 1
            
2025-06-11 14:02:44,251 - INFO - Selected  Structural Graph
2025-06-11 14:02:44,275 - INFO - Selected  Attribute Graph: 
                Self-Loop Weight: 1.2
                Self-Loop Percentage / Threshold: 0.7
                Self-Loop Count: 1
            
2025-06-11 14:02:44,298 - INFO - Selected  Attribute Graph: 
                Self-Loop Weight: 1.2
                Self-Loop Percentage / Threshold: 0.7
                Self-Loop Count: 3
            
2025-06-11 14:02:44,347 - INFO - Selected  Attribute Graph: 
                Self-Loop Weight: 1.2
                Self-Loop Percentage / Threshold: 0.7
                Self-Loop Count: 2
            
2025-06-11 14:02:44,412 - INFO - Selected  Attribute Graph: 
                Self-Loop Weight: 1.2
                Self-Loop Percentage / Threshold: 0.7
                Self-Loop Count: 4
            
2025-06-11 14:02:44,442 - INFO - Selected  Structural Graph
2025-06-11 14:02:44,462 - INFO - Selected  Attribute Graph: 
                Self-Loop Weight: 1.2
                Self-Loop Percentage / Threshold: 0.7
                Self-Loop Count: 1
            
2025-06-11 14:02:44,482 - INFO - Selected  Attribute Graph: 
                Self-Loop Weight: 1.2
                Self-Loop Percentage / Threshold: 0.7
                Self-Loop Count: 1
            
2025-06-11 14:02:44,493 - INFO - Selected  Attribute Graph: 
                Self-Loop Weight: 1.2
                Self-Loop Percentage / Threshold: 0.7
                Self-Loop Count: 4
            
2025-06-11 14:02:44,568 - INFO - Selected  Attribute Graph: 
                Self-Loop Weight: 1.2
                Self-Loop Percentage / Threshold: 0.7
                Self-Loop Count: 3
            
2025-06-11 14:02:44,599 - INFO - Selected  Attribute Graph: 
                Self-Loop Weight: 1.2
                Self-Loop Percentage / Threshold: 0.7
                Self-Loop Count: 1
            
2025-06-11 14:02:44,629 - INFO - Selected  Structural Graph
2025-06-11 14:02:44,644 - INFO - Selected  Structural Graph
2025-06-11 14:02:44,675 - INFO - Selected  Attribute Graph: 
                Self-Loop Weight: 1.2
                Self-Loop Percentage / Threshold: 0.7
                Self-Loop Count: 2
            
2025-06-11 14:02:44,695 - INFO - Selected  Attribute Graph: 
                Self-Loop Weight: 1.2
                Self-Loop Percentage / Threshold: 0.7
                Self-Loop Count: 7
            
2025-06-11 14:02:44,707 - INFO - Selected  Structural Graph
2025-06-11 14:02:44,797 - INFO - Selected  Structural Graph
2025-06-11 14:02:44,837 - INFO - Selected  Attribute Graph: 
                Self-Loop Weight: 1.2
                Self-Loop Percentage / Threshold: 0.7
                Self-Loop Count: 3
            
2025-06-11 14:02:44,857 - INFO - Selected  Attribute Graph: 
                Self-Loop Weight: 1.2
                Self-Loop Percentage / Threshold: 0.7
                Self-Loop Count: 1
            
2025-06-11 14:02:44,879 - INFO - Selected  Attribute Graph: 
                Self-Loop Weight: 1.2
                Self-Loop Percentage / Threshold: 0.7
                Self-Loop Count: 2
            
2025-06-11 14:02:44,896 - INFO - Selected  Structural Graph
2025-06-11 14:02:44,923 - INFO - Selected  Attribute Graph: 
                Self-Loop Weight: 1.2
                Self-Loop Percentage / Threshold: 0.7
                Self-Loop Count: 5
            
2025-06-11 14:02:45,033 - INFO - Selected  Attribute Graph: 
                Self-Loop Weight: 1.2
                Self-Loop Percentage / Threshold: 0.7
                Self-Loop Count: 2
            
2025-06-11 14:02:45,056 - INFO - Selected  Structural Graph
2025-06-11 14:02:45,071 - INFO - Selected  Attribute Graph: 
                Self-Loop Weight: 1.2
                Self-Loop Percentage / Threshold: 0.7
                Self-Loop Count: 1
            
2025-06-11 14:02:45,088 - INFO - Selected  Structural Graph
2025-06-11 14:02:45,128 - INFO - Selected  Attribute Graph: 
                Self-Loop Weight: 1.2
                Self-Loop Percentage / Threshold: 0.7
                Self-Loop Count: 4
            
2025-06-11 14:02:45,142 - INFO - Selected  Structural Graph
2025-06-11 14:02:45,172 - INFO - Selected  Structural Graph
2025-06-11 14:02:45,300 - INFO - Selected  Structural Graph
2025-06-11 14:02:45,315 - INFO - Selected  Attribute Graph: 
                Self-Loop Weight: 1.2
                Self-Loop Percentage / Threshold: 0.7
                Self-Loop Count: 2
            
2025-06-11 14:02:45,328 - INFO - Selected  Structural Graph
2025-06-11 14:02:45,349 - INFO - Selected  Structural Graph
2025-06-11 14:02:45,373 - INFO - Selected  Attribute Graph: 
                Self-Loop Weight: 1.2
                Self-Loop Percentage / Threshold: 0.7
                Self-Loop Count: 3
            
2025-06-11 14:02:45,410 - INFO - Selected  Structural Graph
2025-06-11 14:02:45,442 - INFO - Selected  Attribute Graph: 
                Self-Loop Weight: 1.2
                Self-Loop Percentage / Threshold: 0.7
                Self-Loop Count: 1
            
2025-06-11 14:02:45,540 - INFO - Selected  Attribute Graph: 
                Self-Loop Weight: 1.2
                Self-Loop Percentage / Threshold: 0.7
                Self-Loop Count: 4
            
2025-06-11 14:02:45,578 - INFO - Selected  Attribute Graph: 
                Self-Loop Weight: 1.2
                Self-Loop Percentage / Threshold: 0.7
                Self-Loop Count: 1
            
2025-06-11 14:02:45,582 - INFO - Selected  Attribute Graph: 
                Self-Loop Weight: 1.2
                Self-Loop Percentage / Threshold: 0.7
                Self-Loop Count: 2
            
2025-06-11 14:02:45,668 - INFO - Selected  Attribute Graph: 
                Self-Loop Weight: 1.2
                Self-Loop Percentage / Threshold: 0.7
                Self-Loop Count: 5
            
2025-06-11 14:02:45,706 - INFO - Selected  Structural Graph
2025-06-11 14:02:45,738 - INFO - Selected  Structural Graph
2025-06-11 14:02:45,868 - INFO - Selected  Attribute Graph: 
                Self-Loop Weight: 1.2
                Self-Loop Percentage / Threshold: 0.7
                Self-Loop Count: 2
            
2025-06-11 14:02:45,899 - INFO - Selected  Structural Graph
2025-06-11 14:02:45,932 - INFO - Selected  Attribute Graph: 
                Self-Loop Weight: 1.2
                Self-Loop Percentage / Threshold: 0.7
                Self-Loop Count: 3
            
2025-06-11 14:02:45,936 - INFO - Selected  Attribute Graph: 
                Self-Loop Weight: 1.2
                Self-Loop Percentage / Threshold: 0.7
                Self-Loop Count: 2
            
2025-06-11 14:02:45,954 - INFO - Selected  Attribute Graph: 
                Self-Loop Weight: 1.2
                Self-Loop Percentage / Threshold: 0.7
                Self-Loop Count: 3
            
2025-06-11 14:02:45,993 - INFO - Selected  Attribute Graph: 
                Self-Loop Weight: 1.2
                Self-Loop Percentage / Threshold: 0.7
                Self-Loop Count: 1
            
2025-06-11 14:02:46,148 - INFO - Selected  Structural Graph
2025-06-11 14:02:46,187 - INFO - Selected  Structural Graph
2025-06-11 14:02:46,206 - INFO - Selected  Attribute Graph: 
                Self-Loop Weight: 1.2
                Self-Loop Percentage / Threshold: 0.7
                Self-Loop Count: 4
            
2025-06-11 14:02:46,221 - INFO - Selected  Structural Graph
2025-06-11 14:02:46,231 - INFO - Selected  Attribute Graph: 
                Self-Loop Weight: 1.2
                Self-Loop Percentage / Threshold: 0.7
                Self-Loop Count: 1
            
2025-06-11 14:02:46,251 - INFO - Selected  Structural Graph
2025-06-11 14:02:46,371 - INFO - Selected  Attribute Graph: 
                Self-Loop Weight: 1.2
                Self-Loop Percentage / Threshold: 0.7
                Self-Loop Count: 2
            
2025-06-11 14:02:46,408 - INFO - Selected  Structural Graph
2025-06-11 14:02:46,573 - INFO - Selected  Attribute Graph: 
                Self-Loop Weight: 1.2
                Self-Loop Percentage / Threshold: 0.7
                Self-Loop Count: 5
            
2025-06-11 14:02:46,577 - INFO - Selected  Attribute Graph: 
                Self-Loop Weight: 1.2
                Self-Loop Percentage / Threshold: 0.7
                Self-Loop Count: 6
            
2025-06-11 14:02:46,607 - INFO - Selected  Structural Graph
2025-06-11 14:02:46,700 - INFO - Selected  Attribute Graph: 
                Self-Loop Weight: 1.2
                Self-Loop Percentage / Threshold: 0.7
                Self-Loop Count: 4
            
2025-06-11 14:02:46,755 - INFO - Selected  Attribute Graph: 
                Self-Loop Weight: 1.2
                Self-Loop Percentage / Threshold: 0.7
                Self-Loop Count: 2
            
2025-06-11 14:02:46,938 - INFO - Selected  Attribute Graph: 
                Self-Loop Weight: 1.2
                Self-Loop Percentage / Threshold: 0.7
                Self-Loop Count: 2
            
2025-06-11 14:02:47,037 - INFO - Selected  Structural Graph
2025-06-11 14:02:47,089 - INFO - Selected  Structural Graph
2025-06-11 14:02:47,238 - INFO - Selected  Structural Graph
2025-06-11 14:02:47,303 - INFO - Selected  Attribute Graph: 
                Self-Loop Weight: 1.2
                Self-Loop Percentage / Threshold: 0.7
                Self-Loop Count: 1
            
2025-06-11 14:02:47,380 - INFO - Selected  Structural Graph
2025-06-11 14:02:47,570 - INFO - Selected  Attribute Graph: 
                Self-Loop Weight: 1.2
                Self-Loop Percentage / Threshold: 0.7
                Self-Loop Count: 5
            
2025-06-11 14:02:47,687 - INFO - Selected  Structural Graph
2025-06-11 14:02:47,764 - INFO - Selected  Attribute Graph: 
                Self-Loop Weight: 1.2
                Self-Loop Percentage / Threshold: 0.7
                Self-Loop Count: 3
            
2025-06-11 14:02:47,834 - INFO - Selected  Structural Graph
2025-06-11 14:02:47,971 - INFO - Selected  Structural Graph
2025-06-11 14:02:48,082 - INFO - Selected  Attribute Graph: 
                Self-Loop Weight: 1.2
                Self-Loop Percentage / Threshold: 0.7
                Self-Loop Count: 2
            
2025-06-11 14:02:48,227 - INFO - Selected  Structural Graph
2025-06-11 14:02:48,297 - INFO - Selected  Attribute Graph: 
                Self-Loop Weight: 1.2
                Self-Loop Percentage / Threshold: 0.7
                Self-Loop Count: 4
            
2025-06-11 14:02:48,393 - INFO - Selected  Structural Graph
2025-06-11 14:02:48,438 - INFO - Selected  Structural Graph
2025-06-11 14:02:48,479 - INFO - Selected  Attribute Graph: 
                Self-Loop Weight: 1.2
                Self-Loop Percentage / Threshold: 0.7
                Self-Loop Count: 3
            
2025-06-11 14:02:48,562 - INFO - Selected  Structural Graph
2025-06-11 14:02:48,637 - INFO - Selected  Attribute Graph: 
                Self-Loop Weight: 1.2
                Self-Loop Percentage / Threshold: 0.7
                Self-Loop Count: 6
            
2025-06-11 14:02:48,905 - INFO - Selected  Structural Graph
2025-06-11 14:02:48,965 - INFO - Selected  Structural Graph
2025-06-11 14:02:49,070 - INFO - Selected  Attribute Graph: 
                Self-Loop Weight: 1.2
                Self-Loop Percentage / Threshold: 0.7
                Self-Loop Count: 3
            
2025-06-11 14:02:49,341 - INFO - Selected  Attribute Graph: 
                Self-Loop Weight: 1.2
                Self-Loop Percentage / Threshold: 0.7
                Self-Loop Count: 2
            
2025-06-11 14:02:49,417 - INFO - Selected  Structural Graph
2025-06-11 14:02:49,666 - INFO - Selected  Structural Graph
2025-06-11 14:02:49,794 - INFO - Selected  Attribute Graph: 
                Self-Loop Weight: 1.2
                Self-Loop Percentage / Threshold: 0.7
                Self-Loop Count: 1
            
2025-06-11 14:02:49,815 - INFO - Selected  Attribute Graph: 
                Self-Loop Weight: 1.2
                Self-Loop Percentage / Threshold: 0.7
                Self-Loop Count: 3
            
2025-06-11 14:02:49,892 - INFO - Selected  Attribute Graph: 
                Self-Loop Weight: 1.2
                Self-Loop Percentage / Threshold: 0.7
                Self-Loop Count: 3
            
2025-06-11 14:02:50,000 - INFO - Selected  Structural Graph
2025-06-11 14:02:50,073 - INFO - Selected  Attribute Graph: 
                Self-Loop Weight: 1.2
                Self-Loop Percentage / Threshold: 0.7
                Self-Loop Count: 2
            
2025-06-11 14:02:50,305 - INFO - Selected  Attribute Graph: 
                Self-Loop Weight: 1.2
                Self-Loop Percentage / Threshold: 0.7
                Self-Loop Count: 1
            
2025-06-11 14:02:50,440 - INFO - Selected  Structural Graph
2025-06-11 14:02:50,562 - INFO - Selected  Attribute Graph: 
                Self-Loop Weight: 1.2
                Self-Loop Percentage / Threshold: 0.7
                Self-Loop Count: 3
            
2025-06-11 14:02:50,706 - INFO - Selected  Attribute Graph: 
                Self-Loop Weight: 1.2
                Self-Loop Percentage / Threshold: 0.7
                Self-Loop Count: 1
            
2025-06-11 14:02:50,798 - INFO - Selected  Attribute Graph: 
                Self-Loop Weight: 1.2
                Self-Loop Percentage / Threshold: 0.7
                Self-Loop Count: 7
            
2025-06-11 14:02:50,919 - INFO - Selected  Attribute Graph: 
                Self-Loop Weight: 1.2
                Self-Loop Percentage / Threshold: 0.7
                Self-Loop Count: 1
            
2025-06-11 14:02:51,041 - INFO - Selected  Attribute Graph: 
                Self-Loop Weight: 1.2
                Self-Loop Percentage / Threshold: 0.7
                Self-Loop Count: 4
            
2025-06-11 14:02:51,089 - INFO - Selected  Attribute Graph: 
                Self-Loop Weight: 1.2
                Self-Loop Percentage / Threshold: 0.7
                Self-Loop Count: 4
            
2025-06-11 14:02:51,177 - INFO - Selected  Attribute Graph: 
                Self-Loop Weight: 1.2
                Self-Loop Percentage / Threshold: 0.7
                Self-Loop Count: 4
            
2025-06-11 14:02:51,240 - INFO - Selected  Structural Graph
2025-06-11 14:02:51,335 - INFO - Selected  Attribute Graph: 
                Self-Loop Weight: 1.2
                Self-Loop Percentage / Threshold: 0.7
                Self-Loop Count: 5
            
2025-06-11 14:02:51,427 - INFO - Selected  Structural Graph
2025-06-11 14:02:51,527 - INFO - Selected  Attribute Graph: 
                Self-Loop Weight: 1.2
                Self-Loop Percentage / Threshold: 0.7
                Self-Loop Count: 4
            
2025-06-11 14:02:51,718 - INFO - Selected  Structural Graph
2025-06-11 14:02:51,943 - INFO - Selected  Attribute Graph: 
                Self-Loop Weight: 1.2
                Self-Loop Percentage / Threshold: 0.7
                Self-Loop Count: 7
            
2025-06-11 14:02:52,151 - INFO - Selected  Attribute Graph: 
                Self-Loop Weight: 1.2
                Self-Loop Percentage / Threshold: 0.7
                Self-Loop Count: 1
            
2025-06-11 14:02:52,197 - INFO - Selected  Attribute Graph: 
                Self-Loop Weight: 1.2
                Self-Loop Percentage / Threshold: 0.7
                Self-Loop Count: 2
            
2025-06-11 14:02:52,319 - INFO - Selected  Attribute Graph: 
                Self-Loop Weight: 1.2
                Self-Loop Percentage / Threshold: 0.7
                Self-Loop Count: 3
            
2025-06-11 14:02:52,488 - INFO - Selected  Attribute Graph: 
                Self-Loop Weight: 1.2
                Self-Loop Percentage / Threshold: 0.7
                Self-Loop Count: 4
            
2025-06-11 14:02:52,584 - INFO - Selected  Structural Graph
2025-06-11 14:02:52,637 - INFO - Selected  Attribute Graph: 
                Self-Loop Weight: 1.2
                Self-Loop Percentage / Threshold: 0.7
                Self-Loop Count: 4
            
2025-06-11 14:02:52,735 - INFO - Selected  Structural Graph
2025-06-11 14:02:52,875 - INFO - Selected  Structural Graph
2025-06-11 14:02:52,953 - INFO - Selected  Attribute Graph: 
                Self-Loop Weight: 1.2
                Self-Loop Percentage / Threshold: 0.7
                Self-Loop Count: 2
            
2025-06-11 14:02:52,988 - INFO - Selected  Structural Graph
2025-06-11 14:02:53,176 - INFO - Selected  Attribute Graph: 
                Self-Loop Weight: 1.2
                Self-Loop Percentage / Threshold: 0.7
                Self-Loop Count: 1
            
2025-06-11 14:02:53,290 - INFO - Selected  Attribute Graph: 
                Self-Loop Weight: 1.2
                Self-Loop Percentage / Threshold: 0.7
                Self-Loop Count: 2
            
2025-06-11 14:02:53,408 - INFO - Selected  Attribute Graph: 
                Self-Loop Weight: 1.2
                Self-Loop Percentage / Threshold: 0.7
                Self-Loop Count: 1
            
2025-06-11 14:02:53,531 - INFO - Selected  Structural Graph
2025-06-11 14:02:53,629 - INFO - Selected  Attribute Graph: 
                Self-Loop Weight: 1.2
                Self-Loop Percentage / Threshold: 0.7
                Self-Loop Count: 2
            
2025-06-11 14:02:53,698 - INFO - Selected  Attribute Graph: 
                Self-Loop Weight: 1.2
                Self-Loop Percentage / Threshold: 0.7
                Self-Loop Count: 4
            
2025-06-11 14:02:53,825 - INFO - Selected  Structural Graph
2025-06-11 14:02:53,908 - INFO - Selected  Attribute Graph: 
                Self-Loop Weight: 1.2
                Self-Loop Percentage / Threshold: 0.7
                Self-Loop Count: 3
            
2025-06-11 14:02:54,020 - INFO - Selected  Attribute Graph: 
                Self-Loop Weight: 1.2
                Self-Loop Percentage / Threshold: 0.7
                Self-Loop Count: 2
            
2025-06-11 14:02:54,174 - INFO - Selected  Attribute Graph: 
                Self-Loop Weight: 1.2
                Self-Loop Percentage / Threshold: 0.7
                Self-Loop Count: 1
            
2025-06-11 14:02:54,229 - INFO - Selected  Attribute Graph: 
                Self-Loop Weight: 1.2
                Self-Loop Percentage / Threshold: 0.7
                Self-Loop Count: 2
            
2025-06-11 14:02:54,272 - INFO - Selected  Attribute Graph: 
                Self-Loop Weight: 1.2
                Self-Loop Percentage / Threshold: 0.7
                Self-Loop Count: 1
            
2025-06-11 14:02:54,352 - INFO - Selected  Structural Graph
2025-06-11 14:02:54,674 - INFO - Selected  Attribute Graph: 
                Self-Loop Weight: 1.2
                Self-Loop Percentage / Threshold: 0.7
                Self-Loop Count: 3
            
2025-06-11 14:02:54,736 - INFO - Selected  Attribute Graph: 
                Self-Loop Weight: 1.2
                Self-Loop Percentage / Threshold: 0.7
                Self-Loop Count: 1
            
2025-06-11 14:02:54,831 - INFO - Selected  Attribute Graph: 
                Self-Loop Weight: 1.2
                Self-Loop Percentage / Threshold: 0.7
                Self-Loop Count: 2
            
2025-06-11 14:02:54,884 - INFO - Selected  Attribute Graph: 
                Self-Loop Weight: 1.2
                Self-Loop Percentage / Threshold: 0.7
                Self-Loop Count: 1
            
2025-06-11 14:02:54,889 - INFO - Selected  Attribute Graph: 
                Self-Loop Weight: 1.2
                Self-Loop Percentage / Threshold: 0.7
                Self-Loop Count: 1
            
2025-06-11 14:02:54,916 - INFO - Selected  Attribute Graph: 
                Self-Loop Weight: 1.2
                Self-Loop Percentage / Threshold: 0.7
                Self-Loop Count: 4
            
2025-06-11 14:02:55,133 - INFO - Selected  Attribute Graph: 
                Self-Loop Weight: 1.2
                Self-Loop Percentage / Threshold: 0.7
                Self-Loop Count: 5
            
2025-06-11 14:02:55,268 - INFO - Selected  Attribute Graph: 
                Self-Loop Weight: 1.2
                Self-Loop Percentage / Threshold: 0.7
                Self-Loop Count: 1
            
2025-06-11 14:02:55,388 - INFO - Selected  Attribute Graph: 
                Self-Loop Weight: 1.2
                Self-Loop Percentage / Threshold: 0.7
                Self-Loop Count: 4
            
2025-06-11 14:02:55,470 - INFO - Selected  Attribute Graph: 
                Self-Loop Weight: 1.2
                Self-Loop Percentage / Threshold: 0.7
                Self-Loop Count: 2
            
2025-06-11 14:02:55,561 - INFO - Selected  Attribute Graph: 
                Self-Loop Weight: 1.2
                Self-Loop Percentage / Threshold: 0.7
                Self-Loop Count: 4
            
2025-06-11 14:02:55,688 - INFO - Selected  Attribute Graph: 
                Self-Loop Weight: 1.2
                Self-Loop Percentage / Threshold: 0.7
                Self-Loop Count: 2
            
2025-06-11 14:02:55,791 - INFO - Selected  Attribute Graph: 
                Self-Loop Weight: 1.2
                Self-Loop Percentage / Threshold: 0.7
                Self-Loop Count: 2
            
2025-06-11 14:02:55,893 - INFO - Selected  Attribute Graph: 
                Self-Loop Weight: 1.2
                Self-Loop Percentage / Threshold: 0.7
                Self-Loop Count: 6
            
2025-06-11 14:02:56,043 - INFO - Selected  Structural Graph
2025-06-11 14:02:56,125 - INFO - Selected  Structural Graph
2025-06-11 14:02:56,177 - INFO - Selected  Attribute Graph: 
                Self-Loop Weight: 1.2
                Self-Loop Percentage / Threshold: 0.7
                Self-Loop Count: 1
            
2025-06-11 14:02:56,250 - INFO - Selected  Structural Graph
2025-06-11 14:02:56,320 - INFO - Selected  Structural Graph
2025-06-11 14:02:56,351 - INFO - Selected  Structural Graph
2025-06-11 14:02:56,427 - INFO - Selected  Attribute Graph: 
                Self-Loop Weight: 1.2
                Self-Loop Percentage / Threshold: 0.7
                Self-Loop Count: 6
            
2025-06-11 14:02:56,499 - INFO - Selected  Attribute Graph: 
                Self-Loop Weight: 1.2
                Self-Loop Percentage / Threshold: 0.7
                Self-Loop Count: 2
            
2025-06-11 14:02:56,562 - INFO - Selected  Structural Graph
2025-06-11 14:02:56,621 - INFO - Selected  Attribute Graph: 
                Self-Loop Weight: 1.2
                Self-Loop Percentage / Threshold: 0.7
                Self-Loop Count: 6
            
2025-06-11 14:02:56,690 - INFO - Selected  Structural Graph
2025-06-11 14:02:56,834 - INFO - Selected  Structural Graph
2025-06-11 14:02:56,883 - INFO - Selected  Structural Graph
2025-06-11 14:02:56,895 - INFO - Selected  Structural Graph
2025-06-11 14:02:56,918 - INFO - Selected  Attribute Graph: 
                Self-Loop Weight: 1.2
                Self-Loop Percentage / Threshold: 0.7
                Self-Loop Count: 1
            
2025-06-11 14:02:57,057 - INFO - Selected  Attribute Graph: 
                Self-Loop Weight: 1.2
                Self-Loop Percentage / Threshold: 0.7
                Self-Loop Count: 1
            
2025-06-11 14:02:57,066 - INFO - Selected  Attribute Graph: 
                Self-Loop Weight: 1.2
                Self-Loop Percentage / Threshold: 0.7
                Self-Loop Count: 3
            
2025-06-11 14:02:57,276 - INFO - Selected  Attribute Graph: 
                Self-Loop Weight: 1.2
                Self-Loop Percentage / Threshold: 0.7
                Self-Loop Count: 3
            
2025-06-11 14:02:57,543 - INFO - Selected  Structural Graph
2025-06-11 14:02:57,582 - INFO - Selected  Structural Graph
2025-06-11 14:02:57,643 - INFO - Selected  Attribute Graph: 
                Self-Loop Weight: 1.2
                Self-Loop Percentage / Threshold: 0.7
                Self-Loop Count: 4
            
2025-06-11 14:02:57,717 - INFO - Selected  Attribute Graph: 
                Self-Loop Weight: 1.2
                Self-Loop Percentage / Threshold: 0.7
                Self-Loop Count: 1
            
2025-06-11 14:02:57,728 - INFO - Selected  Attribute Graph: 
                Self-Loop Weight: 1.2
                Self-Loop Percentage / Threshold: 0.7
                Self-Loop Count: 2
            
2025-06-11 14:02:57,766 - INFO - Selected  Attribute Graph: 
                Self-Loop Weight: 1.2
                Self-Loop Percentage / Threshold: 0.7
                Self-Loop Count: 1
            
2025-06-11 14:02:57,812 - INFO - Selected  Structural Graph
2025-06-11 14:02:57,981 - INFO - Selected  Structural Graph
2025-06-11 14:02:58,040 - INFO - Selected  Structural Graph
2025-06-11 14:02:58,144 - INFO - Selected  Structural Graph
2025-06-11 14:02:58,161 - INFO - Selected  Attribute Graph: 
                Self-Loop Weight: 1.2
                Self-Loop Percentage / Threshold: 0.7
                Self-Loop Count: 6
            
2025-06-11 14:02:58,171 - INFO - Selected  Attribute Graph: 
                Self-Loop Weight: 1.2
                Self-Loop Percentage / Threshold: 0.7
                Self-Loop Count: 1
            
2025-06-11 14:02:58,366 - INFO - Selected  Structural Graph
2025-06-11 14:02:58,392 - INFO - Selected  Structural Graph
2025-06-11 14:02:58,405 - INFO - Selected  Structural Graph
2025-06-11 14:02:58,421 - INFO - Selected  Structural Graph
2025-06-11 14:02:58,429 - INFO - Selected  Structural Graph
2025-06-11 14:02:58,433 - INFO - Selected  Structural Graph
2025-06-11 14:02:58,440 - INFO - Selected  Structural Graph
2025-06-11 14:02:58,540 - INFO - Selected  Structural Graph
2025-06-11 14:02:58,640 - INFO - Selected  Structural Graph
2025-06-11 14:02:58,663 - INFO - Selected  Structural Graph
2025-06-11 14:02:58,670 - INFO - Selected  Attribute Graph: 
                Self-Loop Weight: 1.2
                Self-Loop Percentage / Threshold: 0.7
                Self-Loop Count: 3
            
2025-06-11 14:02:58,698 - INFO - Selected  Structural Graph
2025-06-11 14:02:58,723 - INFO - Selected  Attribute Graph: 
                Self-Loop Weight: 1.2
                Self-Loop Percentage / Threshold: 0.7
                Self-Loop Count: 5
            
2025-06-11 14:02:58,927 - INFO - Selected  Attribute Graph: 
                Self-Loop Weight: 1.2
                Self-Loop Percentage / Threshold: 0.7
                Self-Loop Count: 2
            
2025-06-11 14:02:59,012 - INFO - Selected  Structural Graph
2025-06-11 14:02:59,098 - INFO - Selected  Attribute Graph: 
                Self-Loop Weight: 1.2
                Self-Loop Percentage / Threshold: 0.7
                Self-Loop Count: 4
            
2025-06-11 14:02:59,109 - INFO - Selected  Structural Graph
2025-06-11 14:02:59,148 - INFO - Selected  Structural Graph
2025-06-11 14:02:59,167 - INFO - Selected  Attribute Graph: 
                Self-Loop Weight: 1.2
                Self-Loop Percentage / Threshold: 0.7
                Self-Loop Count: 2
            
2025-06-11 14:02:59,202 - INFO - Selected  Attribute Graph: 
                Self-Loop Weight: 1.2
                Self-Loop Percentage / Threshold: 0.7
                Self-Loop Count: 3
            
2025-06-11 14:02:59,285 - INFO - Selected  Attribute Graph: 
                Self-Loop Weight: 1.2
                Self-Loop Percentage / Threshold: 0.7
                Self-Loop Count: 2
            
2025-06-11 14:02:59,417 - INFO - Selected  Structural Graph
2025-06-11 14:02:59,437 - INFO - Selected  Structural Graph
2025-06-11 14:02:59,456 - INFO - Selected  Attribute Graph: 
                Self-Loop Weight: 1.2
                Self-Loop Percentage / Threshold: 0.7
                Self-Loop Count: 2
            
2025-06-11 14:02:59,470 - INFO - Selected  Structural Graph
2025-06-11 14:02:59,490 - INFO - Selected  Attribute Graph: 
                Self-Loop Weight: 1.2
                Self-Loop Percentage / Threshold: 0.7
                Self-Loop Count: 3
            
2025-06-11 14:02:59,643 - INFO - Selected  Attribute Graph: 
                Self-Loop Weight: 1.2
                Self-Loop Percentage / Threshold: 0.7
                Self-Loop Count: 8
            
2025-06-11 14:02:59,694 - INFO - Selected  Structural Graph
2025-06-11 14:02:59,784 - INFO - Selected  Attribute Graph: 
                Self-Loop Weight: 1.2
                Self-Loop Percentage / Threshold: 0.7
                Self-Loop Count: 1
            
2025-06-11 14:02:59,797 - INFO - Selected  Structural Graph
2025-06-11 14:02:59,827 - INFO - Selected  Structural Graph
2025-06-11 14:02:59,873 - INFO - Selected  Structural Graph
2025-06-11 14:03:00,157 - INFO - Selected  Structural Graph
2025-06-11 14:03:00,216 - INFO - Selected  Attribute Graph: 
                Self-Loop Weight: 1.2
                Self-Loop Percentage / Threshold: 0.7
                Self-Loop Count: 1
            
2025-06-11 14:03:00,261 - INFO - Selected  Structural Graph
2025-06-11 14:03:00,274 - INFO - Selected  Structural Graph
2025-06-11 14:03:00,282 - INFO - Selected  Attribute Graph: 
                Self-Loop Weight: 1.2
                Self-Loop Percentage / Threshold: 0.7
                Self-Loop Count: 1
            
2025-06-11 14:03:00,296 - INFO - Selected  Structural Graph
2025-06-11 14:03:00,376 - INFO - Selected  Structural Graph
2025-06-11 14:03:00,465 - INFO - Selected  Structural Graph
2025-06-11 14:03:00,479 - INFO - Selected  Structural Graph
2025-06-11 14:03:00,541 - INFO - Selected  Structural Graph
2025-06-11 14:03:00,591 - INFO - Selected  Attribute Graph: 
                Self-Loop Weight: 1.2
                Self-Loop Percentage / Threshold: 0.7
                Self-Loop Count: 2
            
2025-06-11 14:03:00,609 - INFO - Selected  Structural Graph
2025-06-11 14:03:00,628 - INFO - Selected  Attribute Graph: 
                Self-Loop Weight: 1.2
                Self-Loop Percentage / Threshold: 0.7
                Self-Loop Count: 3
            
2025-06-11 14:03:00,701 - INFO - Selected  Structural Graph
2025-06-11 14:03:00,846 - INFO - Selected  Structural Graph
2025-06-11 14:03:00,864 - INFO - Selected  Attribute Graph: 
                Self-Loop Weight: 1.2
                Self-Loop Percentage / Threshold: 0.7
                Self-Loop Count: 2
            
2025-06-11 14:03:00,885 - INFO - Selected  Attribute Graph: 
                Self-Loop Weight: 1.2
                Self-Loop Percentage / Threshold: 0.7
                Self-Loop Count: 3
            
2025-06-11 14:03:00,901 - INFO - Selected  Structural Graph
2025-06-11 14:03:00,911 - INFO - Selected  Attribute Graph: 
                Self-Loop Weight: 1.2
                Self-Loop Percentage / Threshold: 0.7
                Self-Loop Count: 2
            
2025-06-11 14:03:00,946 - INFO - Selected  Structural Graph
2025-06-11 14:03:01,025 - INFO - Selected  Structural Graph
2025-06-11 14:03:01,140 - INFO - Selected  Attribute Graph: 
                Self-Loop Weight: 1.2
                Self-Loop Percentage / Threshold: 0.7
                Self-Loop Count: 2
            
2025-06-11 14:03:01,182 - INFO - Selected  Attribute Graph: 
                Self-Loop Weight: 1.2
                Self-Loop Percentage / Threshold: 0.7
                Self-Loop Count: 6
            
2025-06-11 14:03:01,215 - INFO - Selected  Structural Graph
2025-06-11 14:03:01,221 - INFO - Selected  Structural Graph
2025-06-11 14:03:01,235 - INFO - Selected  Structural Graph
2025-06-11 14:03:01,417 - INFO - Selected  Attribute Graph: 
                Self-Loop Weight: 1.2
                Self-Loop Percentage / Threshold: 0.7
                Self-Loop Count: 3
            
2025-06-11 14:03:01,461 - INFO - Selected  Attribute Graph: 
                Self-Loop Weight: 1.2
                Self-Loop Percentage / Threshold: 0.7
                Self-Loop Count: 2
            
2025-06-11 14:03:01,515 - INFO - Selected  Attribute Graph: 
                Self-Loop Weight: 1.2
                Self-Loop Percentage / Threshold: 0.7
                Self-Loop Count: 2
            
2025-06-11 14:03:01,531 - INFO - Selected  Attribute Graph: 
                Self-Loop Weight: 1.2
                Self-Loop Percentage / Threshold: 0.7
                Self-Loop Count: 2
            
2025-06-11 14:03:01,546 - INFO - Selected  Attribute Graph: 
                Self-Loop Weight: 1.2
                Self-Loop Percentage / Threshold: 0.7
                Self-Loop Count: 1
            
2025-06-11 14:03:01,615 - INFO - Selected  Attribute Graph: 
                Self-Loop Weight: 1.2
                Self-Loop Percentage / Threshold: 0.7
                Self-Loop Count: 4
            
2025-06-11 14:03:01,697 - INFO - Selected  Structural Graph
2025-06-11 14:03:01,741 - INFO - Selected  Structural Graph
2025-06-11 14:03:01,845 - INFO - Selected  Structural Graph
2025-06-11 14:03:01,919 - INFO - Selected  Structural Graph
2025-06-11 14:03:01,942 - INFO - Selected  Structural Graph
2025-06-11 14:03:02,002 - INFO - Selected  Structural Graph
2025-06-11 14:03:02,225 - INFO - Selected  Structural Graph
2025-06-11 14:03:02,238 - INFO - Selected  Structural Graph
2025-06-11 14:03:02,246 - INFO - Selected  Attribute Graph: 
                Self-Loop Weight: 1.2
                Self-Loop Percentage / Threshold: 0.7
                Self-Loop Count: 1
            
2025-06-11 14:03:02,307 - INFO - Selected  Structural Graph
2025-06-11 14:03:02,392 - INFO - Selected  Structural Graph
2025-06-11 14:03:02,434 - INFO - Selected  Structural Graph
2025-06-11 14:03:02,454 - INFO - Selected  Structural Graph
2025-06-11 14:03:02,470 - INFO - Selected  Structural Graph
2025-06-11 14:03:02,484 - INFO - Selected  Attribute Graph: 
                Self-Loop Weight: 1.2
                Self-Loop Percentage / Threshold: 0.7
                Self-Loop Count: 6
            
2025-06-11 14:03:02,507 - INFO - Selected  Attribute Graph: 
                Self-Loop Weight: 1.2
                Self-Loop Percentage / Threshold: 0.7
                Self-Loop Count: 2
            
2025-06-11 14:03:02,532 - INFO - Selected  Structural Graph
2025-06-11 14:03:02,543 - INFO - Selected  Attribute Graph: 
                Self-Loop Weight: 1.2
                Self-Loop Percentage / Threshold: 0.7
                Self-Loop Count: 6
            
2025-06-11 14:03:02,687 - INFO - Selected  Attribute Graph: 
                Self-Loop Weight: 1.2
                Self-Loop Percentage / Threshold: 0.7
                Self-Loop Count: 2
            
2025-06-11 14:03:02,752 - INFO - Selected  Attribute Graph: 
                Self-Loop Weight: 1.2
                Self-Loop Percentage / Threshold: 0.7
                Self-Loop Count: 1
            
2025-06-11 14:03:02,757 - INFO - Selected  Attribute Graph: 
                Self-Loop Weight: 1.2
                Self-Loop Percentage / Threshold: 0.7
                Self-Loop Count: 1
            
2025-06-11 14:03:02,897 - INFO - Selected  Attribute Graph: 
                Self-Loop Weight: 1.2
                Self-Loop Percentage / Threshold: 0.7
                Self-Loop Count: 1
            
2025-06-11 14:03:02,947 - INFO - Selected  Structural Graph
2025-06-11 14:03:03,070 - INFO - Selected  Attribute Graph: 
                Self-Loop Weight: 1.2
                Self-Loop Percentage / Threshold: 0.7
                Self-Loop Count: 1
            
2025-06-11 14:03:03,154 - INFO - Selected  Structural Graph
2025-06-11 14:03:03,163 - INFO - Selected  Structural Graph
2025-06-11 14:03:03,237 - INFO - Selected  Attribute Graph: 
                Self-Loop Weight: 1.2
                Self-Loop Percentage / Threshold: 0.7
                Self-Loop Count: 2
            
2025-06-11 14:03:03,437 - INFO - Selected  Structural Graph
2025-06-11 14:03:03,440 - INFO - Selected  Structural Graph
2025-06-11 14:03:03,458 - INFO - Selected  Attribute Graph: 
                Self-Loop Weight: 1.2
                Self-Loop Percentage / Threshold: 0.7
                Self-Loop Count: 2
            
2025-06-11 14:03:03,501 - INFO - Selected  Structural Graph
2025-06-11 14:03:03,605 - INFO - Selected  Attribute Graph: 
                Self-Loop Weight: 1.2
                Self-Loop Percentage / Threshold: 0.7
                Self-Loop Count: 2
            
2025-06-11 14:03:03,653 - INFO - Selected  Attribute Graph: 
                Self-Loop Weight: 1.2
                Self-Loop Percentage / Threshold: 0.7
                Self-Loop Count: 2
            
2025-06-11 14:03:03,721 - INFO - Selected  Structural Graph
2025-06-11 14:03:03,728 - INFO - Selected  Attribute Graph: 
                Self-Loop Weight: 1.2
                Self-Loop Percentage / Threshold: 0.7
                Self-Loop Count: 3
            
2025-06-11 14:03:03,738 - INFO - Selected  Structural Graph
2025-06-11 14:03:03,744 - INFO - Selected  Attribute Graph: 
                Self-Loop Weight: 1.2
                Self-Loop Percentage / Threshold: 0.7
                Self-Loop Count: 1
            
2025-06-11 14:03:03,760 - INFO - Selected  Structural Graph
2025-06-11 14:03:03,785 - INFO - Selected  Structural Graph
2025-06-11 14:03:03,808 - INFO - Selected  Structural Graph
2025-06-11 14:03:03,815 - INFO - Selected  Structural Graph
2025-06-11 14:03:03,820 - INFO - Selected  Structural Graph
2025-06-11 14:03:03,825 - INFO - Selected  Attribute Graph: 
                Self-Loop Weight: 1.2
                Self-Loop Percentage / Threshold: 0.7
                Self-Loop Count: 2
            
2025-06-11 14:03:03,904 - INFO - Selected  Attribute Graph: 
                Self-Loop Weight: 1.2
                Self-Loop Percentage / Threshold: 0.7
                Self-Loop Count: 2
            
2025-06-11 14:03:03,952 - INFO - Selected  Attribute Graph: 
                Self-Loop Weight: 1.2
                Self-Loop Percentage / Threshold: 0.7
                Self-Loop Count: 2
            
2025-06-11 14:03:04,028 - INFO - Selected  Structural Graph
2025-06-11 14:03:04,118 - INFO - Selected  Attribute Graph: 
                Self-Loop Weight: 1.2
                Self-Loop Percentage / Threshold: 0.7
                Self-Loop Count: 6
            
2025-06-11 14:03:04,175 - INFO - Selected  Structural Graph
2025-06-11 14:03:04,214 - INFO - Selected  Structural Graph
2025-06-11 14:03:04,245 - INFO - Selected  Structural Graph
2025-06-11 14:03:04,253 - INFO - Selected  Attribute Graph: 
                Self-Loop Weight: 1.2
                Self-Loop Percentage / Threshold: 0.7
                Self-Loop Count: 3
            
2025-06-11 14:03:04,404 - INFO - Selected  Attribute Graph: 
                Self-Loop Weight: 1.2
                Self-Loop Percentage / Threshold: 0.7
                Self-Loop Count: 1
            
2025-06-11 14:03:04,653 - INFO - Selected  Structural Graph
2025-06-11 14:03:04,743 - INFO - Selected  Structural Graph
2025-06-11 14:03:04,795 - INFO - Selected  Structural Graph
2025-06-11 14:03:04,817 - INFO - Selected  Structural Graph
2025-06-11 14:03:04,826 - INFO - Selected  Structural Graph
2025-06-11 14:03:04,847 - INFO - Selected  Structural Graph
2025-06-11 14:03:04,974 - INFO - Selected  Structural Graph
2025-06-11 14:03:05,044 - INFO - Selected  Attribute Graph: 
                Self-Loop Weight: 1.2
                Self-Loop Percentage / Threshold: 0.7
                Self-Loop Count: 3
            
2025-06-11 14:03:05,058 - INFO - Selected  Structural Graph
2025-06-11 14:03:05,105 - INFO - Selected  Structural Graph
2025-06-11 14:03:05,123 - INFO - Selected  Structural Graph
2025-06-11 14:03:05,145 - INFO - Selected  Structural Graph
2025-06-11 14:03:05,161 - INFO - Selected  Structural Graph
2025-06-11 14:03:05,302 - INFO - Selected  Structural Graph
2025-06-11 14:03:05,356 - INFO - Selected  Structural Graph
2025-06-11 14:03:05,372 - INFO - Selected  Structural Graph
2025-06-11 14:03:05,379 - INFO - Selected  Structural Graph
2025-06-11 14:03:05,560 - INFO - Selected  Structural Graph
2025-06-11 14:03:05,595 - INFO - Selected  Structural Graph
2025-06-11 14:03:05,668 - INFO - Selected  Structural Graph
2025-06-11 14:03:05,719 - INFO - Selected  Structural Graph
2025-06-11 14:03:05,748 - INFO - Selected  Structural Graph
2025-06-11 14:03:05,791 - INFO - Selected  Structural Graph
2025-06-11 14:03:05,839 - INFO - Selected  Structural Graph
2025-06-11 14:03:05,862 - INFO - Selected  Structural Graph
2025-06-11 14:03:05,881 - INFO - Selected  Structural Graph
2025-06-11 14:03:05,905 - INFO - Selected  Structural Graph
2025-06-11 14:03:05,916 - INFO - Selected  Structural Graph
2025-06-11 14:03:05,958 - INFO - Selected  Structural Graph
2025-06-11 14:03:06,208 - INFO - Selected  Structural Graph
2025-06-11 14:03:06,250 - INFO - Selected  Structural Graph
2025-06-11 14:03:06,264 - INFO - Selected  Attribute Graph: 
                Self-Loop Weight: 1.2
                Self-Loop Percentage / Threshold: 0.7
                Self-Loop Count: 3
            
2025-06-11 14:03:06,310 - INFO - Selected  Structural Graph
2025-06-11 14:03:06,397 - INFO - Selected  Structural Graph
2025-06-11 14:03:06,568 - INFO - Selected  Structural Graph
2025-06-11 14:03:06,621 - INFO - Selected  Structural Graph
2025-06-11 14:03:06,685 - INFO - Selected  Structural Graph
2025-06-11 14:03:06,829 - INFO - Selected  Structural Graph
2025-06-11 14:03:06,881 - INFO - Selected  Attribute Graph: 
                Self-Loop Weight: 1.2
                Self-Loop Percentage / Threshold: 0.7
                Self-Loop Count: 1
            
2025-06-11 14:03:06,909 - INFO - Selected  Structural Graph
2025-06-11 14:03:06,987 - INFO - Selected  Structural Graph
2025-06-11 14:03:07,040 - INFO - Selected  Structural Graph
2025-06-11 14:03:07,075 - INFO - Selected  Structural Graph
2025-06-11 14:03:07,130 - INFO - Selected  Structural Graph
2025-06-11 14:03:07,148 - INFO - Selected  Attribute Graph: 
                Self-Loop Weight: 1.2
                Self-Loop Percentage / Threshold: 0.7
                Self-Loop Count: 2
            
2025-06-11 14:03:07,195 - INFO - Selected  Attribute Graph: 
                Self-Loop Weight: 1.2
                Self-Loop Percentage / Threshold: 0.7
                Self-Loop Count: 1
            
2025-06-11 14:03:07,220 - INFO - Selected  Structural Graph
2025-06-11 14:03:07,295 - INFO - Selected  Attribute Graph: 
                Self-Loop Weight: 1.2
                Self-Loop Percentage / Threshold: 0.7
                Self-Loop Count: 3
            
2025-06-11 14:03:07,359 - INFO - Selected  Structural Graph
2025-06-11 14:03:07,383 - INFO - Selected  Structural Graph
2025-06-11 14:03:07,422 - INFO - Selected  Structural Graph
2025-06-11 14:03:07,475 - INFO - Selected  Structural Graph
2025-06-11 14:03:07,482 - INFO - Selected  Structural Graph
2025-06-11 14:03:07,494 - INFO - Selected  Structural Graph
2025-06-11 14:03:07,497 - INFO - Selected  Structural Graph
2025-06-11 14:03:07,500 - INFO - Selected  Structural Graph
2025-06-11 14:03:07,504 - INFO - Selected  Attribute Graph: 
                Self-Loop Weight: 1.2
                Self-Loop Percentage / Threshold: 0.7
                Self-Loop Count: 3
            
2025-06-11 14:03:07,547 - INFO - Selected  Structural Graph
2025-06-11 14:03:07,582 - INFO - Selected  Structural Graph
2025-06-11 14:03:07,597 - INFO - Selected  Structural Graph
2025-06-11 14:03:07,680 - INFO - Selected  Structural Graph
2025-06-11 14:03:07,708 - INFO - Selected  Structural Graph
2025-06-11 14:03:07,725 - INFO - Selected  Structural Graph
2025-06-11 14:03:07,757 - INFO - Selected  Structural Graph
2025-06-11 14:03:07,831 - INFO - Selected  Structural Graph
2025-06-11 14:03:07,970 - INFO - Selected  Attribute Graph: 
                Self-Loop Weight: 1.2
                Self-Loop Percentage / Threshold: 0.7
                Self-Loop Count: 2
            
2025-06-11 14:03:07,983 - INFO - Selected  Attribute Graph: 
                Self-Loop Weight: 1.2
                Self-Loop Percentage / Threshold: 0.7
                Self-Loop Count: 5
            
2025-06-11 14:03:08,026 - INFO - Selected  Attribute Graph: 
                Self-Loop Weight: 1.2
                Self-Loop Percentage / Threshold: 0.7
                Self-Loop Count: 7
            
2025-06-11 14:03:08,080 - INFO - Selected  Structural Graph
2025-06-11 14:03:08,091 - INFO - Selected  Structural Graph
2025-06-11 14:03:08,113 - INFO - Selected  Structural Graph
2025-06-11 14:03:08,137 - INFO - Selected  Structural Graph
2025-06-11 14:03:08,148 - INFO - Selected  Structural Graph
2025-06-11 14:03:08,158 - INFO - Selected  Structural Graph
2025-06-11 14:03:08,169 - INFO - Selected  Structural Graph
2025-06-11 14:03:08,182 - INFO - Selected  Attribute Graph: 
                Self-Loop Weight: 1.2
                Self-Loop Percentage / Threshold: 0.7
                Self-Loop Count: 2
            
2025-06-11 14:03:08,214 - INFO - Selected  Structural Graph
2025-06-11 14:03:08,218 - INFO - Selected  Structural Graph
2025-06-11 14:03:08,221 - INFO - Selected  Attribute Graph: 
                Self-Loop Weight: 1.2
                Self-Loop Percentage / Threshold: 0.7
                Self-Loop Count: 2
            
2025-06-11 14:03:08,238 - INFO - Selected  Structural Graph
2025-06-11 14:03:08,247 - INFO - Selected  Structural Graph
2025-06-11 14:03:08,293 - INFO - Selected  Attribute Graph: 
                Self-Loop Weight: 1.2
                Self-Loop Percentage / Threshold: 0.7
                Self-Loop Count: 4
            
2025-06-11 14:03:08,305 - INFO - Selected  Structural Graph
2025-06-11 14:03:08,310 - INFO - Selected  Attribute Graph: 
                Self-Loop Weight: 1.2
                Self-Loop Percentage / Threshold: 0.7
                Self-Loop Count: 2
            
2025-06-11 14:03:08,314 - INFO - Selected  Structural Graph
2025-06-11 14:03:08,350 - INFO - Selected  Structural Graph
2025-06-11 14:03:08,383 - INFO - Selected  Structural Graph
2025-06-11 14:03:08,415 - INFO - Selected  Structural Graph
2025-06-11 14:03:08,426 - INFO - Selected  Attribute Graph: 
                Self-Loop Weight: 1.2
                Self-Loop Percentage / Threshold: 0.7
                Self-Loop Count: 2
            
2025-06-11 14:03:08,451 - INFO - Selected  Structural Graph
2025-06-11 14:03:08,492 - INFO - Selected  Attribute Graph: 
                Self-Loop Weight: 1.2
                Self-Loop Percentage / Threshold: 0.7
                Self-Loop Count: 1
            
2025-06-11 14:03:08,503 - INFO - Selected  Attribute Graph: 
                Self-Loop Weight: 1.2
                Self-Loop Percentage / Threshold: 0.7
                Self-Loop Count: 1
            
2025-06-11 14:03:08,515 - INFO - Selected  Structural Graph
2025-06-11 14:03:08,527 - INFO - Selected  Structural Graph
2025-06-11 14:03:08,538 - INFO - Selected  Structural Graph
2025-06-11 14:03:08,561 - INFO - Selected  Attribute Graph: 
                Self-Loop Weight: 1.2
                Self-Loop Percentage / Threshold: 0.7
                Self-Loop Count: 6
            
2025-06-11 14:03:08,586 - INFO - Selected  Structural Graph
2025-06-11 14:03:08,608 - INFO - Selected  Structural Graph
2025-06-11 14:03:08,639 - INFO - Selected  Attribute Graph: 
                Self-Loop Weight: 1.2
                Self-Loop Percentage / Threshold: 0.7
                Self-Loop Count: 1
            
2025-06-11 14:03:08,715 - INFO - Selected  Attribute Graph: 
                Self-Loop Weight: 1.2
                Self-Loop Percentage / Threshold: 0.7
                Self-Loop Count: 7
            
2025-06-11 14:03:08,740 - INFO - Selected  Attribute Graph: 
                Self-Loop Weight: 1.2
                Self-Loop Percentage / Threshold: 0.7
                Self-Loop Count: 5
            
2025-06-11 14:03:08,755 - INFO - Selected  Attribute Graph: 
                Self-Loop Weight: 1.2
                Self-Loop Percentage / Threshold: 0.7
                Self-Loop Count: 3
            
2025-06-11 14:03:08,776 - INFO - Selected  Attribute Graph: 
                Self-Loop Weight: 1.2
                Self-Loop Percentage / Threshold: 0.7
                Self-Loop Count: 7
            
2025-06-11 14:03:08,806 - INFO - Selected  Attribute Graph: 
                Self-Loop Weight: 1.2
                Self-Loop Percentage / Threshold: 0.7
                Self-Loop Count: 1
            
2025-06-11 14:03:08,831 - INFO - Selected  Attribute Graph: 
                Self-Loop Weight: 1.2
                Self-Loop Percentage / Threshold: 0.7
                Self-Loop Count: 2
            
2025-06-11 14:03:08,838 - INFO - Selected  Attribute Graph: 
                Self-Loop Weight: 1.2
                Self-Loop Percentage / Threshold: 0.7
                Self-Loop Count: 2
            
2025-06-11 14:03:08,864 - INFO - Selected  Attribute Graph: 
                Self-Loop Weight: 1.2
                Self-Loop Percentage / Threshold: 0.7
                Self-Loop Count: 3
            
2025-06-11 14:03:08,878 - INFO - Selected  Structural Graph
2025-06-11 14:03:08,887 - INFO - Selected  Attribute Graph: 
                Self-Loop Weight: 1.2
                Self-Loop Percentage / Threshold: 0.7
                Self-Loop Count: 2
            
2025-06-11 14:03:08,897 - INFO - Selected  Structural Graph
2025-06-11 14:03:08,950 - INFO - Selected  Attribute Graph: 
                Self-Loop Weight: 1.2
                Self-Loop Percentage / Threshold: 0.7
                Self-Loop Count: 1
            
2025-06-11 14:03:08,964 - INFO - Selected  Attribute Graph: 
                Self-Loop Weight: 1.2
                Self-Loop Percentage / Threshold: 0.7
                Self-Loop Count: 6
            
2025-06-11 14:03:09,009 - INFO - Selected  Attribute Graph: 
                Self-Loop Weight: 1.2
                Self-Loop Percentage / Threshold: 0.7
                Self-Loop Count: 1
            
2025-06-11 14:03:09,020 - INFO - Selected  Attribute Graph: 
                Self-Loop Weight: 1.2
                Self-Loop Percentage / Threshold: 0.7
                Self-Loop Count: 1
            
2025-06-11 14:03:09,055 - INFO - Selected  Structural Graph
2025-06-11 14:03:09,063 - INFO - Selected  Structural Graph
2025-06-11 14:03:09,106 - INFO - Selected  Structural Graph
2025-06-11 14:03:09,129 - INFO - Selected  Structural Graph
2025-06-11 14:03:09,147 - INFO - Selected  Structural Graph
2025-06-11 14:03:09,156 - INFO - Selected  Attribute Graph: 
                Self-Loop Weight: 1.2
                Self-Loop Percentage / Threshold: 0.7
                Self-Loop Count: 2
            
2025-06-11 14:03:09,174 - INFO - Selected  Attribute Graph: 
                Self-Loop Weight: 1.2
                Self-Loop Percentage / Threshold: 0.7
                Self-Loop Count: 1
            
2025-06-11 14:03:09,199 - INFO - Selected  Structural Graph
2025-06-11 14:03:09,209 - INFO - Selected  Attribute Graph: 
                Self-Loop Weight: 1.2
                Self-Loop Percentage / Threshold: 0.7
                Self-Loop Count: 1
            
2025-06-11 14:03:09,213 - INFO - Selected  Attribute Graph: 
                Self-Loop Weight: 1.2
                Self-Loop Percentage / Threshold: 0.7
                Self-Loop Count: 4
            
2025-06-11 14:03:09,222 - INFO - Selected  Structural Graph
2025-06-11 14:03:09,268 - INFO - Selected  Structural Graph
2025-06-11 14:03:09,278 - INFO - Selected  Structural Graph
2025-06-11 14:03:09,325 - INFO - Selected  Structural Graph
2025-06-11 14:03:09,356 - INFO - Selected  Structural Graph
2025-06-11 14:03:09,380 - INFO - Selected  Attribute Graph: 
                Self-Loop Weight: 1.2
                Self-Loop Percentage / Threshold: 0.7
                Self-Loop Count: 1
            
2025-06-11 14:03:09,419 - INFO - Selected  Structural Graph
2025-06-11 14:03:09,468 - INFO - Selected  Attribute Graph: 
                Self-Loop Weight: 1.2
                Self-Loop Percentage / Threshold: 0.7
                Self-Loop Count: 1
            
2025-06-11 14:03:09,481 - INFO - Selected  Attribute Graph: 
                Self-Loop Weight: 1.2
                Self-Loop Percentage / Threshold: 0.7
                Self-Loop Count: 1
            
2025-06-11 14:03:09,493 - INFO - Selected  Attribute Graph: 
                Self-Loop Weight: 1.2
                Self-Loop Percentage / Threshold: 0.7
                Self-Loop Count: 1
            
2025-06-11 14:03:09,546 - INFO - Selected  Attribute Graph: 
                Self-Loop Weight: 1.2
                Self-Loop Percentage / Threshold: 0.7
                Self-Loop Count: 2
            
2025-06-11 14:03:09,571 - INFO - Selected  Structural Graph
2025-06-11 14:03:09,579 - INFO - Selected  Attribute Graph: 
                Self-Loop Weight: 1.2
                Self-Loop Percentage / Threshold: 0.7
                Self-Loop Count: 5
            
2025-06-11 14:03:09,595 - INFO - Selected  Structural Graph
2025-06-11 14:03:09,598 - INFO - Selected  Attribute Graph: 
                Self-Loop Weight: 1.2
                Self-Loop Percentage / Threshold: 0.7
                Self-Loop Count: 1
            
2025-06-11 14:03:09,604 - INFO - Selected  Attribute Graph: 
                Self-Loop Weight: 1.2
                Self-Loop Percentage / Threshold: 0.7
                Self-Loop Count: 1
            
2025-06-11 14:03:09,625 - INFO - Selected  Structural Graph
2025-06-11 14:03:09,638 - INFO - Selected  Structural Graph
2025-06-11 14:03:09,647 - INFO - Selected  Structural Graph
2025-06-11 14:03:09,651 - INFO - Selected  Structural Graph
2025-06-11 14:03:09,690 - INFO - Selected  Attribute Graph: 
                Self-Loop Weight: 1.2
                Self-Loop Percentage / Threshold: 0.7
                Self-Loop Count: 2
            
2025-06-11 14:03:09,696 - INFO - Selected  Structural Graph
2025-06-11 14:03:09,739 - INFO - Selected  Attribute Graph: 
                Self-Loop Weight: 1.2
                Self-Loop Percentage / Threshold: 0.7
                Self-Loop Count: 3
            
2025-06-11 14:03:09,762 - INFO - Selected  Structural Graph
2025-06-11 14:03:09,771 - INFO - Selected  Structural Graph
2025-06-11 14:03:09,785 - INFO - Selected  Structural Graph
2025-06-11 14:03:09,796 - INFO - Selected  Structural Graph
2025-06-11 14:03:09,799 - INFO - Selected  Attribute Graph: 
                Self-Loop Weight: 1.2
                Self-Loop Percentage / Threshold: 0.7
                Self-Loop Count: 1
            
2025-06-11 14:03:09,947 - INFO - Selected  Attribute Graph: 
                Self-Loop Weight: 1.2
                Self-Loop Percentage / Threshold: 0.7
                Self-Loop Count: 1
            
2025-06-11 14:03:09,960 - INFO - Selected  Attribute Graph: 
                Self-Loop Weight: 1.2
                Self-Loop Percentage / Threshold: 0.7
                Self-Loop Count: 2
            
2025-06-11 14:03:09,995 - INFO - Selected  Attribute Graph: 
                Self-Loop Weight: 1.2
                Self-Loop Percentage / Threshold: 0.7
                Self-Loop Count: 3
            
2025-06-11 14:03:10,038 - INFO - Selected  Attribute Graph: 
                Self-Loop Weight: 1.2
                Self-Loop Percentage / Threshold: 0.7
                Self-Loop Count: 1
            
2025-06-11 14:03:10,074 - INFO - Selected  Structural Graph
2025-06-11 14:03:10,077 - INFO - Selected  Attribute Graph: 
                Self-Loop Weight: 1.2
                Self-Loop Percentage / Threshold: 0.7
                Self-Loop Count: 6
            
2025-06-11 14:03:10,159 - INFO - Selected  Attribute Graph: 
                Self-Loop Weight: 1.2
                Self-Loop Percentage / Threshold: 0.7
                Self-Loop Count: 2
            
2025-06-11 14:03:10,198 - INFO - Selected  Structural Graph
2025-06-11 14:03:10,280 - INFO - Selected  Structural Graph
2025-06-11 14:03:10,297 - INFO - Selected  Structural Graph
2025-06-11 14:03:10,317 - INFO - Selected  Structural Graph
2025-06-11 14:03:10,340 - INFO - Selected  Structural Graph
2025-06-11 14:03:10,345 - INFO - Selected  Attribute Graph: 
                Self-Loop Weight: 1.2
                Self-Loop Percentage / Threshold: 0.7
                Self-Loop Count: 3
            
2025-06-11 14:03:10,356 - INFO - Selected  Structural Graph
2025-06-11 14:03:10,377 - INFO - Selected  Structural Graph
2025-06-11 14:03:10,396 - INFO - Selected  Attribute Graph: 
                Self-Loop Weight: 1.2
                Self-Loop Percentage / Threshold: 0.7
                Self-Loop Count: 2
            
2025-06-11 14:03:10,418 - INFO - Selected  Attribute Graph: 
                Self-Loop Weight: 1.2
                Self-Loop Percentage / Threshold: 0.7
                Self-Loop Count: 8
            
2025-06-11 14:03:10,432 - INFO - Selected  Attribute Graph: 
                Self-Loop Weight: 1.2
                Self-Loop Percentage / Threshold: 0.7
                Self-Loop Count: 1
            
2025-06-11 14:03:10,436 - INFO - Selected  Structural Graph
2025-06-11 14:03:10,483 - INFO - Selected  Structural Graph
2025-06-11 14:03:10,530 - INFO - Selected  Attribute Graph: 
                Self-Loop Weight: 1.2
                Self-Loop Percentage / Threshold: 0.7
                Self-Loop Count: 3
            
2025-06-11 14:03:10,548 - INFO - Selected  Attribute Graph: 
                Self-Loop Weight: 1.2
                Self-Loop Percentage / Threshold: 0.7
                Self-Loop Count: 5
            
2025-06-11 14:03:10,567 - INFO - Selected  Attribute Graph: 
                Self-Loop Weight: 1.2
                Self-Loop Percentage / Threshold: 0.7
                Self-Loop Count: 1
            
2025-06-11 14:03:10,577 - INFO - Selected  Structural Graph
2025-06-11 14:03:10,601 - INFO - Selected  Structural Graph
2025-06-11 14:03:10,610 - INFO - Selected  Structural Graph
2025-06-11 14:03:10,624 - INFO - Selected  Attribute Graph: 
                Self-Loop Weight: 1.2
                Self-Loop Percentage / Threshold: 0.7
                Self-Loop Count: 3
            
2025-06-11 14:03:10,634 - INFO - Selected  Structural Graph
2025-06-11 14:03:10,720 - INFO - Selected  Attribute Graph: 
                Self-Loop Weight: 1.2
                Self-Loop Percentage / Threshold: 0.7
                Self-Loop Count: 2
            
2025-06-11 14:03:10,749 - INFO - Selected  Attribute Graph: 
                Self-Loop Weight: 1.2
                Self-Loop Percentage / Threshold: 0.7
                Self-Loop Count: 3
            
2025-06-11 14:03:10,769 - INFO - Selected  Structural Graph
2025-06-11 14:03:10,779 - INFO - Selected  Attribute Graph: 
                Self-Loop Weight: 1.2
                Self-Loop Percentage / Threshold: 0.7
                Self-Loop Count: 3
            
2025-06-11 14:03:10,791 - INFO - Selected  Attribute Graph: 
                Self-Loop Weight: 1.2
                Self-Loop Percentage / Threshold: 0.7
                Self-Loop Count: 1
            
2025-06-11 14:03:10,801 - INFO - Selected  Attribute Graph: 
                Self-Loop Weight: 1.2
                Self-Loop Percentage / Threshold: 0.7
                Self-Loop Count: 4
            
2025-06-11 14:03:10,812 - INFO - Selected  Structural Graph
2025-06-11 14:03:10,838 - INFO - Selected  Structural Graph
2025-06-11 14:03:10,864 - INFO - Selected  Structural Graph
2025-06-11 14:03:10,951 - INFO - Selected  Structural Graph
2025-06-11 14:03:10,971 - INFO - Selected  Attribute Graph: 
                Self-Loop Weight: 1.2
                Self-Loop Percentage / Threshold: 0.7
                Self-Loop Count: 1
            
2025-06-11 14:03:11,009 - INFO - Selected  Attribute Graph: 
                Self-Loop Weight: 1.2
                Self-Loop Percentage / Threshold: 0.7
                Self-Loop Count: 4
            
2025-06-11 14:03:11,086 - INFO - Selected  Structural Graph
2025-06-11 14:03:11,105 - INFO - Selected  Attribute Graph: 
                Self-Loop Weight: 1.2
                Self-Loop Percentage / Threshold: 0.7
                Self-Loop Count: 5
            
2025-06-11 14:03:11,130 - INFO - Selected  Structural Graph
2025-06-11 14:03:11,149 - INFO - Selected  Structural Graph
2025-06-11 14:03:11,161 - INFO - Selected  Attribute Graph: 
                Self-Loop Weight: 1.2
                Self-Loop Percentage / Threshold: 0.7
                Self-Loop Count: 2
            
2025-06-11 14:03:11,172 - INFO - Selected  Structural Graph
2025-06-11 14:03:11,184 - INFO - Selected  Attribute Graph: 
                Self-Loop Weight: 1.2
                Self-Loop Percentage / Threshold: 0.7
                Self-Loop Count: 2
            
2025-06-11 14:03:11,228 - INFO - Selected  Structural Graph
2025-06-11 14:03:11,240 - INFO - Selected  Structural Graph
2025-06-11 14:03:11,294 - INFO - Selected  Attribute Graph: 
                Self-Loop Weight: 1.2
                Self-Loop Percentage / Threshold: 0.7
                Self-Loop Count: 2
            
2025-06-11 14:03:11,307 - INFO - Selected  Structural Graph
2025-06-11 14:03:11,315 - INFO - Selected  Attribute Graph: 
                Self-Loop Weight: 1.2
                Self-Loop Percentage / Threshold: 0.7
                Self-Loop Count: 3
            
2025-06-11 14:03:11,333 - INFO - Selected  Structural Graph
2025-06-11 14:03:11,385 - INFO - Selected  Structural Graph
2025-06-11 14:03:11,398 - INFO - Selected  Structural Graph
2025-06-11 14:03:11,401 - INFO - Selected  Attribute Graph: 
                Self-Loop Weight: 1.2
                Self-Loop Percentage / Threshold: 0.7
                Self-Loop Count: 1
            
2025-06-11 14:03:11,416 - INFO - Selected  Structural Graph
2025-06-11 14:03:11,425 - INFO - Selected  Structural Graph
2025-06-11 14:03:11,467 - INFO - Selected  Attribute Graph: 
                Self-Loop Weight: 1.2
                Self-Loop Percentage / Threshold: 0.7
                Self-Loop Count: 2
            
2025-06-11 14:03:11,489 - INFO - Selected  Attribute Graph: 
                Self-Loop Weight: 1.2
                Self-Loop Percentage / Threshold: 0.7
                Self-Loop Count: 2
            
2025-06-11 14:03:11,509 - INFO - Selected  Structural Graph
2025-06-11 14:03:11,523 - INFO - Selected  Structural Graph
2025-06-11 14:03:11,531 - INFO - Selected  Attribute Graph: 
                Self-Loop Weight: 1.2
                Self-Loop Percentage / Threshold: 0.7
                Self-Loop Count: 1
            
2025-06-11 14:03:11,543 - INFO - Selected  Structural Graph
2025-06-11 14:03:11,550 - INFO - Selected  Structural Graph
2025-06-11 14:03:11,600 - INFO - Selected  Structural Graph
2025-06-11 14:03:11,608 - INFO - Selected  Attribute Graph: 
                Self-Loop Weight: 1.2
                Self-Loop Percentage / Threshold: 0.7
                Self-Loop Count: 2
            
2025-06-11 14:03:11,715 - INFO - Selected  Structural Graph
2025-06-11 14:03:11,778 - INFO - Selected  Structural Graph
2025-06-11 14:03:11,785 - INFO - Selected  Attribute Graph: 
                Self-Loop Weight: 1.2
                Self-Loop Percentage / Threshold: 0.7
                Self-Loop Count: 2
            
2025-06-11 14:03:11,822 - INFO - Selected  Structural Graph
2025-06-11 14:03:11,842 - INFO - Selected  Attribute Graph: 
                Self-Loop Weight: 1.2
                Self-Loop Percentage / Threshold: 0.7
                Self-Loop Count: 3
            
2025-06-11 14:03:11,867 - INFO - Selected  Structural Graph
2025-06-11 14:03:11,927 - INFO - Selected  Structural Graph
2025-06-11 14:03:12,015 - INFO - Selected  Structural Graph
2025-06-11 14:03:12,188 - INFO - Selected  Structural Graph
2025-06-11 14:03:12,238 - INFO - Selected  Structural Graph
2025-06-11 14:03:12,265 - INFO - Selected  Structural Graph
2025-06-11 14:03:12,279 - INFO - Selected  Structural Graph
2025-06-11 14:03:12,285 - INFO - Selected  Attribute Graph: 
                Self-Loop Weight: 1.2
                Self-Loop Percentage / Threshold: 0.7
                Self-Loop Count: 2
            
2025-06-11 14:03:12,329 - INFO - Selected  Structural Graph
2025-06-11 14:03:12,438 - INFO - Selected  Structural Graph
2025-06-11 14:03:12,472 - INFO - Selected  Structural Graph
2025-06-11 14:03:12,551 - INFO - Selected  Structural Graph
2025-06-11 14:03:12,570 - INFO - Selected  Attribute Graph: 
                Self-Loop Weight: 1.2
                Self-Loop Percentage / Threshold: 0.7
                Self-Loop Count: 1
            
2025-06-11 14:03:12,584 - INFO - Selected  Structural Graph
2025-06-11 14:03:12,663 - INFO - Selected  Attribute Graph: 
                Self-Loop Weight: 1.2
                Self-Loop Percentage / Threshold: 0.7
                Self-Loop Count: 2
            
2025-06-11 14:03:12,721 - INFO - Selected  Structural Graph
2025-06-11 14:03:12,742 - INFO - Selected  Structural Graph
2025-06-11 14:03:12,867 - INFO - Selected  Structural Graph
2025-06-11 14:03:12,916 - INFO - Selected  Structural Graph
2025-06-11 14:03:12,982 - INFO - Selected  Structural Graph
2025-06-11 14:03:12,993 - INFO - Selected  Structural Graph
2025-06-11 14:03:13,015 - INFO - Selected  Attribute Graph: 
                Self-Loop Weight: 1.2
                Self-Loop Percentage / Threshold: 0.7
                Self-Loop Count: 1
            
2025-06-11 14:03:13,040 - INFO - Selected  Structural Graph
2025-06-11 14:03:13,052 - INFO - Selected  Structural Graph
2025-06-11 14:03:13,090 - INFO - Selected  Attribute Graph: 
                Self-Loop Weight: 1.2
                Self-Loop Percentage / Threshold: 0.7
                Self-Loop Count: 4
            
2025-06-11 14:03:13,096 - INFO - Selected  Attribute Graph: 
                Self-Loop Weight: 1.2
                Self-Loop Percentage / Threshold: 0.7
                Self-Loop Count: 1
            
2025-06-11 14:03:13,142 - INFO - Selected  Attribute Graph: 
                Self-Loop Weight: 1.2
                Self-Loop Percentage / Threshold: 0.7
                Self-Loop Count: 2
            
2025-06-11 14:03:13,239 - INFO - Selected  Attribute Graph: 
                Self-Loop Weight: 1.2
                Self-Loop Percentage / Threshold: 0.7
                Self-Loop Count: 1
            
2025-06-11 14:03:13,253 - INFO - Selected  Structural Graph
2025-06-11 14:03:13,287 - INFO - Selected  Attribute Graph: 
                Self-Loop Weight: 1.2
                Self-Loop Percentage / Threshold: 0.7
                Self-Loop Count: 10
            
2025-06-11 14:03:13,357 - INFO - Selected  Attribute Graph: 
                Self-Loop Weight: 1.2
                Self-Loop Percentage / Threshold: 0.7
                Self-Loop Count: 1
            
2025-06-11 14:03:13,460 - INFO - Selected  Structural Graph
2025-06-11 14:03:13,532 - INFO - Selected  Attribute Graph: 
                Self-Loop Weight: 1.2
                Self-Loop Percentage / Threshold: 0.7
                Self-Loop Count: 3
            
2025-06-11 14:03:13,709 - INFO - Selected  Structural Graph
2025-06-11 14:03:13,754 - INFO - Selected  Attribute Graph: 
                Self-Loop Weight: 1.2
                Self-Loop Percentage / Threshold: 0.7
                Self-Loop Count: 4
            
2025-06-11 14:03:13,797 - INFO - Selected  Attribute Graph: 
                Self-Loop Weight: 1.2
                Self-Loop Percentage / Threshold: 0.7
                Self-Loop Count: 1
            
2025-06-11 14:03:13,823 - INFO - Selected  Attribute Graph: 
                Self-Loop Weight: 1.2
                Self-Loop Percentage / Threshold: 0.7
                Self-Loop Count: 1
            
2025-06-11 14:03:13,827 - INFO - Selected  Attribute Graph: 
                Self-Loop Weight: 1.2
                Self-Loop Percentage / Threshold: 0.7
                Self-Loop Count: 6
            
2025-06-11 14:03:13,834 - INFO - Selected  Structural Graph
2025-06-11 14:03:13,889 - INFO - Selected  Attribute Graph: 
                Self-Loop Weight: 1.2
                Self-Loop Percentage / Threshold: 0.7
                Self-Loop Count: 1
            
2025-06-11 14:03:13,976 - INFO - Selected  Structural Graph
2025-06-11 14:03:14,017 - INFO - Selected  Attribute Graph: 
                Self-Loop Weight: 1.2
                Self-Loop Percentage / Threshold: 0.7
                Self-Loop Count: 5
            
2025-06-11 14:03:14,073 - INFO - Selected  Structural Graph
2025-06-11 14:03:14,081 - INFO - Selected  Attribute Graph: 
                Self-Loop Weight: 1.2
                Self-Loop Percentage / Threshold: 0.7
                Self-Loop Count: 2
            
2025-06-11 14:03:14,091 - INFO - Selected  Structural Graph
2025-06-11 14:03:14,113 - INFO - Selected  Attribute Graph: 
                Self-Loop Weight: 1.2
                Self-Loop Percentage / Threshold: 0.7
                Self-Loop Count: 2
            
2025-06-11 14:03:14,127 - INFO - Selected  Structural Graph
2025-06-11 14:03:14,133 - INFO - Selected  Attribute Graph: 
                Self-Loop Weight: 1.2
                Self-Loop Percentage / Threshold: 0.7
                Self-Loop Count: 2
            
2025-06-11 14:03:14,168 - INFO - Selected  Attribute Graph: 
                Self-Loop Weight: 1.2
                Self-Loop Percentage / Threshold: 0.7
                Self-Loop Count: 4
            
2025-06-11 14:03:14,184 - INFO - Selected  Structural Graph
2025-06-11 14:03:14,191 - INFO - Selected  Attribute Graph: 
                Self-Loop Weight: 1.2
                Self-Loop Percentage / Threshold: 0.7
                Self-Loop Count: 5
            
2025-06-11 14:03:14,264 - INFO - Selected  Attribute Graph: 
                Self-Loop Weight: 1.2
                Self-Loop Percentage / Threshold: 0.7
                Self-Loop Count: 1
            
2025-06-11 14:03:14,323 - INFO - Selected  Attribute Graph: 
                Self-Loop Weight: 1.2
                Self-Loop Percentage / Threshold: 0.7
                Self-Loop Count: 3
            
2025-06-11 14:03:14,434 - INFO - Selected  Attribute Graph: 
                Self-Loop Weight: 1.2
                Self-Loop Percentage / Threshold: 0.7
                Self-Loop Count: 4
            
2025-06-11 14:03:14,448 - INFO - Selected  Structural Graph
2025-06-11 14:03:14,461 - INFO - Selected  Structural Graph
2025-06-11 14:03:14,618 - INFO - Selected  Structural Graph
2025-06-11 14:03:14,817 - INFO - Selected  Structural Graph
2025-06-11 14:03:14,991 - INFO - Selected  Structural Graph
2025-06-11 14:03:15,041 - INFO - Selected  Structural Graph
2025-06-11 14:03:15,063 - INFO - Selected  Structural Graph
2025-06-11 14:03:15,073 - INFO - Selected  Attribute Graph: 
                Self-Loop Weight: 1.2
                Self-Loop Percentage / Threshold: 0.7
                Self-Loop Count: 3
            
2025-06-11 14:03:15,112 - INFO - Selected  Attribute Graph: 
                Self-Loop Weight: 1.2
                Self-Loop Percentage / Threshold: 0.7
                Self-Loop Count: 3
            
2025-06-11 14:03:15,132 - INFO - Selected  Structural Graph
2025-06-11 14:03:15,142 - INFO - Selected  Attribute Graph: 
                Self-Loop Weight: 1.2
                Self-Loop Percentage / Threshold: 0.7
                Self-Loop Count: 1
            
2025-06-11 14:03:15,180 - INFO - Selected  Attribute Graph: 
                Self-Loop Weight: 1.2
                Self-Loop Percentage / Threshold: 0.7
                Self-Loop Count: 1
            
2025-06-11 14:03:15,253 - INFO - Selected  Structural Graph
2025-06-11 14:03:15,291 - INFO - Selected  Structural Graph
2025-06-11 14:03:15,301 - INFO - Selected  Structural Graph
2025-06-11 14:03:15,360 - INFO - Selected  Attribute Graph: 
                Self-Loop Weight: 1.2
                Self-Loop Percentage / Threshold: 0.7
                Self-Loop Count: 1
            
2025-06-11 14:03:15,378 - INFO - Selected  Attribute Graph: 
                Self-Loop Weight: 1.2
                Self-Loop Percentage / Threshold: 0.7
                Self-Loop Count: 2
            
2025-06-11 14:03:15,416 - INFO - Selected  Attribute Graph: 
                Self-Loop Weight: 1.2
                Self-Loop Percentage / Threshold: 0.7
                Self-Loop Count: 1
            
2025-06-11 14:03:15,445 - INFO - Selected  Structural Graph
2025-06-11 14:03:15,467 - INFO - Selected  Structural Graph
2025-06-11 14:03:15,474 - INFO - Selected  Attribute Graph: 
                Self-Loop Weight: 1.2
                Self-Loop Percentage / Threshold: 0.7
                Self-Loop Count: 4
            
2025-06-11 14:03:15,522 - INFO - Selected  Attribute Graph: 
                Self-Loop Weight: 1.2
                Self-Loop Percentage / Threshold: 0.7
                Self-Loop Count: 4
            
2025-06-11 14:03:15,554 - INFO - Selected  Structural Graph
2025-06-11 14:03:15,587 - INFO - Selected  Structural Graph
2025-06-11 14:03:15,776 - INFO - Selected  Structural Graph
2025-06-11 14:03:15,847 - INFO - Selected  Attribute Graph: 
                Self-Loop Weight: 1.2
                Self-Loop Percentage / Threshold: 0.7
                Self-Loop Count: 3
            
2025-06-11 14:03:15,862 - INFO - Selected  Structural Graph
2025-06-11 14:03:16,098 - INFO - Selected  Attribute Graph: 
                Self-Loop Weight: 1.2
                Self-Loop Percentage / Threshold: 0.7
                Self-Loop Count: 5
            
2025-06-11 14:03:16,126 - INFO - Selected  Attribute Graph: 
                Self-Loop Weight: 1.2
                Self-Loop Percentage / Threshold: 0.7
                Self-Loop Count: 4
            
2025-06-11 14:03:16,139 - INFO - Selected  Attribute Graph: 
                Self-Loop Weight: 1.2
                Self-Loop Percentage / Threshold: 0.7
                Self-Loop Count: 4
            
2025-06-11 14:03:16,251 - INFO - Selected  Attribute Graph: 
                Self-Loop Weight: 1.2
                Self-Loop Percentage / Threshold: 0.7
                Self-Loop Count: 2
            
2025-06-11 14:03:16,336 - INFO - Selected  Attribute Graph: 
                Self-Loop Weight: 1.2
                Self-Loop Percentage / Threshold: 0.7
                Self-Loop Count: 2
            
2025-06-11 14:03:16,386 - INFO - Selected  Attribute Graph: 
                Self-Loop Weight: 1.2
                Self-Loop Percentage / Threshold: 0.7
                Self-Loop Count: 2
            
2025-06-11 14:03:16,393 - INFO - Selected  Attribute Graph: 
                Self-Loop Weight: 1.2
                Self-Loop Percentage / Threshold: 0.7
                Self-Loop Count: 1
            
2025-06-11 14:03:16,421 - INFO - Selected  Structural Graph
2025-06-11 14:03:16,449 - INFO - Selected  Structural Graph
2025-06-11 14:03:16,608 - INFO - Selected  Structural Graph
2025-06-11 14:03:16,672 - INFO - Selected  Attribute Graph: 
                Self-Loop Weight: 1.2
                Self-Loop Percentage / Threshold: 0.7
                Self-Loop Count: 2
            
2025-06-11 14:03:16,756 - INFO - Selected  Structural Graph
2025-06-11 14:03:16,774 - INFO - Selected  Attribute Graph: 
                Self-Loop Weight: 1.2
                Self-Loop Percentage / Threshold: 0.7
                Self-Loop Count: 1
            
2025-06-11 14:03:16,791 - INFO - Selected  Structural Graph
2025-06-11 14:03:16,818 - INFO - Selected  Structural Graph
2025-06-11 14:03:16,830 - INFO - Selected  Attribute Graph: 
                Self-Loop Weight: 1.2
                Self-Loop Percentage / Threshold: 0.7
                Self-Loop Count: 1
            
2025-06-11 14:03:16,930 - INFO - Selected  Attribute Graph: 
                Self-Loop Weight: 1.2
                Self-Loop Percentage / Threshold: 0.7
                Self-Loop Count: 2
            
2025-06-11 14:03:17,004 - INFO - Selected  Attribute Graph: 
                Self-Loop Weight: 1.2
                Self-Loop Percentage / Threshold: 0.7
                Self-Loop Count: 4
            
2025-06-11 14:03:17,050 - INFO - Selected  Attribute Graph: 
                Self-Loop Weight: 1.2
                Self-Loop Percentage / Threshold: 0.7
                Self-Loop Count: 3
            
2025-06-11 14:03:17,070 - INFO - Selected  Structural Graph
2025-06-11 14:03:17,123 - INFO - Selected  Structural Graph
2025-06-11 14:03:17,229 - INFO - Selected  Structural Graph
2025-06-11 14:03:17,318 - INFO - Selected  Attribute Graph: 
                Self-Loop Weight: 1.2
                Self-Loop Percentage / Threshold: 0.7
                Self-Loop Count: 3
            
2025-06-11 14:03:17,336 - INFO - Selected  Attribute Graph: 
                Self-Loop Weight: 1.2
                Self-Loop Percentage / Threshold: 0.7
                Self-Loop Count: 2
            
2025-06-11 14:03:17,351 - INFO - Selected  Attribute Graph: 
                Self-Loop Weight: 1.2
                Self-Loop Percentage / Threshold: 0.7
                Self-Loop Count: 4
            
2025-06-11 14:03:17,497 - INFO - Selected  Structural Graph
2025-06-11 14:03:17,535 - INFO - Selected  Structural Graph
2025-06-11 14:03:17,565 - INFO - Selected  Structural Graph
2025-06-11 14:03:17,709 - INFO - Selected  Attribute Graph: 
                Self-Loop Weight: 1.2
                Self-Loop Percentage / Threshold: 0.7
                Self-Loop Count: 2
            
2025-06-11 14:03:17,713 - INFO - Selected  Attribute Graph: 
                Self-Loop Weight: 1.2
                Self-Loop Percentage / Threshold: 0.7
                Self-Loop Count: 2
            
2025-06-11 14:03:17,764 - INFO - Selected  Structural Graph
2025-06-11 14:03:17,774 - INFO - Selected  Attribute Graph: 
                Self-Loop Weight: 1.2
                Self-Loop Percentage / Threshold: 0.7
                Self-Loop Count: 3
            
2025-06-11 14:03:17,795 - INFO - Selected  Structural Graph
2025-06-11 14:03:17,816 - INFO - Selected  Attribute Graph: 
                Self-Loop Weight: 1.2
                Self-Loop Percentage / Threshold: 0.7
                Self-Loop Count: 1
            
2025-06-11 14:03:17,875 - INFO - Selected  Structural Graph
2025-06-11 14:03:18,019 - INFO - Selected  Structural Graph
2025-06-11 14:03:18,038 - INFO - Selected  Attribute Graph: 
                Self-Loop Weight: 1.2
                Self-Loop Percentage / Threshold: 0.7
                Self-Loop Count: 1
            
2025-06-11 14:03:18,051 - INFO - Selected  Structural Graph
2025-06-11 14:03:18,060 - INFO - Selected  Structural Graph
2025-06-11 14:03:18,071 - INFO - Selected  Attribute Graph: 
                Self-Loop Weight: 1.2
                Self-Loop Percentage / Threshold: 0.7
                Self-Loop Count: 2
            
2025-06-11 14:03:18,084 - INFO - Selected  Attribute Graph: 
                Self-Loop Weight: 1.2
                Self-Loop Percentage / Threshold: 0.7
                Self-Loop Count: 1
            
2025-06-11 14:03:18,169 - INFO - Selected  Structural Graph
2025-06-11 14:03:18,185 - INFO - Selected  Attribute Graph: 
                Self-Loop Weight: 1.2
                Self-Loop Percentage / Threshold: 0.7
                Self-Loop Count: 3
            
2025-06-11 14:03:18,268 - INFO - Selected  Structural Graph
2025-06-11 14:03:18,276 - INFO - Selected  Attribute Graph: 
                Self-Loop Weight: 1.2
                Self-Loop Percentage / Threshold: 0.7
                Self-Loop Count: 4
            
2025-06-11 14:03:18,294 - INFO - Selected  Attribute Graph: 
                Self-Loop Weight: 1.2
                Self-Loop Percentage / Threshold: 0.7
                Self-Loop Count: 4
            
2025-06-11 14:03:18,306 - INFO - Selected  Structural Graph
2025-06-11 14:03:18,321 - INFO - Selected  Structural Graph
2025-06-11 14:03:18,343 - INFO - Selected  Structural Graph
2025-06-11 14:03:18,354 - INFO - Selected  Attribute Graph: 
                Self-Loop Weight: 1.2
                Self-Loop Percentage / Threshold: 0.7
                Self-Loop Count: 2
            
2025-06-11 14:03:18,393 - INFO - Selected  Structural Graph
2025-06-11 14:03:18,476 - INFO - Selected  Attribute Graph: 
                Self-Loop Weight: 1.2
                Self-Loop Percentage / Threshold: 0.7
                Self-Loop Count: 5
            
2025-06-11 14:03:18,509 - INFO - Selected  Attribute Graph: 
                Self-Loop Weight: 1.2
                Self-Loop Percentage / Threshold: 0.7
                Self-Loop Count: 2
            
2025-06-11 14:03:18,577 - INFO - Selected  Attribute Graph: 
                Self-Loop Weight: 1.2
                Self-Loop Percentage / Threshold: 0.7
                Self-Loop Count: 5
            
2025-06-11 14:03:18,630 - INFO - Selected  Attribute Graph: 
                Self-Loop Weight: 1.2
                Self-Loop Percentage / Threshold: 0.7
                Self-Loop Count: 6
            
2025-06-11 14:03:18,688 - INFO - Selected  Attribute Graph: 
                Self-Loop Weight: 1.2
                Self-Loop Percentage / Threshold: 0.7
                Self-Loop Count: 2
            
2025-06-11 14:03:18,707 - INFO - Selected  Attribute Graph: 
                Self-Loop Weight: 1.2
                Self-Loop Percentage / Threshold: 0.7
                Self-Loop Count: 1
            
2025-06-11 14:03:18,715 - INFO - Selected  Attribute Graph: 
                Self-Loop Weight: 1.2
                Self-Loop Percentage / Threshold: 0.7
                Self-Loop Count: 4
            
2025-06-11 14:03:18,808 - INFO - Selected  Structural Graph
2025-06-11 14:03:18,913 - INFO - Selected  Structural Graph
2025-06-11 14:03:19,042 - INFO - Selected  Attribute Graph: 
                Self-Loop Weight: 1.2
                Self-Loop Percentage / Threshold: 0.7
                Self-Loop Count: 3
            
2025-06-11 14:03:19,055 - INFO - Selected  Structural Graph
2025-06-11 14:03:19,091 - INFO - Selected  Structural Graph
2025-06-11 14:03:19,176 - INFO - Selected  Attribute Graph: 
                Self-Loop Weight: 1.2
                Self-Loop Percentage / Threshold: 0.7
                Self-Loop Count: 1
            
2025-06-11 14:03:19,208 - INFO - Selected  Structural Graph
2025-06-11 14:03:19,437 - INFO - Selected  Attribute Graph: 
                Self-Loop Weight: 1.2
                Self-Loop Percentage / Threshold: 0.7
                Self-Loop Count: 1
            
2025-06-11 14:03:19,553 - INFO - Selected  Attribute Graph: 
                Self-Loop Weight: 1.2
                Self-Loop Percentage / Threshold: 0.7
                Self-Loop Count: 5
            
2025-06-11 14:03:19,570 - INFO - Selected  Attribute Graph: 
                Self-Loop Weight: 1.2
                Self-Loop Percentage / Threshold: 0.7
                Self-Loop Count: 4
            
2025-06-11 14:03:19,660 - INFO - Selected  Structural Graph
2025-06-11 14:03:19,670 - INFO - Selected  Attribute Graph: 
                Self-Loop Weight: 1.2
                Self-Loop Percentage / Threshold: 0.7
                Self-Loop Count: 2
            
2025-06-11 14:03:19,712 - INFO - Selected  Attribute Graph: 
                Self-Loop Weight: 1.2
                Self-Loop Percentage / Threshold: 0.7
                Self-Loop Count: 3
            
2025-06-11 14:03:19,915 - INFO - Selected  Attribute Graph: 
                Self-Loop Weight: 1.2
                Self-Loop Percentage / Threshold: 0.7
                Self-Loop Count: 4
            
2025-06-11 14:03:19,969 - INFO - Selected  Attribute Graph: 
                Self-Loop Weight: 1.2
                Self-Loop Percentage / Threshold: 0.7
                Self-Loop Count: 1
            
2025-06-11 14:03:20,155 - INFO - Selected  Attribute Graph: 
                Self-Loop Weight: 1.2
                Self-Loop Percentage / Threshold: 0.7
                Self-Loop Count: 3
            
2025-06-11 14:03:20,249 - INFO - Selected  Attribute Graph: 
                Self-Loop Weight: 1.2
                Self-Loop Percentage / Threshold: 0.7
                Self-Loop Count: 4
            
2025-06-11 14:03:20,264 - INFO - Selected  Attribute Graph: 
                Self-Loop Weight: 1.2
                Self-Loop Percentage / Threshold: 0.7
                Self-Loop Count: 5
            
2025-06-11 14:03:20,276 - INFO - Selected  Attribute Graph: 
                Self-Loop Weight: 1.2
                Self-Loop Percentage / Threshold: 0.7
                Self-Loop Count: 3
            
2025-06-11 14:03:20,438 - INFO - Selected  Attribute Graph: 
                Self-Loop Weight: 1.2
                Self-Loop Percentage / Threshold: 0.7
                Self-Loop Count: 1
            
2025-06-11 14:03:20,461 - INFO - Selected  Attribute Graph: 
                Self-Loop Weight: 1.2
                Self-Loop Percentage / Threshold: 0.7
                Self-Loop Count: 3
            
2025-06-11 14:03:20,498 - INFO - Selected  Attribute Graph: 
                Self-Loop Weight: 1.2
                Self-Loop Percentage / Threshold: 0.7
                Self-Loop Count: 2
            
2025-06-11 14:03:20,503 - INFO - Selected  Attribute Graph: 
                Self-Loop Weight: 1.2
                Self-Loop Percentage / Threshold: 0.7
                Self-Loop Count: 5
            
2025-06-11 14:03:20,546 - INFO - Selected  Structural Graph
2025-06-11 14:03:20,565 - INFO - Selected  Structural Graph
2025-06-11 14:03:20,572 - INFO - Selected  Structural Graph
2025-06-11 14:03:20,727 - INFO - Selected  Attribute Graph: 
                Self-Loop Weight: 1.2
                Self-Loop Percentage / Threshold: 0.7
                Self-Loop Count: 2
            
2025-06-11 14:03:20,770 - INFO - Selected  Structural Graph
2025-06-11 14:03:20,813 - INFO - Selected  Attribute Graph: 
                Self-Loop Weight: 1.2
                Self-Loop Percentage / Threshold: 0.7
                Self-Loop Count: 3
            
2025-06-11 14:03:20,823 - INFO - Selected  Attribute Graph: 
                Self-Loop Weight: 1.2
                Self-Loop Percentage / Threshold: 0.7
                Self-Loop Count: 2
            
2025-06-11 14:03:20,874 - INFO - Selected  Attribute Graph: 
                Self-Loop Weight: 1.2
                Self-Loop Percentage / Threshold: 0.7
                Self-Loop Count: 2
            
2025-06-11 14:03:20,915 - INFO - Selected  Structural Graph
2025-06-11 14:03:20,920 - INFO - Selected  Structural Graph
2025-06-11 14:03:20,934 - INFO - Selected  Structural Graph
2025-06-11 14:03:21,083 - INFO - Selected  Attribute Graph: 
                Self-Loop Weight: 1.2
                Self-Loop Percentage / Threshold: 0.7
                Self-Loop Count: 5
            
2025-06-11 14:03:21,105 - INFO - Selected  Attribute Graph: 
                Self-Loop Weight: 1.2
                Self-Loop Percentage / Threshold: 0.7
                Self-Loop Count: 3
            
2025-06-11 14:03:21,115 - INFO - Selected  Structural Graph
2025-06-11 14:03:21,129 - INFO - Selected  Attribute Graph: 
                Self-Loop Weight: 1.2
                Self-Loop Percentage / Threshold: 0.7
                Self-Loop Count: 4
            
2025-06-11 14:03:21,272 - INFO - Selected  Attribute Graph: 
                Self-Loop Weight: 1.2
                Self-Loop Percentage / Threshold: 0.7
                Self-Loop Count: 2
            
2025-06-11 14:03:21,311 - INFO - Selected  Attribute Graph: 
                Self-Loop Weight: 1.2
                Self-Loop Percentage / Threshold: 0.7
                Self-Loop Count: 2
            
2025-06-11 14:03:21,334 - INFO - Selected  Structural Graph
2025-06-11 14:03:21,354 - INFO - Selected  Attribute Graph: 
                Self-Loop Weight: 1.2
                Self-Loop Percentage / Threshold: 0.7
                Self-Loop Count: 1
            
2025-06-11 14:03:21,394 - INFO - Selected  Attribute Graph: 
                Self-Loop Weight: 1.2
                Self-Loop Percentage / Threshold: 0.7
                Self-Loop Count: 2
            
2025-06-11 14:03:21,461 - INFO - Selected  Attribute Graph: 
                Self-Loop Weight: 1.2
                Self-Loop Percentage / Threshold: 0.7
                Self-Loop Count: 2
            
2025-06-11 14:03:21,588 - INFO - Selected  Attribute Graph: 
                Self-Loop Weight: 1.2
                Self-Loop Percentage / Threshold: 0.7
                Self-Loop Count: 7
            
2025-06-11 14:03:21,717 - INFO - Selected  Attribute Graph: 
                Self-Loop Weight: 1.2
                Self-Loop Percentage / Threshold: 0.7
                Self-Loop Count: 3
            
2025-06-11 14:03:21,747 - INFO - Selected  Structural Graph
2025-06-11 14:03:21,761 - INFO - Selected  Attribute Graph: 
                Self-Loop Weight: 1.2
                Self-Loop Percentage / Threshold: 0.7
                Self-Loop Count: 1
            
2025-06-11 14:03:21,770 - INFO - Selected  Attribute Graph: 
                Self-Loop Weight: 1.2
                Self-Loop Percentage / Threshold: 0.7
                Self-Loop Count: 4
            
2025-06-11 14:03:21,789 - INFO - Selected  Attribute Graph: 
                Self-Loop Weight: 1.2
                Self-Loop Percentage / Threshold: 0.7
                Self-Loop Count: 2
            
2025-06-11 14:03:21,797 - INFO - Selected  Attribute Graph: 
                Self-Loop Weight: 1.2
                Self-Loop Percentage / Threshold: 0.7
                Self-Loop Count: 1
            
2025-06-11 14:03:21,995 - INFO - Selected  Attribute Graph: 
                Self-Loop Weight: 1.2
                Self-Loop Percentage / Threshold: 0.7
                Self-Loop Count: 2
            
2025-06-11 14:03:22,047 - INFO - Selected  Attribute Graph: 
                Self-Loop Weight: 1.2
                Self-Loop Percentage / Threshold: 0.7
                Self-Loop Count: 2
            
2025-06-11 14:03:22,074 - INFO - Selected  Structural Graph
2025-06-11 14:03:22,093 - INFO - Selected  Attribute Graph: 
                Self-Loop Weight: 1.2
                Self-Loop Percentage / Threshold: 0.7
                Self-Loop Count: 4
            
2025-06-11 14:03:22,111 - INFO - Selected  Attribute Graph: 
                Self-Loop Weight: 1.2
                Self-Loop Percentage / Threshold: 0.7
                Self-Loop Count: 2
            
2025-06-11 14:03:22,130 - INFO - Selected  Attribute Graph: 
                Self-Loop Weight: 1.2
                Self-Loop Percentage / Threshold: 0.7
                Self-Loop Count: 13
            
2025-06-11 14:03:22,153 - INFO - Selected  Structural Graph
2025-06-11 14:03:22,281 - INFO - Selected  Attribute Graph: 
                Self-Loop Weight: 1.2
                Self-Loop Percentage / Threshold: 0.7
                Self-Loop Count: 6
            
2025-06-11 14:03:22,302 - INFO - Selected  Structural Graph
2025-06-11 14:03:22,315 - INFO - Selected  Attribute Graph: 
                Self-Loop Weight: 1.2
                Self-Loop Percentage / Threshold: 0.7
                Self-Loop Count: 2
            
2025-06-11 14:03:22,332 - INFO - Selected  Attribute Graph: 
                Self-Loop Weight: 1.2
                Self-Loop Percentage / Threshold: 0.7
                Self-Loop Count: 1
            
2025-06-11 14:03:22,336 - INFO - Selected  Attribute Graph: 
                Self-Loop Weight: 1.2
                Self-Loop Percentage / Threshold: 0.7
                Self-Loop Count: 1
            
2025-06-11 14:03:22,508 - INFO - Selected  Attribute Graph: 
                Self-Loop Weight: 1.2
                Self-Loop Percentage / Threshold: 0.7
                Self-Loop Count: 3
            
2025-06-11 14:03:22,559 - INFO - Selected  Structural Graph
2025-06-11 14:03:22,565 - INFO - Selected  Structural Graph
2025-06-11 14:03:22,582 - INFO - Selected  Attribute Graph: 
                Self-Loop Weight: 1.2
                Self-Loop Percentage / Threshold: 0.7
                Self-Loop Count: 4
            
2025-06-11 14:03:22,599 - INFO - Selected  Structural Graph
2025-06-11 14:03:22,619 - INFO - Selected  Attribute Graph: 
                Self-Loop Weight: 1.2
                Self-Loop Percentage / Threshold: 0.7
                Self-Loop Count: 1
            
2025-06-11 14:03:22,709 - INFO - Selected  Attribute Graph: 
                Self-Loop Weight: 1.2
                Self-Loop Percentage / Threshold: 0.7
                Self-Loop Count: 4
            
2025-06-11 14:03:22,763 - INFO - Selected  Attribute Graph: 
                Self-Loop Weight: 1.2
                Self-Loop Percentage / Threshold: 0.7
                Self-Loop Count: 3
            
2025-06-11 14:03:22,777 - INFO - Selected  Attribute Graph: 
                Self-Loop Weight: 1.2
                Self-Loop Percentage / Threshold: 0.7
                Self-Loop Count: 2
            
2025-06-11 14:03:22,831 - INFO - Selected  Attribute Graph: 
                Self-Loop Weight: 1.2
                Self-Loop Percentage / Threshold: 0.7
                Self-Loop Count: 2
            
2025-06-11 14:03:22,844 - INFO - Selected  Structural Graph
2025-06-11 14:03:22,998 - INFO - Selected  Attribute Graph: 
                Self-Loop Weight: 1.2
                Self-Loop Percentage / Threshold: 0.7
                Self-Loop Count: 1
            
2025-06-11 14:03:23,089 - INFO - Selected  Structural Graph
2025-06-11 14:03:23,171 - INFO - Selected  Structural Graph
2025-06-11 14:03:23,192 - INFO - Selected  Structural Graph
2025-06-11 14:03:23,197 - INFO - Selected  Structural Graph
2025-06-11 14:03:23,245 - INFO - Selected  Attribute Graph: 
                Self-Loop Weight: 1.2
                Self-Loop Percentage / Threshold: 0.7
                Self-Loop Count: 3
            
2025-06-11 14:03:23,316 - INFO - Selected  Structural Graph
2025-06-11 14:03:23,338 - INFO - Selected  Structural Graph
2025-06-11 14:03:23,502 - INFO - Selected  Attribute Graph: 
                Self-Loop Weight: 1.2
                Self-Loop Percentage / Threshold: 0.7
                Self-Loop Count: 1
            
2025-06-11 14:03:23,582 - INFO - Selected  Attribute Graph: 
                Self-Loop Weight: 1.2
                Self-Loop Percentage / Threshold: 0.7
                Self-Loop Count: 1
            
2025-06-11 14:03:23,589 - INFO - Selected  Attribute Graph: 
                Self-Loop Weight: 1.2
                Self-Loop Percentage / Threshold: 0.7
                Self-Loop Count: 4
            
2025-06-11 14:03:23,592 - INFO - Selected  Structural Graph
2025-06-11 14:03:23,629 - INFO - Selected  Structural Graph
2025-06-11 14:03:23,636 - INFO - Selected  Structural Graph
2025-06-11 14:03:23,661 - INFO - Selected  Structural Graph
2025-06-11 14:03:23,713 - INFO - Selected  Structural Graph
2025-06-11 14:03:23,817 - INFO - Selected  Attribute Graph: 
                Self-Loop Weight: 1.2
                Self-Loop Percentage / Threshold: 0.7
                Self-Loop Count: 5
            
2025-06-11 14:03:23,842 - INFO - Selected  Attribute Graph: 
                Self-Loop Weight: 1.2
                Self-Loop Percentage / Threshold: 0.7
                Self-Loop Count: 2
            
2025-06-11 14:03:23,851 - INFO - Selected  Attribute Graph: 
                Self-Loop Weight: 1.2
                Self-Loop Percentage / Threshold: 0.7
                Self-Loop Count: 2
            
2025-06-11 14:03:23,861 - INFO - Selected  Structural Graph
2025-06-11 14:03:23,894 - INFO - Selected  Structural Graph
2025-06-11 14:03:23,907 - INFO - Selected  Attribute Graph: 
                Self-Loop Weight: 1.2
                Self-Loop Percentage / Threshold: 0.7
                Self-Loop Count: 9
            
2025-06-11 14:03:24,091 - INFO - Selected  Structural Graph
2025-06-11 14:03:24,116 - INFO - Selected  Attribute Graph: 
                Self-Loop Weight: 1.2
                Self-Loop Percentage / Threshold: 0.7
                Self-Loop Count: 4
            
2025-06-11 14:03:24,165 - INFO - Selected  Attribute Graph: 
                Self-Loop Weight: 1.2
                Self-Loop Percentage / Threshold: 0.7
                Self-Loop Count: 3
            
2025-06-11 14:03:24,247 - INFO - Selected  Attribute Graph: 
                Self-Loop Weight: 1.2
                Self-Loop Percentage / Threshold: 0.7
                Self-Loop Count: 3
            
2025-06-11 14:03:24,267 - INFO - Selected  Structural Graph
2025-06-11 14:03:24,350 - INFO - Selected  Structural Graph
2025-06-11 14:03:24,427 - INFO - Selected  Structural Graph
2025-06-11 14:03:24,448 - INFO - Selected  Attribute Graph: 
                Self-Loop Weight: 1.2
                Self-Loop Percentage / Threshold: 0.7
                Self-Loop Count: 7
            
2025-06-11 14:03:24,493 - INFO - Selected  Structural Graph
2025-06-11 14:03:24,523 - INFO - Selected  Attribute Graph: 
                Self-Loop Weight: 1.2
                Self-Loop Percentage / Threshold: 0.7
                Self-Loop Count: 5
            
2025-06-11 14:03:24,537 - INFO - Selected  Structural Graph
2025-06-11 14:03:24,547 - INFO - Selected  Structural Graph
2025-06-11 14:03:24,596 - INFO - Selected  Attribute Graph: 
                Self-Loop Weight: 1.2
                Self-Loop Percentage / Threshold: 0.7
                Self-Loop Count: 2
            
2025-06-11 14:03:24,693 - INFO - Selected  Attribute Graph: 
                Self-Loop Weight: 1.2
                Self-Loop Percentage / Threshold: 0.7
                Self-Loop Count: 9
            
2025-06-11 14:03:24,736 - INFO - Selected  Structural Graph
2025-06-11 14:03:24,821 - INFO - Selected  Structural Graph
2025-06-11 14:03:24,839 - INFO - Selected  Attribute Graph: 
                Self-Loop Weight: 1.2
                Self-Loop Percentage / Threshold: 0.7
                Self-Loop Count: 1
            
2025-06-11 14:03:24,874 - INFO - Selected  Attribute Graph: 
                Self-Loop Weight: 1.2
                Self-Loop Percentage / Threshold: 0.7
                Self-Loop Count: 4
            
2025-06-11 14:03:24,930 - INFO - Selected  Attribute Graph: 
                Self-Loop Weight: 1.2
                Self-Loop Percentage / Threshold: 0.7
                Self-Loop Count: 4
            
2025-06-11 14:03:25,028 - INFO - Selected  Structural Graph
2025-06-11 14:03:25,050 - INFO - Selected  Structural Graph
2025-06-11 14:03:25,061 - INFO - Selected  Structural Graph
2025-06-11 14:03:25,133 - INFO - Selected  Structural Graph
2025-06-11 14:03:25,148 - INFO - Selected  Structural Graph
2025-06-11 14:03:25,154 - INFO - Selected  Attribute Graph: 
                Self-Loop Weight: 1.2
                Self-Loop Percentage / Threshold: 0.7
                Self-Loop Count: 6
            
2025-06-11 14:03:25,193 - INFO - Selected  Attribute Graph: 
                Self-Loop Weight: 1.2
                Self-Loop Percentage / Threshold: 0.7
                Self-Loop Count: 1
            
2025-06-11 14:03:25,200 - INFO - Selected  Structural Graph
2025-06-11 14:03:25,337 - INFO - Selected  Structural Graph
2025-06-11 14:03:25,365 - INFO - Selected  Structural Graph
2025-06-11 14:03:25,386 - INFO - Selected  Structural Graph
2025-06-11 14:03:25,390 - INFO - Selected  Attribute Graph: 
                Self-Loop Weight: 1.2
                Self-Loop Percentage / Threshold: 0.7
                Self-Loop Count: 2
            
2025-06-11 14:03:25,468 - INFO - Selected  Structural Graph
2025-06-11 14:03:25,473 - INFO - Selected  Structural Graph
2025-06-11 14:03:25,618 - INFO - Selected  Structural Graph
2025-06-11 14:03:25,670 - INFO - Selected  Structural Graph
2025-06-11 14:03:25,684 - INFO - Selected  Attribute Graph: 
                Self-Loop Weight: 1.2
                Self-Loop Percentage / Threshold: 0.7
                Self-Loop Count: 1
            
2025-06-11 14:03:25,725 - INFO - Selected  Structural Graph
2025-06-11 14:03:25,747 - INFO - Selected  Structural Graph
2025-06-11 14:03:25,759 - INFO - Selected  Attribute Graph: 
                Self-Loop Weight: 1.2
                Self-Loop Percentage / Threshold: 0.7
                Self-Loop Count: 3
            
2025-06-11 14:03:26,036 - INFO - Selected  Structural Graph
2025-06-11 14:03:26,084 - INFO - Selected  Attribute Graph: 
                Self-Loop Weight: 1.2
                Self-Loop Percentage / Threshold: 0.7
                Self-Loop Count: 1
            
2025-06-11 14:03:26,135 - INFO - Selected  Attribute Graph: 
                Self-Loop Weight: 1.2
                Self-Loop Percentage / Threshold: 0.7
                Self-Loop Count: 2
            
2025-06-11 14:03:26,202 - INFO - Selected  Attribute Graph: 
                Self-Loop Weight: 1.2
                Self-Loop Percentage / Threshold: 0.7
                Self-Loop Count: 2
            
2025-06-11 14:03:26,223 - INFO - Selected  Attribute Graph: 
                Self-Loop Weight: 1.2
                Self-Loop Percentage / Threshold: 0.7
                Self-Loop Count: 6
            
2025-06-11 14:03:26,232 - INFO - Selected  Structural Graph
2025-06-11 14:03:26,358 - INFO - Selected  Attribute Graph: 
                Self-Loop Weight: 1.2
                Self-Loop Percentage / Threshold: 0.7
                Self-Loop Count: 2
            
2025-06-11 14:03:26,407 - INFO - Selected  Structural Graph
2025-06-11 14:03:26,411 - INFO - Selected  Structural Graph
2025-06-11 14:03:26,424 - INFO - Selected  Attribute Graph: 
                Self-Loop Weight: 1.2
                Self-Loop Percentage / Threshold: 0.7
                Self-Loop Count: 1
            
2025-06-11 14:03:26,447 - INFO - Selected  Attribute Graph: 
                Self-Loop Weight: 1.2
                Self-Loop Percentage / Threshold: 0.7
                Self-Loop Count: 3
            
2025-06-11 14:03:26,455 - INFO - Selected  Structural Graph
2025-06-11 14:03:26,611 - INFO - Selected  Attribute Graph: 
                Self-Loop Weight: 1.2
                Self-Loop Percentage / Threshold: 0.7
                Self-Loop Count: 1
            
2025-06-11 14:03:26,672 - INFO - Selected  Structural Graph
2025-06-11 14:03:26,728 - INFO - Selected  Structural Graph
2025-06-11 14:03:26,757 - INFO - Selected  Attribute Graph: 
                Self-Loop Weight: 1.2
                Self-Loop Percentage / Threshold: 0.7
                Self-Loop Count: 4
            
2025-06-11 14:03:26,768 - INFO - Selected  Structural Graph
2025-06-11 14:03:26,788 - INFO - Selected  Structural Graph
2025-06-11 14:03:26,901 - INFO - Selected  Attribute Graph: 
                Self-Loop Weight: 1.2
                Self-Loop Percentage / Threshold: 0.7
                Self-Loop Count: 4
            
2025-06-11 14:03:26,951 - INFO - Selected  Structural Graph
2025-06-11 14:03:26,974 - INFO - Selected  Attribute Graph: 
                Self-Loop Weight: 1.2
                Self-Loop Percentage / Threshold: 0.7
                Self-Loop Count: 2
            
2025-06-11 14:03:26,988 - INFO - Selected  Attribute Graph: 
                Self-Loop Weight: 1.2
                Self-Loop Percentage / Threshold: 0.7
                Self-Loop Count: 1
            
2025-06-11 14:03:27,008 - INFO - Selected  Structural Graph
2025-06-11 14:03:27,059 - INFO - Selected  Structural Graph
2025-06-11 14:03:27,067 - INFO - Selected  Structural Graph
2025-06-11 14:03:28,368 - INFO - Selected  Structural Graph
2025-06-11 14:03:28,373 - INFO - Selected  Attribute Graph: 
                Self-Loop Weight: 1.2
                Self-Loop Percentage / Threshold: 0.7
                Self-Loop Count: 1
            
2025-06-11 14:03:28,380 - INFO - Selected  Structural Graph
2025-06-11 14:03:28,389 - INFO - Selected  Structural Graph
2025-06-11 14:03:28,395 - INFO - Selected  Attribute Graph: 
                Self-Loop Weight: 1.2
                Self-Loop Percentage / Threshold: 0.7
                Self-Loop Count: 1
            
2025-06-11 14:03:28,401 - INFO - Selected  Structural Graph
2025-06-11 14:03:28,408 - INFO - Selected  Attribute Graph: 
                Self-Loop Weight: 1.2
                Self-Loop Percentage / Threshold: 0.7
                Self-Loop Count: 1
            
2025-06-11 14:03:28,468 - INFO - Selected  Attribute Graph: 
                Self-Loop Weight: 1.2
                Self-Loop Percentage / Threshold: 0.7
                Self-Loop Count: 5
            
2025-06-11 14:03:28,479 - INFO - Selected  Structural Graph
2025-06-11 14:03:28,524 - INFO - Selected  Structural Graph
2025-06-11 14:03:28,573 - INFO - Selected  Attribute Graph: 
                Self-Loop Weight: 1.2
                Self-Loop Percentage / Threshold: 0.7
                Self-Loop Count: 3
            
2025-06-11 14:03:28,598 - INFO - Selected  Structural Graph
2025-06-11 14:03:28,802 - INFO - Selected  Attribute Graph: 
                Self-Loop Weight: 1.2
                Self-Loop Percentage / Threshold: 0.7
                Self-Loop Count: 1
            
2025-06-11 14:03:28,864 - INFO - Selected  Structural Graph
2025-06-11 14:03:28,936 - INFO - Selected  Structural Graph
2025-06-11 14:03:28,945 - INFO - Selected  Structural Graph
2025-06-11 14:03:28,949 - INFO - Selected  Attribute Graph: 
                Self-Loop Weight: 1.2
                Self-Loop Percentage / Threshold: 0.7
                Self-Loop Count: 2
            
2025-06-11 14:03:28,961 - INFO - Selected  Structural Graph
2025-06-11 14:03:29,008 - INFO - Selected  Attribute Graph: 
                Self-Loop Weight: 1.2
                Self-Loop Percentage / Threshold: 0.7
                Self-Loop Count: 4
            
2025-06-11 14:03:29,081 - INFO - Selected  Attribute Graph: 
                Self-Loop Weight: 1.2
                Self-Loop Percentage / Threshold: 0.7
                Self-Loop Count: 6
            
2025-06-11 14:03:29,137 - INFO - Selected  Structural Graph
2025-06-11 14:03:29,186 - INFO - Selected  Structural Graph
2025-06-11 14:03:29,196 - INFO - Selected  Attribute Graph: 
                Self-Loop Weight: 1.2
                Self-Loop Percentage / Threshold: 0.7
                Self-Loop Count: 2
            
2025-06-11 14:03:29,220 - INFO - Selected  Structural Graph
2025-06-11 14:03:29,241 - INFO - Selected  Structural Graph
2025-06-11 14:03:29,341 - INFO - Selected  Structural Graph
2025-06-11 14:03:29,408 - INFO - Selected  Structural Graph
2025-06-11 14:03:29,412 - INFO - Selected  Attribute Graph: 
                Self-Loop Weight: 1.2
                Self-Loop Percentage / Threshold: 0.7
                Self-Loop Count: 2
            
2025-06-11 14:03:29,418 - INFO - Selected  Structural Graph
2025-06-11 14:03:29,436 - INFO - Selected  Structural Graph
2025-06-11 14:03:29,505 - INFO - Selected  Attribute Graph: 
                Self-Loop Weight: 1.2
                Self-Loop Percentage / Threshold: 0.7
                Self-Loop Count: 2
            
2025-06-11 14:03:29,583 - INFO - Selected  Attribute Graph: 
                Self-Loop Weight: 1.2
                Self-Loop Percentage / Threshold: 0.7
                Self-Loop Count: 3
            
2025-06-11 14:03:29,642 - INFO - Selected  Attribute Graph: 
                Self-Loop Weight: 1.2
                Self-Loop Percentage / Threshold: 0.7
                Self-Loop Count: 1
            
2025-06-11 14:03:29,660 - INFO - Selected  Attribute Graph: 
                Self-Loop Weight: 1.2
                Self-Loop Percentage / Threshold: 0.7
                Self-Loop Count: 4
            
2025-06-11 14:03:29,673 - INFO - Selected  Structural Graph
2025-06-11 14:03:29,678 - INFO - Selected  Attribute Graph: 
                Self-Loop Weight: 1.2
                Self-Loop Percentage / Threshold: 0.7
                Self-Loop Count: 3
            
2025-06-11 14:03:29,693 - INFO - Selected  Structural Graph
2025-06-11 14:03:29,708 - INFO - Selected  Structural Graph
2025-06-11 14:03:29,795 - INFO - Selected  Attribute Graph: 
                Self-Loop Weight: 1.2
                Self-Loop Percentage / Threshold: 0.7
                Self-Loop Count: 9
            
2025-06-11 14:03:29,864 - INFO - Selected  Attribute Graph: 
                Self-Loop Weight: 1.2
                Self-Loop Percentage / Threshold: 0.7
                Self-Loop Count: 4
            
2025-06-11 14:03:29,914 - INFO - Selected  Attribute Graph: 
                Self-Loop Weight: 1.2
                Self-Loop Percentage / Threshold: 0.7
                Self-Loop Count: 3
            
2025-06-11 14:03:29,939 - INFO - Selected  Structural Graph
2025-06-11 14:03:29,958 - INFO - Selected  Attribute Graph: 
                Self-Loop Weight: 1.2
                Self-Loop Percentage / Threshold: 0.7
                Self-Loop Count: 1
            
2025-06-11 14:03:29,968 - INFO - Selected  Attribute Graph: 
                Self-Loop Weight: 1.2
                Self-Loop Percentage / Threshold: 0.7
                Self-Loop Count: 1
            
2025-06-11 14:03:29,981 - INFO - Selected  Structural Graph
2025-06-11 14:03:29,991 - INFO - Selected  Attribute Graph: 
                Self-Loop Weight: 1.2
                Self-Loop Percentage / Threshold: 0.7
                Self-Loop Count: 4
            
2025-06-11 14:03:30,098 - INFO - Selected  Structural Graph
2025-06-11 14:03:30,108 - INFO - Selected  Structural Graph
2025-06-11 14:03:30,117 - INFO - Selected  Attribute Graph: 
                Self-Loop Weight: 1.2
                Self-Loop Percentage / Threshold: 0.7
                Self-Loop Count: 2
            
2025-06-11 14:03:30,153 - INFO - Selected  Attribute Graph: 
                Self-Loop Weight: 1.2
                Self-Loop Percentage / Threshold: 0.7
                Self-Loop Count: 2
            
2025-06-11 14:03:30,173 - INFO - Selected  Attribute Graph: 
                Self-Loop Weight: 1.2
                Self-Loop Percentage / Threshold: 0.7
                Self-Loop Count: 1
            
2025-06-11 14:03:30,231 - INFO - Selected  Structural Graph
2025-06-11 14:03:30,275 - INFO - Selected  Attribute Graph: 
                Self-Loop Weight: 1.2
                Self-Loop Percentage / Threshold: 0.7
                Self-Loop Count: 3
            
2025-06-11 14:03:30,295 - INFO - Selected  Structural Graph
2025-06-11 14:03:30,300 - INFO - Selected  Attribute Graph: 
                Self-Loop Weight: 1.2
                Self-Loop Percentage / Threshold: 0.7
                Self-Loop Count: 1
            
2025-06-11 14:03:30,315 - INFO - Selected  Attribute Graph: 
                Self-Loop Weight: 1.2
                Self-Loop Percentage / Threshold: 0.7
                Self-Loop Count: 4
            
2025-06-11 14:03:30,349 - INFO - Selected  Attribute Graph: 
                Self-Loop Weight: 1.2
                Self-Loop Percentage / Threshold: 0.7
                Self-Loop Count: 1
            
2025-06-11 14:03:30,386 - INFO - Selected  Structural Graph
2025-06-11 14:03:30,475 - INFO - Selected  Structural Graph
2025-06-11 14:03:30,479 - INFO - Selected  Attribute Graph: 
                Self-Loop Weight: 1.2
                Self-Loop Percentage / Threshold: 0.7
                Self-Loop Count: 5
            
2025-06-11 14:03:30,543 - INFO - Selected  Attribute Graph: 
                Self-Loop Weight: 1.2
                Self-Loop Percentage / Threshold: 0.7
                Self-Loop Count: 1
            
2025-06-11 14:03:30,555 - INFO - Selected  Attribute Graph: 
                Self-Loop Weight: 1.2
                Self-Loop Percentage / Threshold: 0.7
                Self-Loop Count: 1
            
2025-06-11 14:03:30,564 - INFO - Selected  Structural Graph
2025-06-11 14:03:30,575 - INFO - Selected  Attribute Graph: 
                Self-Loop Weight: 1.2
                Self-Loop Percentage / Threshold: 0.7
                Self-Loop Count: 2
            
2025-06-11 14:03:30,772 - INFO - Selected  Structural Graph
2025-06-11 14:03:30,932 - INFO - Selected  Structural Graph
2025-06-11 14:03:30,937 - INFO - Selected  Attribute Graph: 
                Self-Loop Weight: 1.2
                Self-Loop Percentage / Threshold: 0.7
                Self-Loop Count: 2
            
2025-06-11 14:03:31,051 - INFO - Selected  Attribute Graph: 
                Self-Loop Weight: 1.2
                Self-Loop Percentage / Threshold: 0.7
                Self-Loop Count: 1
            
2025-06-11 14:03:31,078 - INFO - Selected  Structural Graph
2025-06-11 14:03:31,089 - INFO - Selected  Attribute Graph: 
                Self-Loop Weight: 1.2
                Self-Loop Percentage / Threshold: 0.7
                Self-Loop Count: 5
            
2025-06-11 14:03:31,094 - INFO - Selected  Structural Graph
2025-06-11 14:03:31,194 - INFO - Selected  Attribute Graph: 
                Self-Loop Weight: 1.2
                Self-Loop Percentage / Threshold: 0.7
                Self-Loop Count: 4
            
2025-06-11 14:03:31,253 - INFO - Selected  Attribute Graph: 
                Self-Loop Weight: 1.2
                Self-Loop Percentage / Threshold: 0.7
                Self-Loop Count: 1
            
2025-06-11 14:03:31,328 - INFO - Selected  Attribute Graph: 
                Self-Loop Weight: 1.2
                Self-Loop Percentage / Threshold: 0.7
                Self-Loop Count: 1
            
2025-06-11 14:03:31,378 - INFO - Selected  Attribute Graph: 
                Self-Loop Weight: 1.2
                Self-Loop Percentage / Threshold: 0.7
                Self-Loop Count: 2
            
2025-06-11 14:03:31,392 - INFO - Selected  Structural Graph
2025-06-11 14:03:31,401 - INFO - Selected  Attribute Graph: 
                Self-Loop Weight: 1.2
                Self-Loop Percentage / Threshold: 0.7
                Self-Loop Count: 2
            
2025-06-11 14:03:31,418 - INFO - Selected  Structural Graph
2025-06-11 14:03:31,437 - INFO - Selected  Structural Graph
2025-06-11 14:03:31,448 - INFO - Selected  Structural Graph
2025-06-11 14:03:31,458 - INFO - Selected  Structural Graph
2025-06-11 14:03:31,466 - INFO - Selected  Attribute Graph: 
                Self-Loop Weight: 1.2
                Self-Loop Percentage / Threshold: 0.7
                Self-Loop Count: 2
            
2025-06-11 14:03:31,475 - INFO - Selected  Attribute Graph: 
                Self-Loop Weight: 1.2
                Self-Loop Percentage / Threshold: 0.7
                Self-Loop Count: 4
            
2025-06-11 14:03:31,532 - INFO - Selected  Attribute Graph: 
                Self-Loop Weight: 1.2
                Self-Loop Percentage / Threshold: 0.7
                Self-Loop Count: 4
            
2025-06-11 14:03:31,657 - INFO - Selected  Attribute Graph: 
                Self-Loop Weight: 1.2
                Self-Loop Percentage / Threshold: 0.7
                Self-Loop Count: 4
            
2025-06-11 14:03:31,709 - INFO - Selected  Attribute Graph: 
                Self-Loop Weight: 1.2
                Self-Loop Percentage / Threshold: 0.7
                Self-Loop Count: 3
            
2025-06-11 14:03:31,725 - INFO - Selected  Attribute Graph: 
                Self-Loop Weight: 1.2
                Self-Loop Percentage / Threshold: 0.7
                Self-Loop Count: 1
            
2025-06-11 14:03:31,790 - INFO - Selected  Structural Graph
2025-06-11 14:03:31,864 - INFO - Selected  Attribute Graph: 
                Self-Loop Weight: 1.2
                Self-Loop Percentage / Threshold: 0.7
                Self-Loop Count: 1
            
2025-06-11 14:03:31,870 - INFO - Selected  Attribute Graph: 
                Self-Loop Weight: 1.2
                Self-Loop Percentage / Threshold: 0.7
                Self-Loop Count: 1
            
2025-06-11 14:03:32,080 - INFO - Selected  Attribute Graph: 
                Self-Loop Weight: 1.2
                Self-Loop Percentage / Threshold: 0.7
                Self-Loop Count: 6
            
2025-06-11 14:03:32,131 - INFO - Selected  Attribute Graph: 
                Self-Loop Weight: 1.2
                Self-Loop Percentage / Threshold: 0.7
                Self-Loop Count: 3
            
2025-06-11 14:03:32,167 - INFO - Selected  Structural Graph
2025-06-11 14:03:32,173 - INFO - Selected  Structural Graph
2025-06-11 14:03:32,183 - INFO - Selected  Attribute Graph: 
                Self-Loop Weight: 1.2
                Self-Loop Percentage / Threshold: 0.7
                Self-Loop Count: 2
            
2025-06-11 14:03:32,193 - INFO - Selected  Attribute Graph: 
                Self-Loop Weight: 1.2
                Self-Loop Percentage / Threshold: 0.7
                Self-Loop Count: 1
            
2025-06-11 14:03:32,208 - INFO - Selected  Attribute Graph: 
                Self-Loop Weight: 1.2
                Self-Loop Percentage / Threshold: 0.7
                Self-Loop Count: 4
            
2025-06-11 14:03:32,328 - INFO - Selected  Attribute Graph: 
                Self-Loop Weight: 1.2
                Self-Loop Percentage / Threshold: 0.7
                Self-Loop Count: 1
            
2025-06-11 14:03:32,376 - INFO - Selected  Structural Graph
2025-06-11 14:03:32,379 - INFO - Selected  Attribute Graph: 
                Self-Loop Weight: 1.2
                Self-Loop Percentage / Threshold: 0.7
                Self-Loop Count: 3
            
2025-06-11 14:03:32,397 - INFO - Selected  Structural Graph
2025-06-11 14:03:32,443 - INFO - Selected  Attribute Graph: 
                Self-Loop Weight: 1.2
                Self-Loop Percentage / Threshold: 0.7
                Self-Loop Count: 8
            
2025-06-11 14:03:32,473 - INFO - Selected  Attribute Graph: 
                Self-Loop Weight: 1.2
                Self-Loop Percentage / Threshold: 0.7
                Self-Loop Count: 2
            
2025-06-11 14:03:32,496 - INFO - Selected  Attribute Graph: 
                Self-Loop Weight: 1.2
                Self-Loop Percentage / Threshold: 0.7
                Self-Loop Count: 1
            
2025-06-11 14:03:32,641 - INFO - Selected  Structural Graph
2025-06-11 14:03:32,677 - INFO - Selected  Attribute Graph: 
                Self-Loop Weight: 1.2
                Self-Loop Percentage / Threshold: 0.7
                Self-Loop Count: 2
            
2025-06-11 14:03:32,696 - INFO - Selected  Attribute Graph: 
                Self-Loop Weight: 1.2
                Self-Loop Percentage / Threshold: 0.7
                Self-Loop Count: 2
            
2025-06-11 14:03:32,707 - INFO - Selected  Attribute Graph: 
                Self-Loop Weight: 1.2
                Self-Loop Percentage / Threshold: 0.7
                Self-Loop Count: 4
            
2025-06-11 14:03:32,753 - INFO - Selected  Attribute Graph: 
                Self-Loop Weight: 1.2
                Self-Loop Percentage / Threshold: 0.7
                Self-Loop Count: 2
            
2025-06-11 14:03:32,775 - INFO - Selected  Attribute Graph: 
                Self-Loop Weight: 1.2
                Self-Loop Percentage / Threshold: 0.7
                Self-Loop Count: 2
            
2025-06-11 14:03:32,855 - INFO - Selected  Attribute Graph: 
                Self-Loop Weight: 1.2
                Self-Loop Percentage / Threshold: 0.7
                Self-Loop Count: 2
            
2025-06-11 14:03:32,921 - INFO - Selected  Structural Graph
2025-06-11 14:03:32,933 - INFO - Selected  Structural Graph
2025-06-11 14:03:32,942 - INFO - Selected  Attribute Graph: 
                Self-Loop Weight: 1.2
                Self-Loop Percentage / Threshold: 0.7
                Self-Loop Count: 7
            
2025-06-11 14:03:32,956 - INFO - Selected  Attribute Graph: 
                Self-Loop Weight: 1.2
                Self-Loop Percentage / Threshold: 0.7
                Self-Loop Count: 1
            
2025-06-11 14:03:33,037 - INFO - Selected  Attribute Graph: 
                Self-Loop Weight: 1.2
                Self-Loop Percentage / Threshold: 0.7
                Self-Loop Count: 4
            
2025-06-11 14:03:33,127 - INFO - Selected  Structural Graph
2025-06-11 14:03:33,135 - INFO - Selected  Structural Graph
2025-06-11 14:03:33,186 - INFO - Selected  Structural Graph
2025-06-11 14:03:33,202 - INFO - Selected  Structural Graph
2025-06-11 14:03:33,223 - INFO - Selected  Structural Graph
2025-06-11 14:03:33,236 - INFO - Selected  Structural Graph
2025-06-11 14:03:33,307 - INFO - Selected  Structural Graph
2025-06-11 14:03:33,314 - INFO - Selected  Attribute Graph: 
                Self-Loop Weight: 1.2
                Self-Loop Percentage / Threshold: 0.7
                Self-Loop Count: 2
            
2025-06-11 14:03:33,415 - INFO - Selected  Structural Graph
2025-06-11 14:03:33,431 - INFO - Selected  Attribute Graph: 
                Self-Loop Weight: 1.2
                Self-Loop Percentage / Threshold: 0.7
                Self-Loop Count: 2
            
2025-06-11 14:03:33,632 - INFO - Selected  Structural Graph
2025-06-11 14:03:33,641 - INFO - Selected  Structural Graph
2025-06-11 14:03:33,689 - INFO - Selected  Structural Graph
2025-06-11 14:03:33,693 - INFO - Selected  Structural Graph
2025-06-11 14:03:33,696 - INFO - Selected  Attribute Graph: 
                Self-Loop Weight: 1.2
                Self-Loop Percentage / Threshold: 0.7
                Self-Loop Count: 1
            
2025-06-11 14:03:33,782 - INFO - Selected  Structural Graph
2025-06-11 14:03:33,830 - INFO - Selected  Attribute Graph: 
                Self-Loop Weight: 1.2
                Self-Loop Percentage / Threshold: 0.7
                Self-Loop Count: 3
            
2025-06-11 14:03:33,863 - INFO - Selected  Attribute Graph: 
                Self-Loop Weight: 1.2
                Self-Loop Percentage / Threshold: 0.7
                Self-Loop Count: 4
            
2025-06-11 14:03:33,893 - INFO - Selected  Attribute Graph: 
                Self-Loop Weight: 1.2
                Self-Loop Percentage / Threshold: 0.7
                Self-Loop Count: 2
            
2025-06-11 14:03:33,986 - INFO - Selected  Structural Graph
2025-06-11 14:03:34,082 - INFO - Selected  Attribute Graph: 
                Self-Loop Weight: 1.2
                Self-Loop Percentage / Threshold: 0.7
                Self-Loop Count: 5
            
2025-06-11 14:03:34,110 - INFO - Selected  Attribute Graph: 
                Self-Loop Weight: 1.2
                Self-Loop Percentage / Threshold: 0.7
                Self-Loop Count: 1
            
2025-06-11 14:03:34,188 - INFO - Selected  Structural Graph
2025-06-11 14:03:34,206 - INFO - Selected  Attribute Graph: 
                Self-Loop Weight: 1.2
                Self-Loop Percentage / Threshold: 0.7
                Self-Loop Count: 1
            
2025-06-11 14:03:34,230 - INFO - Selected  Attribute Graph: 
                Self-Loop Weight: 1.2
                Self-Loop Percentage / Threshold: 0.7
                Self-Loop Count: 2
            
2025-06-11 14:03:34,284 - INFO - Selected  Attribute Graph: 
                Self-Loop Weight: 1.2
                Self-Loop Percentage / Threshold: 0.7
                Self-Loop Count: 3
            
2025-06-11 14:03:34,416 - INFO - Selected  Attribute Graph: 
                Self-Loop Weight: 1.2
                Self-Loop Percentage / Threshold: 0.7
                Self-Loop Count: 1
            
2025-06-11 14:03:34,515 - INFO - Selected  Structural Graph
2025-06-11 14:03:34,529 - INFO - Selected  Structural Graph
2025-06-11 14:03:34,540 - INFO - Selected  Attribute Graph: 
                Self-Loop Weight: 1.2
                Self-Loop Percentage / Threshold: 0.7
                Self-Loop Count: 7
            
2025-06-11 14:03:34,589 - INFO - Selected  Attribute Graph: 
                Self-Loop Weight: 1.2
                Self-Loop Percentage / Threshold: 0.7
                Self-Loop Count: 2
            
2025-06-11 14:03:34,619 - INFO - Selected  Attribute Graph: 
                Self-Loop Weight: 1.2
                Self-Loop Percentage / Threshold: 0.7
                Self-Loop Count: 2
            
2025-06-11 14:03:34,745 - INFO - Selected  Attribute Graph: 
                Self-Loop Weight: 1.2
                Self-Loop Percentage / Threshold: 0.7
                Self-Loop Count: 5
            
2025-06-11 14:03:34,842 - INFO - Selected  Structural Graph
2025-06-11 14:03:34,847 - INFO - Selected  Attribute Graph: 
                Self-Loop Weight: 1.2
                Self-Loop Percentage / Threshold: 0.7
                Self-Loop Count: 1
            
2025-06-11 14:03:34,877 - INFO - Selected  Structural Graph
2025-06-11 14:03:34,884 - INFO - Selected  Structural Graph
2025-06-11 14:03:34,903 - INFO - Selected  Structural Graph
2025-06-11 14:03:34,908 - INFO - Selected  Structural Graph
2025-06-11 14:03:34,931 - INFO - Selected  Structural Graph
2025-06-11 14:03:34,947 - INFO - Selected  Attribute Graph: 
                Self-Loop Weight: 1.2
                Self-Loop Percentage / Threshold: 0.7
                Self-Loop Count: 2
            
2025-06-11 14:03:34,966 - INFO - Selected  Structural Graph
2025-06-11 14:03:34,978 - INFO - Selected  Structural Graph
2025-06-11 14:03:34,982 - INFO - Selected  Attribute Graph: 
                Self-Loop Weight: 1.2
                Self-Loop Percentage / Threshold: 0.7
                Self-Loop Count: 2
            
2025-06-11 14:03:35,008 - INFO - Selected  Structural Graph
2025-06-11 14:03:35,097 - INFO - Selected  Attribute Graph: 
                Self-Loop Weight: 1.2
                Self-Loop Percentage / Threshold: 0.7
                Self-Loop Count: 2
            
2025-06-11 14:03:35,263 - INFO - Selected  Attribute Graph: 
                Self-Loop Weight: 1.2
                Self-Loop Percentage / Threshold: 0.7
                Self-Loop Count: 3
            
2025-06-11 14:03:35,322 - INFO - Selected  Structural Graph
2025-06-11 14:03:35,336 - INFO - Selected  Structural Graph
2025-06-11 14:03:35,339 - INFO - Selected  Attribute Graph: 
                Self-Loop Weight: 1.2
                Self-Loop Percentage / Threshold: 0.7
                Self-Loop Count: 2
            
2025-06-11 14:03:35,347 - INFO - Selected  Attribute Graph: 
                Self-Loop Weight: 1.2
                Self-Loop Percentage / Threshold: 0.7
                Self-Loop Count: 2
            
2025-06-11 14:03:35,351 - INFO - Selected  Structural Graph
2025-06-11 14:03:35,530 - INFO - Selected  Attribute Graph: 
                Self-Loop Weight: 1.2
                Self-Loop Percentage / Threshold: 0.7
                Self-Loop Count: 4
            
2025-06-11 14:03:35,536 - INFO - Selected  Attribute Graph: 
                Self-Loop Weight: 1.2
                Self-Loop Percentage / Threshold: 0.7
                Self-Loop Count: 1
            
2025-06-11 14:03:35,545 - INFO - Selected  Attribute Graph: 
                Self-Loop Weight: 1.2
                Self-Loop Percentage / Threshold: 0.7
                Self-Loop Count: 1
            
2025-06-11 14:03:35,601 - INFO - Selected  Attribute Graph: 
                Self-Loop Weight: 1.2
                Self-Loop Percentage / Threshold: 0.7
                Self-Loop Count: 1
            
2025-06-11 14:03:35,624 - INFO - Selected  Structural Graph
2025-06-11 14:03:35,635 - INFO - Selected  Attribute Graph: 
                Self-Loop Weight: 1.2
                Self-Loop Percentage / Threshold: 0.7
                Self-Loop Count: 2
            
2025-06-11 14:03:35,651 - INFO - Selected  Attribute Graph: 
                Self-Loop Weight: 1.2
                Self-Loop Percentage / Threshold: 0.7
                Self-Loop Count: 2
            
2025-06-11 14:03:35,799 - INFO - Selected  Attribute Graph: 
                Self-Loop Weight: 1.2
                Self-Loop Percentage / Threshold: 0.7
                Self-Loop Count: 1
            
2025-06-11 14:03:35,964 - INFO - Selected  Structural Graph
2025-06-11 14:03:36,065 - INFO - Selected  Attribute Graph: 
                Self-Loop Weight: 1.2
                Self-Loop Percentage / Threshold: 0.7
                Self-Loop Count: 5
            
2025-06-11 14:03:36,153 - INFO - Selected  Attribute Graph: 
                Self-Loop Weight: 1.2
                Self-Loop Percentage / Threshold: 0.7
                Self-Loop Count: 2
            
2025-06-11 14:03:36,177 - INFO - Selected  Attribute Graph: 
                Self-Loop Weight: 1.2
                Self-Loop Percentage / Threshold: 0.7
                Self-Loop Count: 4
            
2025-06-11 14:03:36,185 - INFO - Selected  Attribute Graph: 
                Self-Loop Weight: 1.2
                Self-Loop Percentage / Threshold: 0.7
                Self-Loop Count: 1
            
2025-06-11 14:03:36,196 - INFO - Selected  Attribute Graph: 
                Self-Loop Weight: 1.2
                Self-Loop Percentage / Threshold: 0.7
                Self-Loop Count: 3
            
2025-06-11 14:03:36,209 - INFO - Selected  Attribute Graph: 
                Self-Loop Weight: 1.2
                Self-Loop Percentage / Threshold: 0.7
                Self-Loop Count: 5
            
2025-06-11 14:03:36,223 - INFO - Selected  Attribute Graph: 
                Self-Loop Weight: 1.2
                Self-Loop Percentage / Threshold: 0.7
                Self-Loop Count: 4
            
2025-06-11 14:03:36,232 - INFO - Selected  Attribute Graph: 
                Self-Loop Weight: 1.2
                Self-Loop Percentage / Threshold: 0.7
                Self-Loop Count: 1
            
2025-06-11 14:03:36,305 - INFO - Selected  Attribute Graph: 
                Self-Loop Weight: 1.2
                Self-Loop Percentage / Threshold: 0.7
                Self-Loop Count: 5
            
2025-06-11 14:03:36,577 - INFO - Selected  Attribute Graph: 
                Self-Loop Weight: 1.2
                Self-Loop Percentage / Threshold: 0.7
                Self-Loop Count: 3
            
2025-06-11 14:03:36,599 - INFO - Selected  Attribute Graph: 
                Self-Loop Weight: 1.2
                Self-Loop Percentage / Threshold: 0.7
                Self-Loop Count: 2
            
2025-06-11 14:03:36,789 - INFO - Selected  Structural Graph
2025-06-11 14:03:36,850 - INFO - Selected  Attribute Graph: 
                Self-Loop Weight: 1.2
                Self-Loop Percentage / Threshold: 0.7
                Self-Loop Count: 3
            
2025-06-11 14:03:36,886 - INFO - Selected  Attribute Graph: 
                Self-Loop Weight: 1.2
                Self-Loop Percentage / Threshold: 0.7
                Self-Loop Count: 4
            
2025-06-11 14:03:37,045 - INFO - Selected  Attribute Graph: 
                Self-Loop Weight: 1.2
                Self-Loop Percentage / Threshold: 0.7
                Self-Loop Count: 4
            
2025-06-11 14:03:37,070 - INFO - Selected  Attribute Graph: 
                Self-Loop Weight: 1.2
                Self-Loop Percentage / Threshold: 0.7
                Self-Loop Count: 3
            
2025-06-11 14:03:37,078 - INFO - Selected  Structural Graph
2025-06-11 14:03:37,097 - INFO - Selected  Structural Graph
2025-06-11 14:03:37,105 - INFO - Selected  Attribute Graph: 
                Self-Loop Weight: 1.2
                Self-Loop Percentage / Threshold: 0.7
                Self-Loop Count: 3
            
2025-06-11 14:03:37,114 - INFO - Selected  Structural Graph
2025-06-11 14:03:37,278 - INFO - Selected  Attribute Graph: 
                Self-Loop Weight: 1.2
                Self-Loop Percentage / Threshold: 0.7
                Self-Loop Count: 5
            
2025-06-11 14:03:37,300 - INFO - Selected  Attribute Graph: 
                Self-Loop Weight: 1.2
                Self-Loop Percentage / Threshold: 0.7
                Self-Loop Count: 3
            
2025-06-11 14:03:37,354 - INFO - Selected  Attribute Graph: 
                Self-Loop Weight: 1.2
                Self-Loop Percentage / Threshold: 0.7
                Self-Loop Count: 2
            
2025-06-11 14:03:37,388 - INFO - Selected  Attribute Graph: 
                Self-Loop Weight: 1.2
                Self-Loop Percentage / Threshold: 0.7
                Self-Loop Count: 8
            
2025-06-11 14:03:37,435 - INFO - Selected  Structural Graph
2025-06-11 14:03:37,502 - INFO - Selected  Attribute Graph: 
                Self-Loop Weight: 1.2
                Self-Loop Percentage / Threshold: 0.7
                Self-Loop Count: 2
            
2025-06-11 14:03:37,515 - INFO - Selected  Structural Graph
2025-06-11 14:03:37,691 - INFO - Selected  Structural Graph
2025-06-11 14:03:37,802 - INFO - Selected  Attribute Graph: 
                Self-Loop Weight: 1.2
                Self-Loop Percentage / Threshold: 0.7
                Self-Loop Count: 1
            
2025-06-11 14:03:37,836 - INFO - Selected  Attribute Graph: 
                Self-Loop Weight: 1.2
                Self-Loop Percentage / Threshold: 0.7
                Self-Loop Count: 3
            
2025-06-11 14:03:37,860 - INFO - Selected  Attribute Graph: 
                Self-Loop Weight: 1.2
                Self-Loop Percentage / Threshold: 0.7
                Self-Loop Count: 3
            
2025-06-11 14:03:37,881 - INFO - Selected  Attribute Graph: 
                Self-Loop Weight: 1.2
                Self-Loop Percentage / Threshold: 0.7
                Self-Loop Count: 2
            
2025-06-11 14:03:37,898 - INFO - Selected  Attribute Graph: 
                Self-Loop Weight: 1.2
                Self-Loop Percentage / Threshold: 0.7
                Self-Loop Count: 5
            
2025-06-11 14:03:37,915 - INFO - Selected  Attribute Graph: 
                Self-Loop Weight: 1.2
                Self-Loop Percentage / Threshold: 0.7
                Self-Loop Count: 2
            
2025-06-11 14:03:37,931 - INFO - Selected  Attribute Graph: 
                Self-Loop Weight: 1.2
                Self-Loop Percentage / Threshold: 0.7
                Self-Loop Count: 6
            
2025-06-11 14:03:37,941 - INFO - Selected  Structural Graph
2025-06-11 14:03:37,952 - INFO - Selected  Attribute Graph: 
                Self-Loop Weight: 1.2
                Self-Loop Percentage / Threshold: 0.7
                Self-Loop Count: 3
            
2025-06-11 14:03:37,962 - INFO - Selected  Attribute Graph: 
                Self-Loop Weight: 1.2
                Self-Loop Percentage / Threshold: 0.7
                Self-Loop Count: 2
            
2025-06-11 14:03:38,191 - INFO - Selected  Attribute Graph: 
                Self-Loop Weight: 1.2
                Self-Loop Percentage / Threshold: 0.7
                Self-Loop Count: 4
            
2025-06-11 14:03:38,219 - INFO - Selected  Attribute Graph: 
                Self-Loop Weight: 1.2
                Self-Loop Percentage / Threshold: 0.7
                Self-Loop Count: 5
            
2025-06-11 14:03:38,252 - INFO - Selected  Attribute Graph: 
                Self-Loop Weight: 1.2
                Self-Loop Percentage / Threshold: 0.7
                Self-Loop Count: 2
            
2025-06-11 14:03:38,404 - INFO - Selected  Attribute Graph: 
                Self-Loop Weight: 1.2
                Self-Loop Percentage / Threshold: 0.7
                Self-Loop Count: 3
            
2025-06-11 14:03:38,454 - INFO - Selected  Attribute Graph: 
                Self-Loop Weight: 1.2
                Self-Loop Percentage / Threshold: 0.7
                Self-Loop Count: 5
            
2025-06-11 14:03:38,637 - INFO - Selected  Attribute Graph: 
                Self-Loop Weight: 1.2
                Self-Loop Percentage / Threshold: 0.7
                Self-Loop Count: 1
            
2025-06-11 14:03:38,698 - INFO - Selected  Attribute Graph: 
                Self-Loop Weight: 1.2
                Self-Loop Percentage / Threshold: 0.7
                Self-Loop Count: 4
            
2025-06-11 14:03:38,711 - INFO - Selected  Attribute Graph: 
                Self-Loop Weight: 1.2
                Self-Loop Percentage / Threshold: 0.7
                Self-Loop Count: 1
            
2025-06-11 14:03:38,732 - INFO - Selected  Attribute Graph: 
                Self-Loop Weight: 1.2
                Self-Loop Percentage / Threshold: 0.7
                Self-Loop Count: 4
            
2025-06-11 14:03:38,743 - INFO - Selected  Attribute Graph: 
                Self-Loop Weight: 1.2
                Self-Loop Percentage / Threshold: 0.7
                Self-Loop Count: 2
            
2025-06-11 14:03:38,773 - INFO - Selected  Attribute Graph: 
                Self-Loop Weight: 1.2
                Self-Loop Percentage / Threshold: 0.7
                Self-Loop Count: 2
            
2025-06-11 14:03:38,817 - INFO - Selected  Attribute Graph: 
                Self-Loop Weight: 1.2
                Self-Loop Percentage / Threshold: 0.7
                Self-Loop Count: 1
            
2025-06-11 14:03:38,880 - INFO - Selected  Structural Graph
2025-06-11 14:03:38,888 - INFO - Selected  Attribute Graph: 
                Self-Loop Weight: 1.2
                Self-Loop Percentage / Threshold: 0.7
                Self-Loop Count: 2
            
2025-06-11 14:03:39,024 - INFO - Selected  Attribute Graph: 
                Self-Loop Weight: 1.2
                Self-Loop Percentage / Threshold: 0.7
                Self-Loop Count: 4
            
2025-06-11 14:03:39,046 - INFO - Selected  Structural Graph
2025-06-11 14:03:39,060 - INFO - Selected  Structural Graph
2025-06-11 14:03:39,076 - INFO - Selected  Attribute Graph: 
                Self-Loop Weight: 1.2
                Self-Loop Percentage / Threshold: 0.7
                Self-Loop Count: 5
            
2025-06-11 14:03:39,099 - INFO - Selected  Attribute Graph: 
                Self-Loop Weight: 1.2
                Self-Loop Percentage / Threshold: 0.7
                Self-Loop Count: 2
            
2025-06-11 14:03:39,283 - INFO - Selected  Attribute Graph: 
                Self-Loop Weight: 1.2
                Self-Loop Percentage / Threshold: 0.7
                Self-Loop Count: 2
            
2025-06-11 14:03:39,490 - INFO - Selected  Structural Graph
2025-06-11 14:03:39,505 - INFO - Selected  Structural Graph
2025-06-11 14:03:39,509 - INFO - Selected  Structural Graph
2025-06-11 14:03:39,546 - INFO - Selected  Structural Graph
2025-06-11 14:03:39,568 - INFO - Selected  Structural Graph
2025-06-11 14:03:39,591 - INFO - Selected  Structural Graph
2025-06-11 14:03:39,607 - INFO - Selected  Structural Graph
2025-06-11 14:03:39,620 - INFO - Selected  Attribute Graph: 
                Self-Loop Weight: 1.2
                Self-Loop Percentage / Threshold: 0.7
                Self-Loop Count: 3
            
2025-06-11 14:03:39,631 - INFO - Selected  Attribute Graph: 
                Self-Loop Weight: 1.2
                Self-Loop Percentage / Threshold: 0.7
                Self-Loop Count: 2
            
2025-06-11 14:03:39,646 - INFO - Selected  Structural Graph
2025-06-11 14:03:39,657 - INFO - Selected  Attribute Graph: 
                Self-Loop Weight: 1.2
                Self-Loop Percentage / Threshold: 0.7
                Self-Loop Count: 7
            
2025-06-11 14:03:39,747 - INFO - Selected  Attribute Graph: 
                Self-Loop Weight: 1.2
                Self-Loop Percentage / Threshold: 0.7
                Self-Loop Count: 1
            
2025-06-11 14:03:39,991 - INFO - Selected  Attribute Graph: 
                Self-Loop Weight: 1.2
                Self-Loop Percentage / Threshold: 0.7
                Self-Loop Count: 4
            
2025-06-11 14:03:40,036 - INFO - Selected  Structural Graph
2025-06-11 14:03:40,054 - INFO - Selected  Structural Graph
2025-06-11 14:03:40,067 - INFO - Selected  Structural Graph
2025-06-11 14:03:40,127 - INFO - Selected  Structural Graph
2025-06-11 14:03:40,273 - INFO - Selected  Attribute Graph: 
                Self-Loop Weight: 1.2
                Self-Loop Percentage / Threshold: 0.7
                Self-Loop Count: 4
            
2025-06-11 14:03:40,426 - INFO - Selected  Attribute Graph: 
                Self-Loop Weight: 1.2
                Self-Loop Percentage / Threshold: 0.7
                Self-Loop Count: 2
            
2025-06-11 14:03:40,547 - INFO - Selected  Structural Graph
2025-06-11 14:03:40,574 - INFO - Selected  Structural Graph
2025-06-11 14:03:40,591 - INFO - Selected  Attribute Graph: 
                Self-Loop Weight: 1.2
                Self-Loop Percentage / Threshold: 0.7
                Self-Loop Count: 1
            
2025-06-11 14:03:40,758 - INFO - Selected  Attribute Graph: 
                Self-Loop Weight: 1.2
                Self-Loop Percentage / Threshold: 0.7
                Self-Loop Count: 2
            
2025-06-11 14:03:40,779 - INFO - Selected  Attribute Graph: 
                Self-Loop Weight: 1.2
                Self-Loop Percentage / Threshold: 0.7
                Self-Loop Count: 3
            
2025-06-11 14:03:40,790 - INFO - Selected  Structural Graph
2025-06-11 14:03:40,802 - INFO - Selected  Attribute Graph: 
                Self-Loop Weight: 1.2
                Self-Loop Percentage / Threshold: 0.7
                Self-Loop Count: 3
            
2025-06-11 14:03:40,831 - INFO - Selected  Structural Graph
2025-06-11 14:03:41,016 - INFO - Selected  Attribute Graph: 
                Self-Loop Weight: 1.2
                Self-Loop Percentage / Threshold: 0.7
                Self-Loop Count: 1
            
2025-06-11 14:03:41,077 - INFO - Selected  Structural Graph
2025-06-11 14:03:41,100 - INFO - Selected  Attribute Graph: 
                Self-Loop Weight: 1.2
                Self-Loop Percentage / Threshold: 0.7
                Self-Loop Count: 1
            
2025-06-11 14:03:41,116 - INFO - Selected  Structural Graph
2025-06-11 14:03:41,141 - INFO - Selected  Structural Graph
2025-06-11 14:03:41,146 - INFO - Selected  Attribute Graph: 
                Self-Loop Weight: 1.2
                Self-Loop Percentage / Threshold: 0.7
                Self-Loop Count: 3
            
2025-06-11 14:03:41,314 - INFO - Selected  Attribute Graph: 
                Self-Loop Weight: 1.2
                Self-Loop Percentage / Threshold: 0.7
                Self-Loop Count: 2
            
2025-06-11 14:03:41,334 - INFO - Selected  Attribute Graph: 
                Self-Loop Weight: 1.2
                Self-Loop Percentage / Threshold: 0.7
                Self-Loop Count: 1
            
2025-06-11 14:03:41,347 - INFO - Selected  Attribute Graph: 
                Self-Loop Weight: 1.2
                Self-Loop Percentage / Threshold: 0.7
                Self-Loop Count: 2
            
2025-06-11 14:03:41,389 - INFO - Selected  Attribute Graph: 
                Self-Loop Weight: 1.2
                Self-Loop Percentage / Threshold: 0.7
                Self-Loop Count: 3
            
2025-06-11 14:03:41,410 - INFO - Selected  Attribute Graph: 
                Self-Loop Weight: 1.2
                Self-Loop Percentage / Threshold: 0.7
                Self-Loop Count: 3
            
2025-06-11 14:03:41,432 - INFO - Selected  Attribute Graph: 
                Self-Loop Weight: 1.2
                Self-Loop Percentage / Threshold: 0.7
                Self-Loop Count: 4
            
2025-06-11 14:03:41,563 - INFO - Selected  Structural Graph
2025-06-11 14:03:41,659 - INFO - Selected  Structural Graph
2025-06-11 14:03:41,681 - INFO - Selected  Attribute Graph: 
                Self-Loop Weight: 1.2
                Self-Loop Percentage / Threshold: 0.7
                Self-Loop Count: 2
            
2025-06-11 14:03:41,697 - INFO - Selected  Attribute Graph: 
                Self-Loop Weight: 1.2
                Self-Loop Percentage / Threshold: 0.7
                Self-Loop Count: 2
            
2025-06-11 14:03:41,707 - INFO - Selected  Attribute Graph: 
                Self-Loop Weight: 1.2
                Self-Loop Percentage / Threshold: 0.7
                Self-Loop Count: 2
            
2025-06-11 14:03:41,722 - INFO - Selected  Attribute Graph: 
                Self-Loop Weight: 1.2
                Self-Loop Percentage / Threshold: 0.7
                Self-Loop Count: 3
            
2025-06-11 14:03:41,849 - INFO - Selected  Structural Graph
2025-06-11 14:03:41,959 - INFO - Selected  Structural Graph
2025-06-11 14:03:41,994 - INFO - Selected  Attribute Graph: 
                Self-Loop Weight: 1.2
                Self-Loop Percentage / Threshold: 0.7
                Self-Loop Count: 1
            
2025-06-11 14:03:42,011 - INFO - Selected  Structural Graph
2025-06-11 14:03:42,040 - INFO - Selected  Structural Graph
2025-06-11 14:03:42,055 - INFO - Selected  Attribute Graph: 
                Self-Loop Weight: 1.2
                Self-Loop Percentage / Threshold: 0.7
                Self-Loop Count: 1
            
2025-06-11 14:03:42,168 - INFO - Selected  Structural Graph
2025-06-11 14:03:42,438 - INFO - Selected  Structural Graph
2025-06-11 14:03:42,466 - INFO - Selected  Structural Graph
2025-06-11 14:03:42,478 - INFO - Selected  Attribute Graph: 
                Self-Loop Weight: 1.2
                Self-Loop Percentage / Threshold: 0.7
                Self-Loop Count: 2
            
2025-06-11 14:03:42,498 - INFO - Selected  Attribute Graph: 
                Self-Loop Weight: 1.2
                Self-Loop Percentage / Threshold: 0.7
                Self-Loop Count: 2
            
2025-06-11 14:03:42,642 - INFO - Selected  Structural Graph
2025-06-11 14:03:42,708 - INFO - Selected  Structural Graph
2025-06-11 14:03:42,715 - INFO - Selected  Structural Graph
2025-06-11 14:03:42,774 - INFO - Selected  Structural Graph
2025-06-11 14:03:42,800 - INFO - Selected  Structural Graph
2025-06-11 14:03:42,818 - INFO - Selected  Attribute Graph: 
                Self-Loop Weight: 1.2
                Self-Loop Percentage / Threshold: 0.7
                Self-Loop Count: 1
            
2025-06-11 14:03:42,885 - INFO - Selected  Structural Graph
2025-06-11 14:03:42,972 - INFO - Selected  Attribute Graph: 
                Self-Loop Weight: 1.2
                Self-Loop Percentage / Threshold: 0.7
                Self-Loop Count: 2
            
2025-06-11 14:03:43,010 - INFO - Selected  Attribute Graph: 
                Self-Loop Weight: 1.2
                Self-Loop Percentage / Threshold: 0.7
                Self-Loop Count: 4
            
2025-06-11 14:03:43,032 - INFO - Selected  Attribute Graph: 
                Self-Loop Weight: 1.2
                Self-Loop Percentage / Threshold: 0.7
                Self-Loop Count: 1
            
2025-06-11 14:03:43,070 - INFO - Selected  Structural Graph
2025-06-11 14:03:43,078 - INFO - Selected  Attribute Graph: 
                Self-Loop Weight: 1.2
                Self-Loop Percentage / Threshold: 0.7
                Self-Loop Count: 2
            
2025-06-11 14:03:43,231 - INFO - Selected  Attribute Graph: 
                Self-Loop Weight: 1.2
                Self-Loop Percentage / Threshold: 0.7
                Self-Loop Count: 2
            
2025-06-11 14:03:43,246 - INFO - Selected  Attribute Graph: 
                Self-Loop Weight: 1.2
                Self-Loop Percentage / Threshold: 0.7
                Self-Loop Count: 3
            
2025-06-11 14:03:43,329 - INFO - Selected  Attribute Graph: 
                Self-Loop Weight: 1.2
                Self-Loop Percentage / Threshold: 0.7
                Self-Loop Count: 1
            
2025-06-11 14:03:43,349 - INFO - Selected  Structural Graph
2025-06-11 14:03:43,361 - INFO - Selected  Attribute Graph: 
                Self-Loop Weight: 1.2
                Self-Loop Percentage / Threshold: 0.7
                Self-Loop Count: 4
            
2025-06-11 14:03:43,370 - INFO - Selected  Attribute Graph: 
                Self-Loop Weight: 1.2
                Self-Loop Percentage / Threshold: 0.7
                Self-Loop Count: 2
            
2025-06-11 14:03:43,465 - INFO - Selected  Structural Graph
2025-06-11 14:03:43,573 - INFO - Selected  Structural Graph
2025-06-11 14:03:43,591 - INFO - Selected  Structural Graph
2025-06-11 14:03:43,611 - INFO - Selected  Structural Graph
2025-06-11 14:03:43,633 - INFO - Selected  Attribute Graph: 
                Self-Loop Weight: 1.2
                Self-Loop Percentage / Threshold: 0.7
                Self-Loop Count: 5
            
2025-06-11 14:03:43,643 - INFO - Selected  Attribute Graph: 
                Self-Loop Weight: 1.2
                Self-Loop Percentage / Threshold: 0.7
                Self-Loop Count: 4
            
2025-06-11 14:03:43,656 - INFO - Selected  Attribute Graph: 
                Self-Loop Weight: 1.2
                Self-Loop Percentage / Threshold: 0.7
                Self-Loop Count: 2
            
2025-06-11 14:03:43,795 - INFO - Selected  Attribute Graph: 
                Self-Loop Weight: 1.2
                Self-Loop Percentage / Threshold: 0.7
                Self-Loop Count: 1
            
2025-06-11 14:03:43,862 - INFO - Selected  Structural Graph
2025-06-11 14:03:43,884 - INFO - Selected  Attribute Graph: 
                Self-Loop Weight: 1.2
                Self-Loop Percentage / Threshold: 0.7
                Self-Loop Count: 2
            
2025-06-11 14:03:43,901 - INFO - Selected  Attribute Graph: 
                Self-Loop Weight: 1.2
                Self-Loop Percentage / Threshold: 0.7
                Self-Loop Count: 2
            
2025-06-11 14:03:43,921 - INFO - Selected  Attribute Graph: 
                Self-Loop Weight: 1.2
                Self-Loop Percentage / Threshold: 0.7
                Self-Loop Count: 3
            
2025-06-11 14:03:43,930 - INFO - Selected  Structural Graph
2025-06-11 14:03:44,061 - INFO - Selected  Attribute Graph: 
                Self-Loop Weight: 1.2
                Self-Loop Percentage / Threshold: 0.7
                Self-Loop Count: 6
            
2025-06-11 14:03:44,101 - INFO - Selected  Attribute Graph: 
                Self-Loop Weight: 1.2
                Self-Loop Percentage / Threshold: 0.7
                Self-Loop Count: 2
            
2025-06-11 14:03:44,122 - INFO - Selected  Structural Graph
2025-06-11 14:03:44,157 - INFO - Selected  Attribute Graph: 
                Self-Loop Weight: 1.2
                Self-Loop Percentage / Threshold: 0.7
                Self-Loop Count: 7
            
2025-06-11 14:03:44,168 - INFO - Selected  Attribute Graph: 
                Self-Loop Weight: 1.2
                Self-Loop Percentage / Threshold: 0.7
                Self-Loop Count: 9
            
2025-06-11 14:03:44,245 - INFO - Selected  Attribute Graph: 
                Self-Loop Weight: 1.2
                Self-Loop Percentage / Threshold: 0.7
                Self-Loop Count: 3
            
2025-06-11 14:03:44,251 - INFO - Selected  Attribute Graph: 
                Self-Loop Weight: 1.2
                Self-Loop Percentage / Threshold: 0.7
                Self-Loop Count: 2
            
2025-06-11 14:03:44,349 - INFO - Selected  Attribute Graph: 
                Self-Loop Weight: 1.2
                Self-Loop Percentage / Threshold: 0.7
                Self-Loop Count: 3
            
2025-06-11 14:03:44,482 - INFO - Selected  Attribute Graph: 
                Self-Loop Weight: 1.2
                Self-Loop Percentage / Threshold: 0.7
                Self-Loop Count: 5
            
2025-06-11 14:03:44,514 - INFO - Selected  Attribute Graph: 
                Self-Loop Weight: 1.2
                Self-Loop Percentage / Threshold: 0.7
                Self-Loop Count: 2
            
2025-06-11 14:03:44,542 - INFO - Selected  Attribute Graph: 
                Self-Loop Weight: 1.2
                Self-Loop Percentage / Threshold: 0.7
                Self-Loop Count: 2
            
2025-06-11 14:03:44,625 - INFO - Selected  Attribute Graph: 
                Self-Loop Weight: 1.2
                Self-Loop Percentage / Threshold: 0.7
                Self-Loop Count: 2
            
2025-06-11 14:03:44,656 - INFO - Selected  Attribute Graph: 
                Self-Loop Weight: 1.2
                Self-Loop Percentage / Threshold: 0.7
                Self-Loop Count: 6
            
2025-06-11 14:03:44,760 - INFO - Selected  Attribute Graph: 
                Self-Loop Weight: 1.2
                Self-Loop Percentage / Threshold: 0.7
                Self-Loop Count: 3
            
2025-06-11 14:03:44,873 - INFO - Selected  Attribute Graph: 
                Self-Loop Weight: 1.2
                Self-Loop Percentage / Threshold: 0.7
                Self-Loop Count: 4
            
2025-06-11 14:03:44,891 - INFO - Selected  Attribute Graph: 
                Self-Loop Weight: 1.2
                Self-Loop Percentage / Threshold: 0.7
                Self-Loop Count: 3
            
2025-06-11 14:03:44,918 - INFO - Selected  Structural Graph
2025-06-11 14:03:44,938 - INFO - Selected  Structural Graph
2025-06-11 14:03:44,950 - INFO - Selected  Attribute Graph: 
                Self-Loop Weight: 1.2
                Self-Loop Percentage / Threshold: 0.7
                Self-Loop Count: 2
            
2025-06-11 14:03:45,208 - INFO - Selected  Attribute Graph: 
                Self-Loop Weight: 1.2
                Self-Loop Percentage / Threshold: 0.7
                Self-Loop Count: 1
            
2025-06-11 14:03:45,305 - INFO - Selected  Attribute Graph: 
                Self-Loop Weight: 1.2
                Self-Loop Percentage / Threshold: 0.7
                Self-Loop Count: 10
            
2025-06-11 14:03:45,356 - INFO - Selected  Attribute Graph: 
                Self-Loop Weight: 1.2
                Self-Loop Percentage / Threshold: 0.7
                Self-Loop Count: 4
            
2025-06-11 14:03:45,421 - INFO - Selected  Attribute Graph: 
                Self-Loop Weight: 1.2
                Self-Loop Percentage / Threshold: 0.7
                Self-Loop Count: 3
            
2025-06-11 14:03:45,440 - INFO - Selected  Attribute Graph: 
                Self-Loop Weight: 1.2
                Self-Loop Percentage / Threshold: 0.7
                Self-Loop Count: 5
            
2025-06-11 14:03:45,449 - INFO - Selected  Structural Graph
2025-06-11 14:03:45,562 - INFO - Selected  Attribute Graph: 
                Self-Loop Weight: 1.2
                Self-Loop Percentage / Threshold: 0.7
                Self-Loop Count: 2
            
2025-06-11 14:03:45,670 - INFO - Selected  Attribute Graph: 
                Self-Loop Weight: 1.2
                Self-Loop Percentage / Threshold: 0.7
                Self-Loop Count: 3
            
2025-06-11 14:03:45,727 - INFO - Selected  Attribute Graph: 
                Self-Loop Weight: 1.2
                Self-Loop Percentage / Threshold: 0.7
                Self-Loop Count: 3
            
2025-06-11 14:03:45,754 - INFO - Selected  Attribute Graph: 
                Self-Loop Weight: 1.2
                Self-Loop Percentage / Threshold: 0.7
                Self-Loop Count: 1
            
2025-06-11 14:03:45,761 - INFO - Selected  Structural Graph
2025-06-11 14:03:45,769 - INFO - Selected  Structural Graph
2025-06-11 14:03:45,773 - INFO - Selected  Structural Graph
2025-06-11 14:03:45,787 - INFO - Selected  Structural Graph
2025-06-11 14:03:45,936 - INFO - Selected  Attribute Graph: 
                Self-Loop Weight: 1.2
                Self-Loop Percentage / Threshold: 0.7
                Self-Loop Count: 1
            
2025-06-11 14:03:45,977 - INFO - Selected  Structural Graph
2025-06-11 14:03:46,002 - INFO - Selected  Structural Graph
2025-06-11 14:03:46,022 - INFO - Selected  Structural Graph
2025-06-11 14:03:46,031 - INFO - Selected  Attribute Graph: 
                Self-Loop Weight: 1.2
                Self-Loop Percentage / Threshold: 0.7
                Self-Loop Count: 2
            
2025-06-11 14:03:46,056 - INFO - Selected  Structural Graph
2025-06-11 14:03:46,180 - INFO - Selected  Attribute Graph: 
                Self-Loop Weight: 1.2
                Self-Loop Percentage / Threshold: 0.7
                Self-Loop Count: 3
            
2025-06-11 14:03:46,227 - INFO - Selected  Attribute Graph: 
                Self-Loop Weight: 1.2
                Self-Loop Percentage / Threshold: 0.7
                Self-Loop Count: 3
            
2025-06-11 14:03:46,257 - INFO - Selected  Attribute Graph: 
                Self-Loop Weight: 1.2
                Self-Loop Percentage / Threshold: 0.7
                Self-Loop Count: 4
            
2025-06-11 14:03:46,278 - INFO - Selected  Structural Graph
2025-06-11 14:03:46,396 - INFO - Selected  Structural Graph
2025-06-11 14:03:46,493 - INFO - Selected  Structural Graph
2025-06-11 14:03:46,583 - INFO - Selected  Structural Graph
2025-06-11 14:03:46,594 - INFO - Selected  Structural Graph
2025-06-11 14:03:46,605 - INFO - Selected  Attribute Graph: 
                Self-Loop Weight: 1.2
                Self-Loop Percentage / Threshold: 0.7
                Self-Loop Count: 1
            
2025-06-11 14:03:46,646 - INFO - Selected  Attribute Graph: 
                Self-Loop Weight: 1.2
                Self-Loop Percentage / Threshold: 0.7
                Self-Loop Count: 2
            
2025-06-11 14:03:46,715 - INFO - Selected  Attribute Graph: 
                Self-Loop Weight: 1.2
                Self-Loop Percentage / Threshold: 0.7
                Self-Loop Count: 2
            
2025-06-11 14:03:46,785 - INFO - Selected  Attribute Graph: 
                Self-Loop Weight: 1.2
                Self-Loop Percentage / Threshold: 0.7
                Self-Loop Count: 4
            
2025-06-11 14:03:46,948 - INFO - Selected  Attribute Graph: 
                Self-Loop Weight: 1.2
                Self-Loop Percentage / Threshold: 0.7
                Self-Loop Count: 5
            
2025-06-11 14:03:46,983 - INFO - Selected  Structural Graph
2025-06-11 14:03:46,998 - INFO - Selected  Structural Graph
2025-06-11 14:03:47,018 - INFO - Selected  Attribute Graph: 
                Self-Loop Weight: 1.2
                Self-Loop Percentage / Threshold: 0.7
                Self-Loop Count: 4
            
2025-06-11 14:03:47,045 - INFO - Selected  Attribute Graph: 
                Self-Loop Weight: 1.2
                Self-Loop Percentage / Threshold: 0.7
                Self-Loop Count: 4
            
2025-06-11 14:03:47,088 - INFO - Selected  Structural Graph
2025-06-11 14:03:47,186 - INFO - Selected  Attribute Graph: 
                Self-Loop Weight: 1.2
                Self-Loop Percentage / Threshold: 0.7
                Self-Loop Count: 1
            
2025-06-11 14:03:47,247 - INFO - Selected  Attribute Graph: 
                Self-Loop Weight: 1.2
                Self-Loop Percentage / Threshold: 0.7
                Self-Loop Count: 3
            
2025-06-11 14:03:47,270 - INFO - Selected  Structural Graph
2025-06-11 14:03:47,288 - INFO - Selected  Structural Graph
2025-06-11 14:03:47,325 - INFO - Selected  Structural Graph
2025-06-11 14:03:47,420 - INFO - Selected  Attribute Graph: 
                Self-Loop Weight: 1.2
                Self-Loop Percentage / Threshold: 0.7
                Self-Loop Count: 2
            
2025-06-11 14:03:47,460 - INFO - Selected  Attribute Graph: 
                Self-Loop Weight: 1.2
                Self-Loop Percentage / Threshold: 0.7
                Self-Loop Count: 2
            
2025-06-11 14:03:47,499 - INFO - Selected  Attribute Graph: 
                Self-Loop Weight: 1.2
                Self-Loop Percentage / Threshold: 0.7
                Self-Loop Count: 4
            
2025-06-11 14:03:47,547 - INFO - Selected  Structural Graph
2025-06-11 14:03:47,567 - INFO - Selected  Structural Graph
2025-06-11 14:03:47,576 - INFO - Selected  Structural Graph
2025-06-11 14:03:47,588 - INFO - Selected  Structural Graph
2025-06-11 14:03:47,645 - INFO - Selected  Attribute Graph: 
                Self-Loop Weight: 1.2
                Self-Loop Percentage / Threshold: 0.7
                Self-Loop Count: 2
            
2025-06-11 14:03:47,793 - INFO - Selected  Attribute Graph: 
                Self-Loop Weight: 1.2
                Self-Loop Percentage / Threshold: 0.7
                Self-Loop Count: 1
            
2025-06-11 14:03:47,813 - INFO - Selected  Structural Graph
2025-06-11 14:03:47,960 - INFO - Selected  Structural Graph
2025-06-11 14:03:47,964 - INFO - Selected  Attribute Graph: 
                Self-Loop Weight: 1.2
                Self-Loop Percentage / Threshold: 0.7
                Self-Loop Count: 1
            
2025-06-11 14:03:47,979 - INFO - Selected  Structural Graph
2025-06-11 14:03:47,982 - INFO - Selected  Attribute Graph: 
                Self-Loop Weight: 1.2
                Self-Loop Percentage / Threshold: 0.7
                Self-Loop Count: 3
            
2025-06-11 14:03:47,989 - INFO - Selected  Attribute Graph: 
                Self-Loop Weight: 1.2
                Self-Loop Percentage / Threshold: 0.7
                Self-Loop Count: 3
            
2025-06-11 14:03:48,009 - INFO - Selected  Attribute Graph: 
                Self-Loop Weight: 1.2
                Self-Loop Percentage / Threshold: 0.7
                Self-Loop Count: 5
            
2025-06-11 14:03:48,032 - INFO - Selected  Attribute Graph: 
                Self-Loop Weight: 1.2
                Self-Loop Percentage / Threshold: 0.7
                Self-Loop Count: 1
            
2025-06-11 14:03:48,059 - INFO - Selected  Structural Graph
2025-06-11 14:03:48,067 - INFO - Selected  Structural Graph
2025-06-11 14:03:48,078 - INFO - Selected  Structural Graph
2025-06-11 14:03:48,143 - INFO - Selected  Structural Graph
2025-06-11 14:03:48,248 - INFO - Selected  Attribute Graph: 
                Self-Loop Weight: 1.2
                Self-Loop Percentage / Threshold: 0.7
                Self-Loop Count: 5
            
2025-06-11 14:03:48,267 - INFO - Selected  Attribute Graph: 
                Self-Loop Weight: 1.2
                Self-Loop Percentage / Threshold: 0.7
                Self-Loop Count: 2
            
2025-06-11 14:03:48,326 - INFO - Selected  Structural Graph
2025-06-11 14:03:48,426 - INFO - Selected  Structural Graph
2025-06-11 14:03:48,478 - INFO - Selected  Structural Graph
2025-06-11 14:03:48,514 - INFO - Selected  Attribute Graph: 
                Self-Loop Weight: 1.2
                Self-Loop Percentage / Threshold: 0.7
                Self-Loop Count: 2
            
2025-06-11 14:03:48,527 - INFO - Selected  Attribute Graph: 
                Self-Loop Weight: 1.2
                Self-Loop Percentage / Threshold: 0.7
                Self-Loop Count: 2
            
2025-06-11 14:03:48,559 - INFO - Selected  Attribute Graph: 
                Self-Loop Weight: 1.2
                Self-Loop Percentage / Threshold: 0.7
                Self-Loop Count: 3
            
2025-06-11 14:03:48,636 - INFO - Selected  Attribute Graph: 
                Self-Loop Weight: 1.2
                Self-Loop Percentage / Threshold: 0.7
                Self-Loop Count: 3
            
2025-06-11 14:03:48,737 - INFO - Selected  Attribute Graph: 
                Self-Loop Weight: 1.2
                Self-Loop Percentage / Threshold: 0.7
                Self-Loop Count: 2
            
2025-06-11 14:03:48,796 - INFO - Selected  Structural Graph
2025-06-11 14:03:48,855 - INFO - Selected  Structural Graph
2025-06-11 14:03:48,971 - INFO - Selected  Attribute Graph: 
                Self-Loop Weight: 1.2
                Self-Loop Percentage / Threshold: 0.7
                Self-Loop Count: 1
            
2025-06-11 14:03:48,999 - INFO - Selected  Attribute Graph: 
                Self-Loop Weight: 1.2
                Self-Loop Percentage / Threshold: 0.7
                Self-Loop Count: 9
            
2025-06-11 14:03:49,182 - INFO - Selected  Structural Graph
2025-06-11 14:03:49,233 - INFO - Selected  Structural Graph
2025-06-11 14:03:49,239 - INFO - Selected  Structural Graph
2025-06-11 14:03:49,243 - INFO - Selected  Attribute Graph: 
                Self-Loop Weight: 1.2
                Self-Loop Percentage / Threshold: 0.7
                Self-Loop Count: 3
            
2025-06-11 14:03:49,251 - INFO - Selected  Attribute Graph: 
                Self-Loop Weight: 1.2
                Self-Loop Percentage / Threshold: 0.7
                Self-Loop Count: 4
            
2025-06-11 14:03:49,262 - INFO - Selected  Attribute Graph: 
                Self-Loop Weight: 1.2
                Self-Loop Percentage / Threshold: 0.7
                Self-Loop Count: 2
            
2025-06-11 14:03:49,336 - INFO - Selected  Structural Graph
2025-06-11 14:03:49,555 - INFO - Selected  Structural Graph
2025-06-11 14:03:49,594 - INFO - Selected  Attribute Graph: 
                Self-Loop Weight: 1.2
                Self-Loop Percentage / Threshold: 0.7
                Self-Loop Count: 4
            
2025-06-11 14:03:49,643 - INFO - Selected  Attribute Graph: 
                Self-Loop Weight: 1.2
                Self-Loop Percentage / Threshold: 0.7
                Self-Loop Count: 5
            
2025-06-11 14:03:49,672 - INFO - Selected  Structural Graph
2025-06-11 14:03:49,677 - INFO - Selected  Structural Graph
2025-06-11 14:03:49,696 - INFO - Selected  Attribute Graph: 
                Self-Loop Weight: 1.2
                Self-Loop Percentage / Threshold: 0.7
                Self-Loop Count: 4
            
2025-06-11 14:03:49,888 - INFO - Selected  Structural Graph
2025-06-11 14:03:49,929 - INFO - Selected  Attribute Graph: 
                Self-Loop Weight: 1.2
                Self-Loop Percentage / Threshold: 0.7
                Self-Loop Count: 2
            
2025-06-11 14:03:49,949 - INFO - Selected  Attribute Graph: 
                Self-Loop Weight: 1.2
                Self-Loop Percentage / Threshold: 0.7
                Self-Loop Count: 4
            
2025-06-11 14:03:49,974 - INFO - Selected  Attribute Graph: 
                Self-Loop Weight: 1.2
                Self-Loop Percentage / Threshold: 0.7
                Self-Loop Count: 1
            
2025-06-11 14:03:49,987 - INFO - Selected  Structural Graph
2025-06-11 14:03:49,990 - INFO - Selected  Attribute Graph: 
                Self-Loop Weight: 1.2
                Self-Loop Percentage / Threshold: 0.7
                Self-Loop Count: 6
            
2025-06-11 14:03:50,074 - INFO - Selected  Attribute Graph: 
                Self-Loop Weight: 1.2
                Self-Loop Percentage / Threshold: 0.7
                Self-Loop Count: 2
            
2025-06-11 14:03:50,177 - INFO - Selected  Structural Graph
2025-06-11 14:03:50,207 - INFO - Selected  Structural Graph
2025-06-11 14:03:50,256 - INFO - Selected  Attribute Graph: 
                Self-Loop Weight: 1.2
                Self-Loop Percentage / Threshold: 0.7
                Self-Loop Count: 3
            
2025-06-11 14:03:50,347 - INFO - Selected  Structural Graph
2025-06-11 14:03:50,371 - INFO - Selected  Structural Graph
2025-06-11 14:03:50,513 - INFO - Selected  Attribute Graph: 
                Self-Loop Weight: 1.2
                Self-Loop Percentage / Threshold: 0.7
                Self-Loop Count: 1
            
2025-06-11 14:03:50,569 - INFO - Selected  Structural Graph
2025-06-11 14:03:50,591 - INFO - Selected  Structural Graph
2025-06-11 14:03:50,746 - INFO - Selected  Structural Graph
2025-06-11 14:03:50,749 - INFO - Selected  Attribute Graph: 
                Self-Loop Weight: 1.2
                Self-Loop Percentage / Threshold: 0.7
                Self-Loop Count: 2
            
2025-06-11 14:03:50,759 - INFO - Selected  Structural Graph
2025-06-11 14:03:50,919 - INFO - Selected  Attribute Graph: 
                Self-Loop Weight: 1.2
                Self-Loop Percentage / Threshold: 0.7
                Self-Loop Count: 4
            
2025-06-11 14:03:51,014 - INFO - Selected  Attribute Graph: 
                Self-Loop Weight: 1.2
                Self-Loop Percentage / Threshold: 0.7
                Self-Loop Count: 3
            
2025-06-11 14:03:51,021 - INFO - Selected  Attribute Graph: 
                Self-Loop Weight: 1.2
                Self-Loop Percentage / Threshold: 0.7
                Self-Loop Count: 2
            
2025-06-11 14:03:51,038 - INFO - Selected  Attribute Graph: 
                Self-Loop Weight: 1.2
                Self-Loop Percentage / Threshold: 0.7
                Self-Loop Count: 3
            
2025-06-11 14:03:51,051 - INFO - Selected  Attribute Graph: 
                Self-Loop Weight: 1.2
                Self-Loop Percentage / Threshold: 0.7
                Self-Loop Count: 3
            
2025-06-11 14:03:51,063 - INFO - Selected  Attribute Graph: 
                Self-Loop Weight: 1.2
                Self-Loop Percentage / Threshold: 0.7
                Self-Loop Count: 3
            
2025-06-11 14:03:51,070 - INFO - Selected  Structural Graph
2025-06-11 14:03:51,198 - INFO - Selected  Attribute Graph: 
                Self-Loop Weight: 1.2
                Self-Loop Percentage / Threshold: 0.7
                Self-Loop Count: 1
            
2025-06-11 14:03:51,325 - INFO - Selected  Structural Graph
2025-06-11 14:03:51,339 - INFO - Selected  Attribute Graph: 
                Self-Loop Weight: 1.2
                Self-Loop Percentage / Threshold: 0.7
                Self-Loop Count: 1
            
2025-06-11 14:03:51,343 - INFO - Selected  Attribute Graph: 
                Self-Loop Weight: 1.2
                Self-Loop Percentage / Threshold: 0.7
                Self-Loop Count: 3
            
2025-06-11 14:03:51,359 - INFO - Selected  Attribute Graph: 
                Self-Loop Weight: 1.2
                Self-Loop Percentage / Threshold: 0.7
                Self-Loop Count: 5
            
2025-06-11 14:03:51,379 - INFO - Selected  Attribute Graph: 
                Self-Loop Weight: 1.2
                Self-Loop Percentage / Threshold: 0.7
                Self-Loop Count: 2
            
2025-06-11 14:03:51,460 - INFO - Selected  Structural Graph
2025-06-11 14:03:51,614 - INFO - Selected  Attribute Graph: 
                Self-Loop Weight: 1.2
                Self-Loop Percentage / Threshold: 0.7
                Self-Loop Count: 2
            
2025-06-11 14:03:51,643 - INFO - Selected  Structural Graph
2025-06-11 14:03:51,664 - INFO - Selected  Attribute Graph: 
                Self-Loop Weight: 1.2
                Self-Loop Percentage / Threshold: 0.7
                Self-Loop Count: 4
            
2025-06-11 14:03:51,696 - INFO - Selected  Attribute Graph: 
                Self-Loop Weight: 1.2
                Self-Loop Percentage / Threshold: 0.7
                Self-Loop Count: 2
            
2025-06-11 14:03:51,740 - INFO - Selected  Structural Graph
2025-06-11 14:03:51,905 - INFO - Selected  Attribute Graph: 
                Self-Loop Weight: 1.2
                Self-Loop Percentage / Threshold: 0.7
                Self-Loop Count: 3
            
2025-06-11 14:03:51,933 - INFO - Selected  Attribute Graph: 
                Self-Loop Weight: 1.2
                Self-Loop Percentage / Threshold: 0.7
                Self-Loop Count: 3
            
2025-06-11 14:03:51,954 - INFO - Selected  Structural Graph
2025-06-11 14:03:51,963 - INFO - Selected  Attribute Graph: 
                Self-Loop Weight: 1.2
                Self-Loop Percentage / Threshold: 0.7
                Self-Loop Count: 2
            
2025-06-11 14:03:51,981 - INFO - Selected  Structural Graph
2025-06-11 14:03:52,159 - INFO - Selected  Attribute Graph: 
                Self-Loop Weight: 1.2
                Self-Loop Percentage / Threshold: 0.7
                Self-Loop Count: 1
            
2025-06-11 14:03:52,197 - INFO - Selected  Structural Graph
2025-06-11 14:03:52,223 - INFO - Selected  Structural Graph
2025-06-11 14:03:52,234 - INFO - Selected  Attribute Graph: 
                Self-Loop Weight: 1.2
                Self-Loop Percentage / Threshold: 0.7
                Self-Loop Count: 4
            
2025-06-11 14:03:52,240 - INFO - Selected  Attribute Graph: 
                Self-Loop Weight: 1.2
                Self-Loop Percentage / Threshold: 0.7
                Self-Loop Count: 3
            
2025-06-11 14:03:52,251 - INFO - Selected  Structural Graph
2025-06-11 14:03:52,262 - INFO - Selected  Structural Graph
2025-06-11 14:03:52,280 - INFO - Selected  Structural Graph
2025-06-11 14:03:52,289 - INFO - Selected  Attribute Graph: 
                Self-Loop Weight: 1.2
                Self-Loop Percentage / Threshold: 0.7
                Self-Loop Count: 2
            
2025-06-11 14:03:52,420 - INFO - Selected  Structural Graph
2025-06-11 14:03:52,440 - INFO - Selected  Attribute Graph: 
                Self-Loop Weight: 1.2
                Self-Loop Percentage / Threshold: 0.7
                Self-Loop Count: 1
            
2025-06-11 14:03:52,454 - INFO - Selected  Attribute Graph: 
                Self-Loop Weight: 1.2
                Self-Loop Percentage / Threshold: 0.7
                Self-Loop Count: 1
            
2025-06-11 14:03:52,495 - INFO - Selected  Structural Graph
2025-06-11 14:03:52,520 - INFO - Selected  Attribute Graph: 
                Self-Loop Weight: 1.2
                Self-Loop Percentage / Threshold: 0.7
                Self-Loop Count: 2
            
2025-06-11 14:03:52,717 - INFO - Selected  Attribute Graph: 
                Self-Loop Weight: 1.2
                Self-Loop Percentage / Threshold: 0.7
                Self-Loop Count: 1
            
2025-06-11 14:03:52,759 - INFO - Selected  Attribute Graph: 
                Self-Loop Weight: 1.2
                Self-Loop Percentage / Threshold: 0.7
                Self-Loop Count: 3
            
2025-06-11 14:03:52,771 - INFO - Selected  Structural Graph
2025-06-11 14:03:52,808 - INFO - Selected  Attribute Graph: 
                Self-Loop Weight: 1.2
                Self-Loop Percentage / Threshold: 0.7
                Self-Loop Count: 3
            
2025-06-11 14:03:52,860 - INFO - Selected  Attribute Graph: 
                Self-Loop Weight: 1.2
                Self-Loop Percentage / Threshold: 0.7
                Self-Loop Count: 2
            
2025-06-11 14:03:52,894 - INFO - Selected  Attribute Graph: 
                Self-Loop Weight: 1.2
                Self-Loop Percentage / Threshold: 0.7
                Self-Loop Count: 3
            
2025-06-11 14:03:53,040 - INFO - Selected  Attribute Graph: 
                Self-Loop Weight: 1.2
                Self-Loop Percentage / Threshold: 0.7
                Self-Loop Count: 2
            
2025-06-11 14:03:53,120 - INFO - Selected  Structural Graph
2025-06-11 14:03:53,185 - INFO - Selected  Attribute Graph: 
                Self-Loop Weight: 1.2
                Self-Loop Percentage / Threshold: 0.7
                Self-Loop Count: 2
            
2025-06-11 14:03:53,206 - INFO - Selected  Attribute Graph: 
                Self-Loop Weight: 1.2
                Self-Loop Percentage / Threshold: 0.7
                Self-Loop Count: 5
            
2025-06-11 14:03:53,222 - INFO - Selected  Structural Graph
2025-06-11 14:03:53,329 - INFO - Selected  Attribute Graph: 
                Self-Loop Weight: 1.2
                Self-Loop Percentage / Threshold: 0.7
                Self-Loop Count: 1
            
2025-06-11 14:03:53,570 - INFO - Selected  Attribute Graph: 
                Self-Loop Weight: 1.2
                Self-Loop Percentage / Threshold: 0.7
                Self-Loop Count: 2
            
2025-06-11 14:03:53,660 - INFO - Selected  Attribute Graph: 
                Self-Loop Weight: 1.2
                Self-Loop Percentage / Threshold: 0.7
                Self-Loop Count: 1
            
2025-06-11 14:03:53,681 - INFO - Selected  Attribute Graph: 
                Self-Loop Weight: 1.2
                Self-Loop Percentage / Threshold: 0.7
                Self-Loop Count: 1
            
2025-06-11 14:03:53,710 - INFO - Selected  Attribute Graph: 
                Self-Loop Weight: 1.2
                Self-Loop Percentage / Threshold: 0.7
                Self-Loop Count: 1
            
2025-06-11 14:03:53,717 - INFO - Selected  Structural Graph
2025-06-11 14:03:53,743 - INFO - Selected  Attribute Graph: 
                Self-Loop Weight: 1.2
                Self-Loop Percentage / Threshold: 0.7
                Self-Loop Count: 4
            
2025-06-11 14:03:53,927 - INFO - Selected  Structural Graph
2025-06-11 14:03:53,934 - INFO - Selected  Structural Graph
2025-06-11 14:03:53,955 - INFO - Selected  Attribute Graph: 
                Self-Loop Weight: 1.2
                Self-Loop Percentage / Threshold: 0.7
                Self-Loop Count: 1
            
2025-06-11 14:03:53,959 - INFO - Selected  Attribute Graph: 
                Self-Loop Weight: 1.2
                Self-Loop Percentage / Threshold: 0.7
                Self-Loop Count: 2
            
2025-06-11 14:03:53,966 - INFO - Selected  Attribute Graph: 
                Self-Loop Weight: 1.2
                Self-Loop Percentage / Threshold: 0.7
                Self-Loop Count: 2
            
2025-06-11 14:03:53,981 - INFO - Selected  Attribute Graph: 
                Self-Loop Weight: 1.2
                Self-Loop Percentage / Threshold: 0.7
                Self-Loop Count: 7
            
2025-06-11 14:03:54,064 - INFO - Selected  Attribute Graph: 
                Self-Loop Weight: 1.2
                Self-Loop Percentage / Threshold: 0.7
                Self-Loop Count: 1
            
2025-06-11 14:03:54,140 - INFO - Selected  Attribute Graph: 
                Self-Loop Weight: 1.2
                Self-Loop Percentage / Threshold: 0.7
                Self-Loop Count: 3
            
2025-06-11 14:03:54,159 - INFO - Selected  Attribute Graph: 
                Self-Loop Weight: 1.2
                Self-Loop Percentage / Threshold: 0.7
                Self-Loop Count: 2
            
2025-06-11 14:03:54,201 - INFO - Selected  Attribute Graph: 
                Self-Loop Weight: 1.2
                Self-Loop Percentage / Threshold: 0.7
                Self-Loop Count: 1
            
2025-06-11 14:03:54,207 - INFO - Selected  Structural Graph
2025-06-11 14:03:54,255 - INFO - Selected  Attribute Graph: 
                Self-Loop Weight: 1.2
                Self-Loop Percentage / Threshold: 0.7
                Self-Loop Count: 2
            
2025-06-11 14:03:54,272 - INFO - Selected  Attribute Graph: 
                Self-Loop Weight: 1.2
                Self-Loop Percentage / Threshold: 0.7
                Self-Loop Count: 3
            
2025-06-11 14:03:54,287 - INFO - Selected  Attribute Graph: 
                Self-Loop Weight: 1.2
                Self-Loop Percentage / Threshold: 0.7
                Self-Loop Count: 2
            
2025-06-11 14:03:54,328 - INFO - Selected  Structural Graph
2025-06-11 14:03:54,359 - INFO - Selected  Attribute Graph: 
                Self-Loop Weight: 1.2
                Self-Loop Percentage / Threshold: 0.7
                Self-Loop Count: 1
            
2025-06-11 14:03:54,372 - INFO - Selected  Attribute Graph: 
                Self-Loop Weight: 1.2
                Self-Loop Percentage / Threshold: 0.7
                Self-Loop Count: 5
            
2025-06-11 14:03:54,386 - INFO - Selected  Attribute Graph: 
                Self-Loop Weight: 1.2
                Self-Loop Percentage / Threshold: 0.7
                Self-Loop Count: 1
            
2025-06-11 14:03:54,392 - INFO - Selected  Structural Graph
2025-06-11 14:03:54,409 - INFO - Selected  Structural Graph
2025-06-11 14:03:54,416 - INFO - Selected  Structural Graph
2025-06-11 14:03:54,421 - INFO - Selected  Structural Graph
2025-06-11 14:03:54,429 - INFO - Selected  Attribute Graph: 
                Self-Loop Weight: 1.2
                Self-Loop Percentage / Threshold: 0.7
                Self-Loop Count: 2
            
2025-06-11 14:03:54,514 - INFO - Selected  Attribute Graph: 
                Self-Loop Weight: 1.2
                Self-Loop Percentage / Threshold: 0.7
                Self-Loop Count: 2
            
2025-06-11 14:03:54,530 - INFO - Selected  Attribute Graph: 
                Self-Loop Weight: 1.2
                Self-Loop Percentage / Threshold: 0.7
                Self-Loop Count: 2
            
2025-06-11 14:03:54,556 - INFO - Selected  Attribute Graph: 
                Self-Loop Weight: 1.2
                Self-Loop Percentage / Threshold: 0.7
                Self-Loop Count: 1
            
2025-06-11 14:03:54,563 - INFO - Selected  Structural Graph
2025-06-11 14:03:54,586 - INFO - Selected  Attribute Graph: 
                Self-Loop Weight: 1.2
                Self-Loop Percentage / Threshold: 0.7
                Self-Loop Count: 2
            
2025-06-11 14:03:54,593 - INFO - Selected  Structural Graph
2025-06-11 14:03:54,621 - INFO - Selected  Structural Graph
2025-06-11 14:03:54,631 - INFO - Selected  Structural Graph
2025-06-11 14:03:54,648 - INFO - Selected  Attribute Graph: 
                Self-Loop Weight: 1.2
                Self-Loop Percentage / Threshold: 0.7
                Self-Loop Count: 2
            
2025-06-11 14:03:54,704 - INFO - Selected  Structural Graph
2025-06-11 14:03:54,766 - INFO - Selected  Attribute Graph: 
                Self-Loop Weight: 1.2
                Self-Loop Percentage / Threshold: 0.7
                Self-Loop Count: 2
            
2025-06-11 14:03:54,774 - INFO - Selected  Attribute Graph: 
                Self-Loop Weight: 1.2
                Self-Loop Percentage / Threshold: 0.7
                Self-Loop Count: 1
            
2025-06-11 14:03:54,800 - INFO - Selected  Attribute Graph: 
                Self-Loop Weight: 1.2
                Self-Loop Percentage / Threshold: 0.7
                Self-Loop Count: 3
            
2025-06-11 14:03:54,829 - INFO - Selected  Attribute Graph: 
                Self-Loop Weight: 1.2
                Self-Loop Percentage / Threshold: 0.7
                Self-Loop Count: 2
            
2025-06-11 14:03:54,873 - INFO - Selected  Structural Graph
2025-06-11 14:03:54,931 - INFO - Selected  Attribute Graph: 
                Self-Loop Weight: 1.2
                Self-Loop Percentage / Threshold: 0.7
                Self-Loop Count: 3
            
2025-06-11 14:03:54,986 - INFO - Selected  Attribute Graph: 
                Self-Loop Weight: 1.2
                Self-Loop Percentage / Threshold: 0.7
                Self-Loop Count: 2
            
2025-06-11 14:03:55,019 - INFO - Selected  Attribute Graph: 
                Self-Loop Weight: 1.2
                Self-Loop Percentage / Threshold: 0.7
                Self-Loop Count: 2
            
2025-06-11 14:03:55,051 - INFO - Selected  Attribute Graph: 
                Self-Loop Weight: 1.2
                Self-Loop Percentage / Threshold: 0.7
                Self-Loop Count: 5
            
2025-06-11 14:03:55,073 - INFO - Selected  Structural Graph
2025-06-11 14:03:55,095 - INFO - Selected  Structural Graph
2025-06-11 14:03:55,109 - INFO - Selected  Structural Graph
2025-06-11 14:03:55,195 - INFO - Selected  Structural Graph
2025-06-11 14:03:55,251 - INFO - Selected  Attribute Graph: 
                Self-Loop Weight: 1.2
                Self-Loop Percentage / Threshold: 0.7
                Self-Loop Count: 5
            
2025-06-11 14:03:55,283 - INFO - Selected  Attribute Graph: 
                Self-Loop Weight: 1.2
                Self-Loop Percentage / Threshold: 0.7
                Self-Loop Count: 4
            
2025-06-11 14:03:55,304 - INFO - Selected  Attribute Graph: 
                Self-Loop Weight: 1.2
                Self-Loop Percentage / Threshold: 0.7
                Self-Loop Count: 1
            
2025-06-11 14:03:55,314 - INFO - Selected  Attribute Graph: 
                Self-Loop Weight: 1.2
                Self-Loop Percentage / Threshold: 0.7
                Self-Loop Count: 3
            
2025-06-11 14:03:55,371 - INFO - Selected  Attribute Graph: 
                Self-Loop Weight: 1.2
                Self-Loop Percentage / Threshold: 0.7
                Self-Loop Count: 1
            
2025-06-11 14:03:55,446 - INFO - Selected  Attribute Graph: 
                Self-Loop Weight: 1.2
                Self-Loop Percentage / Threshold: 0.7
                Self-Loop Count: 1
            
2025-06-11 14:03:55,502 - INFO - Selected  Attribute Graph: 
                Self-Loop Weight: 1.2
                Self-Loop Percentage / Threshold: 0.7
                Self-Loop Count: 4
            
2025-06-11 14:03:55,688 - INFO - Selected  Attribute Graph: 
                Self-Loop Weight: 1.2
                Self-Loop Percentage / Threshold: 0.7
                Self-Loop Count: 3
            
2025-06-11 14:03:55,718 - INFO - Selected  Attribute Graph: 
                Self-Loop Weight: 1.2
                Self-Loop Percentage / Threshold: 0.7
                Self-Loop Count: 3
            
2025-06-11 14:03:55,743 - INFO - Selected  Attribute Graph: 
                Self-Loop Weight: 1.2
                Self-Loop Percentage / Threshold: 0.7
                Self-Loop Count: 1
            
2025-06-11 14:03:55,806 - INFO - Selected  Attribute Graph: 
                Self-Loop Weight: 1.2
                Self-Loop Percentage / Threshold: 0.7
                Self-Loop Count: 1
            
2025-06-11 14:03:55,823 - INFO - Selected  Attribute Graph: 
                Self-Loop Weight: 1.2
                Self-Loop Percentage / Threshold: 0.7
                Self-Loop Count: 2
            
2025-06-11 14:03:55,916 - INFO - Selected  Attribute Graph: 
                Self-Loop Weight: 1.2
                Self-Loop Percentage / Threshold: 0.7
                Self-Loop Count: 2
            
2025-06-11 14:03:55,968 - INFO - Selected  Structural Graph
2025-06-11 14:03:55,990 - INFO - Selected  Structural Graph
2025-06-11 14:03:56,069 - INFO - Selected  Structural Graph
2025-06-11 14:03:56,078 - INFO - Selected  Attribute Graph: 
                Self-Loop Weight: 1.2
                Self-Loop Percentage / Threshold: 0.7
                Self-Loop Count: 1
            
2025-06-11 14:03:56,112 - INFO - Selected  Attribute Graph: 
                Self-Loop Weight: 1.2
                Self-Loop Percentage / Threshold: 0.7
                Self-Loop Count: 10
            
2025-06-11 14:03:56,210 - INFO - Selected  Structural Graph
2025-06-11 14:03:56,258 - INFO - Selected  Structural Graph
2025-06-11 14:03:56,318 - INFO - Selected  Attribute Graph: 
                Self-Loop Weight: 1.2
                Self-Loop Percentage / Threshold: 0.7
                Self-Loop Count: 3
            
2025-06-11 14:03:56,339 - INFO - Selected  Attribute Graph: 
                Self-Loop Weight: 1.2
                Self-Loop Percentage / Threshold: 0.7
                Self-Loop Count: 1
            
2025-06-11 14:03:56,360 - INFO - Selected  Structural Graph
2025-06-11 14:03:56,377 - INFO - Selected  Attribute Graph: 
                Self-Loop Weight: 1.2
                Self-Loop Percentage / Threshold: 0.7
                Self-Loop Count: 8
            
2025-06-11 14:03:56,392 - INFO - Selected  Structural Graph
2025-06-11 14:03:56,413 - INFO - Selected  Attribute Graph: 
                Self-Loop Weight: 1.2
                Self-Loop Percentage / Threshold: 0.7
                Self-Loop Count: 4
            
2025-06-11 14:03:56,440 - INFO - Selected  Structural Graph
2025-06-11 14:03:56,446 - INFO - Selected  Structural Graph
2025-06-11 14:03:56,471 - INFO - Selected  Attribute Graph: 
                Self-Loop Weight: 1.2
                Self-Loop Percentage / Threshold: 0.7
                Self-Loop Count: 3
            
2025-06-11 14:03:56,516 - INFO - Selected  Structural Graph
2025-06-11 14:03:56,560 - INFO - Selected  Attribute Graph: 
                Self-Loop Weight: 1.2
                Self-Loop Percentage / Threshold: 0.7
                Self-Loop Count: 2
            
2025-06-11 14:03:56,662 - INFO - Selected  Structural Graph
2025-06-11 14:03:56,703 - INFO - Selected  Structural Graph
2025-06-11 14:03:56,909 - INFO - Selected  Attribute Graph: 
                Self-Loop Weight: 1.2
                Self-Loop Percentage / Threshold: 0.7
                Self-Loop Count: 1
            
2025-06-11 14:03:56,945 - INFO - Selected  Attribute Graph: 
                Self-Loop Weight: 1.2
                Self-Loop Percentage / Threshold: 0.7
                Self-Loop Count: 1
            
2025-06-11 14:03:56,960 - INFO - Selected  Attribute Graph: 
                Self-Loop Weight: 1.2
                Self-Loop Percentage / Threshold: 0.7
                Self-Loop Count: 5
            
2025-06-11 14:03:56,978 - INFO - Selected  Attribute Graph: 
                Self-Loop Weight: 1.2
                Self-Loop Percentage / Threshold: 0.7
                Self-Loop Count: 3
            
2025-06-11 14:03:56,989 - INFO - Selected  Attribute Graph: 
                Self-Loop Weight: 1.2
                Self-Loop Percentage / Threshold: 0.7
                Self-Loop Count: 1
            
2025-06-11 14:03:57,012 - INFO - Selected  Attribute Graph: 
                Self-Loop Weight: 1.2
                Self-Loop Percentage / Threshold: 0.7
                Self-Loop Count: 1
            
2025-06-11 14:03:57,068 - INFO - Selected  Attribute Graph: 
                Self-Loop Weight: 1.2
                Self-Loop Percentage / Threshold: 0.7
                Self-Loop Count: 3
            
2025-06-11 14:03:57,197 - INFO - Selected  Attribute Graph: 
                Self-Loop Weight: 1.2
                Self-Loop Percentage / Threshold: 0.7
                Self-Loop Count: 2
            
2025-06-11 14:03:57,258 - INFO - Selected  Structural Graph
2025-06-11 14:03:57,303 - INFO - Selected  Attribute Graph: 
                Self-Loop Weight: 1.2
                Self-Loop Percentage / Threshold: 0.7
                Self-Loop Count: 3
            
2025-06-11 14:03:57,344 - INFO - Selected  Structural Graph
2025-06-11 14:03:57,351 - INFO - Selected  Structural Graph
2025-06-11 14:03:57,355 - INFO - Selected  Attribute Graph: 
                Self-Loop Weight: 1.2
                Self-Loop Percentage / Threshold: 0.7
                Self-Loop Count: 1
            
2025-06-11 14:03:57,359 - INFO - Selected  Attribute Graph: 
                Self-Loop Weight: 1.2
                Self-Loop Percentage / Threshold: 0.7
                Self-Loop Count: 1
            
2025-06-11 14:03:57,362 - INFO - Selected  Attribute Graph: 
                Self-Loop Weight: 1.2
                Self-Loop Percentage / Threshold: 0.7
                Self-Loop Count: 1
            
2025-06-11 14:03:57,378 - INFO - Selected  Attribute Graph: 
                Self-Loop Weight: 1.2
                Self-Loop Percentage / Threshold: 0.7
                Self-Loop Count: 1
            
2025-06-11 14:03:57,421 - INFO - Selected  Structural Graph
2025-06-11 14:03:57,440 - INFO - Selected  Attribute Graph: 
                Self-Loop Weight: 1.2
                Self-Loop Percentage / Threshold: 0.7
                Self-Loop Count: 4
            
2025-06-11 14:03:57,481 - INFO - Selected  Attribute Graph: 
                Self-Loop Weight: 1.2
                Self-Loop Percentage / Threshold: 0.7
                Self-Loop Count: 3
            
2025-06-11 14:03:57,497 - INFO - Selected  Structural Graph
2025-06-11 14:03:57,510 - INFO - Selected  Structural Graph
2025-06-11 14:03:57,514 - INFO - Selected  Attribute Graph: 
                Self-Loop Weight: 1.2
                Self-Loop Percentage / Threshold: 0.7
                Self-Loop Count: 5
            
2025-06-11 14:03:57,523 - INFO - Selected  Attribute Graph: 
                Self-Loop Weight: 1.2
                Self-Loop Percentage / Threshold: 0.7
                Self-Loop Count: 3
            
2025-06-11 14:03:57,530 - INFO - Selected  Attribute Graph: 
                Self-Loop Weight: 1.2
                Self-Loop Percentage / Threshold: 0.7
                Self-Loop Count: 6
            
2025-06-11 14:03:57,550 - INFO - Selected  Attribute Graph: 
                Self-Loop Weight: 1.2
                Self-Loop Percentage / Threshold: 0.7
                Self-Loop Count: 1
            
2025-06-11 14:03:57,564 - INFO - Selected  Structural Graph
2025-06-11 14:03:57,598 - INFO - Selected  Attribute Graph: 
                Self-Loop Weight: 1.2
                Self-Loop Percentage / Threshold: 0.7
                Self-Loop Count: 2
            
2025-06-11 14:03:57,662 - INFO - Selected  Structural Graph
2025-06-11 14:03:57,689 - INFO - Selected  Structural Graph
2025-06-11 14:03:57,693 - INFO - Selected  Structural Graph
2025-06-11 14:03:57,713 - INFO - Selected  Structural Graph
2025-06-11 14:03:57,718 - INFO - Selected  Structural Graph
2025-06-11 14:03:57,738 - INFO - Selected  Structural Graph
2025-06-11 14:03:57,752 - INFO - Selected  Attribute Graph: 
                Self-Loop Weight: 1.2
                Self-Loop Percentage / Threshold: 0.7
                Self-Loop Count: 1
            
2025-06-11 14:03:57,758 - INFO - Selected  Structural Graph
2025-06-11 14:03:57,765 - INFO - Selected  Structural Graph
2025-06-11 14:03:57,990 - INFO - Selected  Attribute Graph: 
                Self-Loop Weight: 1.2
                Self-Loop Percentage / Threshold: 0.7
                Self-Loop Count: 2
            
2025-06-11 14:03:58,026 - INFO - Selected  Structural Graph
2025-06-11 14:03:58,038 - INFO - Selected  Structural Graph
2025-06-11 14:03:58,044 - INFO - Selected  Structural Graph
2025-06-11 14:03:58,070 - INFO - Selected  Attribute Graph: 
                Self-Loop Weight: 1.2
                Self-Loop Percentage / Threshold: 0.7
                Self-Loop Count: 3
            
2025-06-11 14:03:58,080 - INFO - Selected  Attribute Graph: 
                Self-Loop Weight: 1.2
                Self-Loop Percentage / Threshold: 0.7
                Self-Loop Count: 5
            
2025-06-11 14:03:58,094 - INFO - Selected  Structural Graph
2025-06-11 14:03:58,119 - INFO - Selected  Attribute Graph: 
                Self-Loop Weight: 1.2
                Self-Loop Percentage / Threshold: 0.7
                Self-Loop Count: 1
            
2025-06-11 14:03:58,136 - INFO - Selected  Attribute Graph: 
                Self-Loop Weight: 1.2
                Self-Loop Percentage / Threshold: 0.7
                Self-Loop Count: 2
            
2025-06-11 14:03:58,162 - INFO - Selected  Structural Graph
2025-06-11 14:03:58,192 - INFO - Selected  Structural Graph
2025-06-11 14:03:58,232 - INFO - Selected  Structural Graph
2025-06-11 14:03:58,249 - INFO - Selected  Attribute Graph: 
                Self-Loop Weight: 1.2
                Self-Loop Percentage / Threshold: 0.7
                Self-Loop Count: 5
            
2025-06-11 14:03:58,263 - INFO - Selected  Attribute Graph: 
                Self-Loop Weight: 1.2
                Self-Loop Percentage / Threshold: 0.7
                Self-Loop Count: 1
            
2025-06-11 14:03:58,300 - INFO - Selected  Attribute Graph: 
                Self-Loop Weight: 1.2
                Self-Loop Percentage / Threshold: 0.7
                Self-Loop Count: 2
            
2025-06-11 14:03:58,389 - INFO - Selected  Structural Graph
2025-06-11 14:03:58,397 - INFO - Selected  Structural Graph
2025-06-11 14:03:58,417 - INFO - Selected  Attribute Graph: 
                Self-Loop Weight: 1.2
                Self-Loop Percentage / Threshold: 0.7
                Self-Loop Count: 2
            
2025-06-11 14:03:58,437 - INFO - Selected  Structural Graph
2025-06-11 14:03:58,461 - INFO - Selected  Attribute Graph: 
                Self-Loop Weight: 1.2
                Self-Loop Percentage / Threshold: 0.7
                Self-Loop Count: 2
            
2025-06-11 14:03:58,503 - INFO - Selected  Structural Graph
2025-06-11 14:03:58,599 - INFO - Selected  Structural Graph
2025-06-11 14:03:58,612 - INFO - Selected  Structural Graph
2025-06-11 14:03:58,691 - INFO - Selected  Structural Graph
2025-06-11 14:03:58,697 - INFO - Selected  Structural Graph
2025-06-11 14:03:58,725 - INFO - Selected  Attribute Graph: 
                Self-Loop Weight: 1.2
                Self-Loop Percentage / Threshold: 0.7
                Self-Loop Count: 2
            
2025-06-11 14:03:58,779 - INFO - Selected  Attribute Graph: 
                Self-Loop Weight: 1.2
                Self-Loop Percentage / Threshold: 0.7
                Self-Loop Count: 5
            
2025-06-11 14:03:58,840 - INFO - Selected  Structural Graph
2025-06-11 14:03:58,853 - INFO - Selected  Attribute Graph: 
                Self-Loop Weight: 1.2
                Self-Loop Percentage / Threshold: 0.7
                Self-Loop Count: 3
            
2025-06-11 14:03:58,898 - INFO - Selected  Structural Graph
2025-06-11 14:03:58,977 - INFO - Selected  Attribute Graph: 
                Self-Loop Weight: 1.2
                Self-Loop Percentage / Threshold: 0.7
                Self-Loop Count: 1
            
2025-06-11 14:03:58,987 - INFO - Selected  Attribute Graph: 
                Self-Loop Weight: 1.2
                Self-Loop Percentage / Threshold: 0.7
                Self-Loop Count: 2
            
2025-06-11 14:03:58,993 - INFO - Selected  Structural Graph
2025-06-11 14:03:59,018 - INFO - Selected  Structural Graph
2025-06-11 14:03:59,035 - INFO - Selected  Structural Graph
2025-06-11 14:03:59,044 - INFO - Selected  Attribute Graph: 
                Self-Loop Weight: 1.2
                Self-Loop Percentage / Threshold: 0.7
                Self-Loop Count: 4
            
2025-06-11 14:03:59,067 - INFO - Selected  Attribute Graph: 
                Self-Loop Weight: 1.2
                Self-Loop Percentage / Threshold: 0.7
                Self-Loop Count: 1
            
2025-06-11 14:03:59,080 - INFO - Selected  Structural Graph
2025-06-11 14:03:59,127 - INFO - Selected  Structural Graph
2025-06-11 14:03:59,184 - INFO - Selected  Attribute Graph: 
                Self-Loop Weight: 1.2
                Self-Loop Percentage / Threshold: 0.7
                Self-Loop Count: 1
            
2025-06-11 14:03:59,196 - INFO - Selected  Attribute Graph: 
                Self-Loop Weight: 1.2
                Self-Loop Percentage / Threshold: 0.7
                Self-Loop Count: 3
            
2025-06-11 14:03:59,200 - INFO - Selected  Structural Graph
2025-06-11 14:03:59,323 - INFO - Selected  Structural Graph
2025-06-11 14:03:59,330 - INFO - Selected  Attribute Graph: 
                Self-Loop Weight: 1.2
                Self-Loop Percentage / Threshold: 0.7
                Self-Loop Count: 4
            
2025-06-11 14:03:59,411 - INFO - Selected  Attribute Graph: 
                Self-Loop Weight: 1.2
                Self-Loop Percentage / Threshold: 0.7
                Self-Loop Count: 4
            
2025-06-11 14:03:59,435 - INFO - Selected  Attribute Graph: 
                Self-Loop Weight: 1.2
                Self-Loop Percentage / Threshold: 0.7
                Self-Loop Count: 2
            
2025-06-11 14:03:59,448 - INFO - Selected  Attribute Graph: 
                Self-Loop Weight: 1.2
                Self-Loop Percentage / Threshold: 0.7
                Self-Loop Count: 2
            
2025-06-11 14:03:59,556 - INFO - Selected  Structural Graph
2025-06-11 14:03:59,576 - INFO - Selected  Attribute Graph: 
                Self-Loop Weight: 1.2
                Self-Loop Percentage / Threshold: 0.7
                Self-Loop Count: 2
            
2025-06-11 14:03:59,623 - INFO - Selected  Attribute Graph: 
                Self-Loop Weight: 1.2
                Self-Loop Percentage / Threshold: 0.7
                Self-Loop Count: 2
            
2025-06-11 14:03:59,644 - INFO - Selected  Attribute Graph: 
                Self-Loop Weight: 1.2
                Self-Loop Percentage / Threshold: 0.7
                Self-Loop Count: 2
            
2025-06-11 14:03:59,666 - INFO - Selected  Structural Graph
2025-06-11 14:03:59,679 - INFO - Selected  Attribute Graph: 
                Self-Loop Weight: 1.2
                Self-Loop Percentage / Threshold: 0.7
                Self-Loop Count: 6
            
2025-06-11 14:03:59,702 - INFO - Selected  Attribute Graph: 
                Self-Loop Weight: 1.2
                Self-Loop Percentage / Threshold: 0.7
                Self-Loop Count: 5
            
2025-06-11 14:03:59,738 - INFO - Selected  Attribute Graph: 
                Self-Loop Weight: 1.2
                Self-Loop Percentage / Threshold: 0.7
                Self-Loop Count: 5
            
2025-06-11 14:03:59,754 - INFO - Selected  Attribute Graph: 
                Self-Loop Weight: 1.2
                Self-Loop Percentage / Threshold: 0.7
                Self-Loop Count: 1
            
2025-06-11 14:03:59,762 - INFO - Selected  Attribute Graph: 
                Self-Loop Weight: 1.2
                Self-Loop Percentage / Threshold: 0.7
                Self-Loop Count: 1
            
2025-06-11 14:03:59,771 - INFO - Selected  Structural Graph
2025-06-11 14:03:59,776 - INFO - Selected  Attribute Graph: 
                Self-Loop Weight: 1.2
                Self-Loop Percentage / Threshold: 0.7
                Self-Loop Count: 3
            
2025-06-11 14:03:59,807 - INFO - Selected  Attribute Graph: 
                Self-Loop Weight: 1.2
                Self-Loop Percentage / Threshold: 0.7
                Self-Loop Count: 2
            
2025-06-11 14:03:59,940 - INFO - Selected  Attribute Graph: 
                Self-Loop Weight: 1.2
                Self-Loop Percentage / Threshold: 0.7
                Self-Loop Count: 1
            
2025-06-11 14:03:59,992 - INFO - Selected  Structural Graph
2025-06-11 14:03:59,999 - INFO - Selected  Structural Graph
2025-06-11 14:04:00,061 - INFO - Selected  Attribute Graph: 
                Self-Loop Weight: 1.2
                Self-Loop Percentage / Threshold: 0.7
                Self-Loop Count: 4
            
2025-06-11 14:04:00,325 - INFO - Selected  Structural Graph
2025-06-11 14:04:00,349 - INFO - Selected  Attribute Graph: 
                Self-Loop Weight: 1.2
                Self-Loop Percentage / Threshold: 0.7
                Self-Loop Count: 2
            
2025-06-11 14:04:00,460 - INFO - Selected  Attribute Graph: 
                Self-Loop Weight: 1.2
                Self-Loop Percentage / Threshold: 0.7
                Self-Loop Count: 3
            
2025-06-11 14:04:00,501 - INFO - Selected  Attribute Graph: 
                Self-Loop Weight: 1.2
                Self-Loop Percentage / Threshold: 0.7
                Self-Loop Count: 4
            
2025-06-11 14:04:00,543 - INFO - Selected  Structural Graph
2025-06-11 14:04:00,563 - INFO - Selected  Structural Graph
2025-06-11 14:04:00,582 - INFO - Selected  Attribute Graph: 
                Self-Loop Weight: 1.2
                Self-Loop Percentage / Threshold: 0.7
                Self-Loop Count: 1
            
2025-06-11 14:04:00,590 - INFO - Selected  Structural Graph
2025-06-11 14:04:00,597 - INFO - Selected  Attribute Graph: 
                Self-Loop Weight: 1.2
                Self-Loop Percentage / Threshold: 0.7
                Self-Loop Count: 1
            
2025-06-11 14:04:00,690 - INFO - Selected  Structural Graph
2025-06-11 14:04:00,801 - INFO - Selected  Attribute Graph: 
                Self-Loop Weight: 1.2
                Self-Loop Percentage / Threshold: 0.7
                Self-Loop Count: 2
            
2025-06-11 14:04:00,823 - INFO - Selected  Structural Graph
2025-06-11 14:04:00,852 - INFO - Selected  Attribute Graph: 
                Self-Loop Weight: 1.2
                Self-Loop Percentage / Threshold: 0.7
                Self-Loop Count: 3
            
2025-06-11 14:04:00,867 - INFO - Selected  Attribute Graph: 
                Self-Loop Weight: 1.2
                Self-Loop Percentage / Threshold: 0.7
                Self-Loop Count: 3
            
2025-06-11 14:04:00,946 - INFO - Selected  Attribute Graph: 
                Self-Loop Weight: 1.2
                Self-Loop Percentage / Threshold: 0.7
                Self-Loop Count: 3
            
2025-06-11 14:04:00,978 - INFO - Selected  Attribute Graph: 
                Self-Loop Weight: 1.2
                Self-Loop Percentage / Threshold: 0.7
                Self-Loop Count: 1
            
