2025-08-06 14:44:19,474 - DEBUG - Loaded backend Qt5Agg version 5.15.11.
2025-08-06 14:44:19,873 - INFO - === Full RD Cost Analysis ===
2025-08-06 14:44:19,882 - INFO - Best RD Graphs per QStep:
                          Count  Mean_RD_Cost  Mean_RD_Gain
QStep Best Graph Kind                                      
24.0  Approximated Graph    600  18443.940864   1358.298442
      Attribute Graph      1779  16229.378129   1294.747295
      Structural Graph     1054  11992.269663      0.000000
28.0  Approximated Graph    611  21339.933017   1682.073468
      Attribute Graph      1752  18841.715057   1612.476132
      Structural Graph     1070  13513.417165      0.000000
32.0  Approximated Graph    614  23231.947301   2063.117393
      Attribute Graph      1735  21505.432107   1899.884831
      Structural Graph     1084  15200.849450      0.000000
40.0  Approximated Graph    714  27921.968228   2894.503580
      Attribute Graph      1657  26663.364448   2509.501844
      Structural Graph     1062  17114.567591      0.000000
48.0  Approximated Graph    708  30837.684895   3432.057240
      Attribute Graph      1636  31215.082092   3303.957065
      Structural Graph     1089  20715.156782      0.000000
56.0  Approximated Graph    777  35869.436845   4554.908964
      Attribute Graph      1571  34575.364664   4008.737280
      Structural Graph     1085  23538.254605      0.000000
64.0  Approximated Graph    729  37763.937530   5845.501436
      Attribute Graph      1566  39280.460859   4972.330713
      Structural Graph     1138  26208.210426      0.000000
2025-08-06 14:44:19,885 - INFO - Best Performing Graph by RD Cost per QStep:
        Best Graph Kind  Count  Mean_RD_Cost  Mean_RD_Gain
QStep                                                     
24.0   Structural Graph   1054  11992.269663           0.0
28.0   Structural Graph   1070  13513.417165           0.0
32.0   Structural Graph   1084  15200.849450           0.0
40.0   Structural Graph   1062  17114.567591           0.0
48.0   Structural Graph   1089  20715.156782           0.0
56.0   Structural Graph   1085  23538.254605           0.0
64.0   Structural Graph   1138  26208.210426           0.0
2025-08-06 14:44:19,919 - DEBUG - findfont: Matching sans\-serif:style=normal:variant=normal:weight=normal:stretch=normal:size=12.0.
2025-08-06 14:44:19,920 - DEBUG - findfont: score(FontEntry(fname='/home/simao/.pyenv/versions/.pcadc_venv/lib/python3.10/site-packages/matplotlib/mpl-data/fonts/ttf/cmb10.ttf', name='cmb10', style='normal', variant='normal', weight=400, stretch='normal', size='scalable')) = 10.05
2025-08-06 14:44:19,920 - DEBUG - findfont: score(FontEntry(fname='/home/simao/.pyenv/versions/.pcadc_venv/lib/python3.10/site-packages/matplotlib/mpl-data/fonts/ttf/STIXSizTwoSymBol.ttf', name='STIXSizeTwoSym', style='normal', variant='normal', weight=700, stretch='normal', size='scalable')) = 10.335
2025-08-06 14:44:19,920 - DEBUG - findfont: score(FontEntry(fname='/home/simao/.pyenv/versions/.pcadc_venv/lib/python3.10/site-packages/matplotlib/mpl-data/fonts/ttf/DejaVuSerifDisplay.ttf', name='DejaVu Serif Display', style='normal', variant='normal', weight=400, stretch='normal', size='scalable')) = 10.05
2025-08-06 14:44:19,920 - DEBUG - findfont: score(FontEntry(fname='/home/simao/.pyenv/versions/.pcadc_venv/lib/python3.10/site-packages/matplotlib/mpl-data/fonts/ttf/STIXSizFourSymBol.ttf', name='STIXSizeFourSym', style='normal', variant='normal', weight=700, stretch='normal', size='scalable')) = 10.335
2025-08-06 14:44:19,920 - DEBUG - findfont: score(FontEntry(fname='/home/simao/.pyenv/versions/.pcadc_venv/lib/python3.10/site-packages/matplotlib/mpl-data/fonts/ttf/STIXGeneral.ttf', name='STIXGeneral', style='normal', variant='normal', weight=400, stretch='normal', size='scalable')) = 10.05
2025-08-06 14:44:19,920 - DEBUG - findfont: score(FontEntry(fname='/home/simao/.pyenv/versions/.pcadc_venv/lib/python3.10/site-packages/matplotlib/mpl-data/fonts/ttf/STIXSizFiveSymReg.ttf', name='STIXSizeFiveSym', style='normal', variant='normal', weight=400, stretch='normal', size='scalable')) = 10.05
2025-08-06 14:44:19,920 - DEBUG - findfont: score(FontEntry(fname='/home/simao/.pyenv/versions/.pcadc_venv/lib/python3.10/site-packages/matplotlib/mpl-data/fonts/ttf/cmsy10.ttf', name='cmsy10', style='normal', variant='normal', weight=400, stretch='normal', size='scalable')) = 10.05
2025-08-06 14:44:19,920 - DEBUG - findfont: score(FontEntry(fname='/home/simao/.pyenv/versions/.pcadc_venv/lib/python3.10/site-packages/matplotlib/mpl-data/fonts/ttf/DejaVuSerif.ttf', name='DejaVu Serif', style='normal', variant='normal', weight=400, stretch='normal', size='scalable')) = 10.05
2025-08-06 14:44:19,920 - DEBUG - findfont: score(FontEntry(fname='/home/simao/.pyenv/versions/.pcadc_venv/lib/python3.10/site-packages/matplotlib/mpl-data/fonts/ttf/STIXSizThreeSymBol.ttf', name='STIXSizeThreeSym', style='normal', variant='normal', weight=700, stretch='normal', size='scalable')) = 10.335
2025-08-06 14:44:19,920 - DEBUG - findfont: score(FontEntry(fname='/home/simao/.pyenv/versions/.pcadc_venv/lib/python3.10/site-packages/matplotlib/mpl-data/fonts/ttf/STIXGeneralBolIta.ttf', name='STIXGeneral', style='italic', variant='normal', weight=700, stretch='normal', size='scalable')) = 11.335
2025-08-06 14:44:19,920 - DEBUG - findfont: score(FontEntry(fname='/home/simao/.pyenv/versions/.pcadc_venv/lib/python3.10/site-packages/matplotlib/mpl-data/fonts/ttf/DejaVuSerif-Italic.ttf', name='DejaVu Serif', style='italic', variant='normal', weight=400, stretch='normal', size='scalable')) = 11.05
2025-08-06 14:44:19,920 - DEBUG - findfont: score(FontEntry(fname='/home/simao/.pyenv/versions/.pcadc_venv/lib/python3.10/site-packages/matplotlib/mpl-data/fonts/ttf/STIXNonUni.ttf', name='STIXNonUnicode', style='normal', variant='normal', weight=400, stretch='normal', size='scalable')) = 10.05
2025-08-06 14:44:19,920 - DEBUG - findfont: score(FontEntry(fname='/home/simao/.pyenv/versions/.pcadc_venv/lib/python3.10/site-packages/matplotlib/mpl-data/fonts/ttf/cmss10.ttf', name='cmss10', style='normal', variant='normal', weight=400, stretch='normal', size='scalable')) = 10.05
2025-08-06 14:44:19,920 - DEBUG - findfont: score(FontEntry(fname='/home/simao/.pyenv/versions/.pcadc_venv/lib/python3.10/site-packages/matplotlib/mpl-data/fonts/ttf/STIXSizTwoSymReg.ttf', name='STIXSizeTwoSym', style='normal', variant='normal', weight=400, stretch='normal', size='scalable')) = 10.05
2025-08-06 14:44:19,920 - DEBUG - findfont: score(FontEntry(fname='/home/simao/.pyenv/versions/.pcadc_venv/lib/python3.10/site-packages/matplotlib/mpl-data/fonts/ttf/cmmi10.ttf', name='cmmi10', style='normal', variant='normal', weight=400, stretch='normal', size='scalable')) = 10.05
2025-08-06 14:44:19,921 - DEBUG - findfont: score(FontEntry(fname='/home/simao/.pyenv/versions/.pcadc_venv/lib/python3.10/site-packages/matplotlib/mpl-data/fonts/ttf/DejaVuSansMono-Oblique.ttf', name='DejaVu Sans Mono', style='oblique', variant='normal', weight=400, stretch='normal', size='scalable')) = 11.05
2025-08-06 14:44:19,921 - DEBUG - findfont: score(FontEntry(fname='/home/simao/.pyenv/versions/.pcadc_venv/lib/python3.10/site-packages/matplotlib/mpl-data/fonts/ttf/DejaVuSansDisplay.ttf', name='DejaVu Sans Display', style='normal', variant='normal', weight=400, stretch='normal', size='scalable')) = 10.05
2025-08-06 14:44:19,921 - DEBUG - findfont: score(FontEntry(fname='/home/simao/.pyenv/versions/.pcadc_venv/lib/python3.10/site-packages/matplotlib/mpl-data/fonts/ttf/STIXGeneralBol.ttf', name='STIXGeneral', style='normal', variant='normal', weight=700, stretch='normal', size='scalable')) = 10.335
2025-08-06 14:44:19,921 - DEBUG - findfont: score(FontEntry(fname='/home/simao/.pyenv/versions/.pcadc_venv/lib/python3.10/site-packages/matplotlib/mpl-data/fonts/ttf/STIXNonUniIta.ttf', name='STIXNonUnicode', style='italic', variant='normal', weight=400, stretch='normal', size='scalable')) = 11.05
2025-08-06 14:44:19,921 - DEBUG - findfont: score(FontEntry(fname='/home/simao/.pyenv/versions/.pcadc_venv/lib/python3.10/site-packages/matplotlib/mpl-data/fonts/ttf/STIXGeneralItalic.ttf', name='STIXGeneral', style='italic', variant='normal', weight=400, stretch='normal', size='scalable')) = 11.05
2025-08-06 14:44:19,921 - DEBUG - findfont: score(FontEntry(fname='/home/simao/.pyenv/versions/.pcadc_venv/lib/python3.10/site-packages/matplotlib/mpl-data/fonts/ttf/STIXSizOneSymReg.ttf', name='STIXSizeOneSym', style='normal', variant='normal', weight=400, stretch='normal', size='scalable')) = 10.05
2025-08-06 14:44:19,921 - DEBUG - findfont: score(FontEntry(fname='/home/simao/.pyenv/versions/.pcadc_venv/lib/python3.10/site-packages/matplotlib/mpl-data/fonts/ttf/DejaVuSans-Oblique.ttf', name='DejaVu Sans', style='oblique', variant='normal', weight=400, stretch='normal', size='scalable')) = 3.05
2025-08-06 14:44:19,921 - DEBUG - findfont: score(FontEntry(fname='/home/simao/.pyenv/versions/.pcadc_venv/lib/python3.10/site-packages/matplotlib/mpl-data/fonts/ttf/STIXSizThreeSymReg.ttf', name='STIXSizeThreeSym', style='normal', variant='normal', weight=400, stretch='normal', size='scalable')) = 10.05
2025-08-06 14:44:19,921 - DEBUG - findfont: score(FontEntry(fname='/home/simao/.pyenv/versions/.pcadc_venv/lib/python3.10/site-packages/matplotlib/mpl-data/fonts/ttf/cmex10.ttf', name='cmex10', style='normal', variant='normal', weight=400, stretch='normal', size='scalable')) = 10.05
2025-08-06 14:44:19,921 - DEBUG - findfont: score(FontEntry(fname='/home/simao/.pyenv/versions/.pcadc_venv/lib/python3.10/site-packages/matplotlib/mpl-data/fonts/ttf/DejaVuSansMono-BoldOblique.ttf', name='DejaVu Sans Mono', style='oblique', variant='normal', weight=700, stretch='normal', size='scalable')) = 11.335
2025-08-06 14:44:19,921 - DEBUG - findfont: score(FontEntry(fname='/home/simao/.pyenv/versions/.pcadc_venv/lib/python3.10/site-packages/matplotlib/mpl-data/fonts/ttf/STIXSizOneSymBol.ttf', name='STIXSizeOneSym', style='normal', variant='normal', weight=700, stretch='normal', size='scalable')) = 10.335
2025-08-06 14:44:19,921 - DEBUG - findfont: score(FontEntry(fname='/home/simao/.pyenv/versions/.pcadc_venv/lib/python3.10/site-packages/matplotlib/mpl-data/fonts/ttf/DejaVuSerif-Bold.ttf', name='DejaVu Serif', style='normal', variant='normal', weight=700, stretch='normal', size='scalable')) = 10.335
2025-08-06 14:44:19,921 - DEBUG - findfont: score(FontEntry(fname='/home/simao/.pyenv/versions/.pcadc_venv/lib/python3.10/site-packages/matplotlib/mpl-data/fonts/ttf/DejaVuSansMono.ttf', name='DejaVu Sans Mono', style='normal', variant='normal', weight=400, stretch='normal', size='scalable')) = 10.05
2025-08-06 14:44:19,921 - DEBUG - findfont: score(FontEntry(fname='/home/simao/.pyenv/versions/.pcadc_venv/lib/python3.10/site-packages/matplotlib/mpl-data/fonts/ttf/cmr10.ttf', name='cmr10', style='normal', variant='normal', weight=400, stretch='normal', size='scalable')) = 10.05
2025-08-06 14:44:19,921 - DEBUG - findfont: score(FontEntry(fname='/home/simao/.pyenv/versions/.pcadc_venv/lib/python3.10/site-packages/matplotlib/mpl-data/fonts/ttf/STIXNonUniBol.ttf', name='STIXNonUnicode', style='normal', variant='normal', weight=700, stretch='normal', size='scalable')) = 10.335
2025-08-06 14:44:19,921 - DEBUG - findfont: score(FontEntry(fname='/home/simao/.pyenv/versions/.pcadc_venv/lib/python3.10/site-packages/matplotlib/mpl-data/fonts/ttf/DejaVuSerif-BoldItalic.ttf', name='DejaVu Serif', style='italic', variant='normal', weight=700, stretch='normal', size='scalable')) = 11.335
2025-08-06 14:44:19,921 - DEBUG - findfont: score(FontEntry(fname='/home/simao/.pyenv/versions/.pcadc_venv/lib/python3.10/site-packages/matplotlib/mpl-data/fonts/ttf/STIXNonUniBolIta.ttf', name='STIXNonUnicode', style='italic', variant='normal', weight=700, stretch='normal', size='scalable')) = 11.335
2025-08-06 14:44:19,921 - DEBUG - findfont: score(FontEntry(fname='/home/simao/.pyenv/versions/.pcadc_venv/lib/python3.10/site-packages/matplotlib/mpl-data/fonts/ttf/cmtt10.ttf', name='cmtt10', style='normal', variant='normal', weight=400, stretch='normal', size='scalable')) = 10.05
2025-08-06 14:44:19,921 - DEBUG - findfont: score(FontEntry(fname='/home/simao/.pyenv/versions/.pcadc_venv/lib/python3.10/site-packages/matplotlib/mpl-data/fonts/ttf/STIXSizFourSymReg.ttf', name='STIXSizeFourSym', style='normal', variant='normal', weight=400, stretch='normal', size='scalable')) = 10.05
2025-08-06 14:44:19,921 - DEBUG - findfont: score(FontEntry(fname='/home/simao/.pyenv/versions/.pcadc_venv/lib/python3.10/site-packages/matplotlib/mpl-data/fonts/ttf/DejaVuSansMono-Bold.ttf', name='DejaVu Sans Mono', style='normal', variant='normal', weight=700, stretch='normal', size='scalable')) = 10.335
2025-08-06 14:44:19,921 - DEBUG - findfont: score(FontEntry(fname='/home/simao/.pyenv/versions/.pcadc_venv/lib/python3.10/site-packages/matplotlib/mpl-data/fonts/ttf/DejaVuSans-BoldOblique.ttf', name='DejaVu Sans', style='oblique', variant='normal', weight=700, stretch='normal', size='scalable')) = 3.335
2025-08-06 14:44:19,921 - DEBUG - findfont: score(FontEntry(fname='/home/simao/.pyenv/versions/.pcadc_venv/lib/python3.10/site-packages/matplotlib/mpl-data/fonts/ttf/DejaVuSans.ttf', name='DejaVu Sans', style='normal', variant='normal', weight=400, stretch='normal', size='scalable')) = 2.05
2025-08-06 14:44:19,921 - DEBUG - findfont: score(FontEntry(fname='/home/simao/.pyenv/versions/.pcadc_venv/lib/python3.10/site-packages/matplotlib/mpl-data/fonts/ttf/DejaVuSans-Bold.ttf', name='DejaVu Sans', style='normal', variant='normal', weight=700, stretch='normal', size='scalable')) = 2.335
2025-08-06 14:44:19,921 - DEBUG - findfont: score(FontEntry(fname='/usr/share/fonts/noto/NotoSerifGeorgian-Thin.ttf', name='Noto Serif Georgian', style='normal', variant='normal', weight=100, stretch='normal', size='scalable')) = 10.335
2025-08-06 14:44:19,921 - DEBUG - findfont: score(FontEntry(fname='/usr/share/fonts/noto/NotoSerifGeorgian-Medium.ttf', name='Noto Serif Georgian', style='normal', variant='normal', weight=500, stretch='normal', size='scalable')) = 10.145
2025-08-06 14:44:19,921 - DEBUG - findfont: score(FontEntry(fname='/usr/share/fonts/noto/NotoSansGurmukhiUI-Thin.ttf', name='Noto Sans Gurmukhi UI', style='normal', variant='normal', weight=100, stretch='normal', size='scalable')) = 10.335
2025-08-06 14:44:19,921 - DEBUG - findfont: score(FontEntry(fname='/usr/share/fonts/noto/NotoSerifTamil-BoldItalic.ttf', name='Noto Serif Tamil', style='italic', variant='normal', weight=700, stretch='normal', size='scalable')) = 11.335
2025-08-06 14:44:19,922 - DEBUG - findfont: score(FontEntry(fname='/usr/share/fonts/noto/NotoSansTifinaghAhaggar-Regular.ttf', name='Noto Sans Tifinagh Ahaggar', style='normal', variant='normal', weight=400, stretch='normal', size='scalable')) = 10.05
2025-08-06 14:44:19,922 - DEBUG - findfont: score(FontEntry(fname='/usr/share/fonts/noto/NotoSerifMyanmar-Light.ttf', name='Noto Serif Myanmar', style='normal', variant='normal', weight=300, stretch='normal', size='scalable')) = 10.145
2025-08-06 14:44:19,922 - DEBUG - findfont: score(FontEntry(fname='/usr/share/fonts/noto/NotoSansGurmukhiUI-Black.ttf', name='Noto Sans Gurmukhi UI', style='normal', variant='normal', weight=900, stretch='normal', size='scalable')) = 10.525
2025-08-06 14:44:19,922 - DEBUG - findfont: score(FontEntry(fname='/usr/share/fonts/noto/NotoKufiArabic-Black.ttf', name='Noto Kufi Arabic', style='normal', variant='normal', weight=900, stretch='normal', size='scalable')) = 10.525
2025-08-06 14:44:19,922 - DEBUG - findfont: score(FontEntry(fname='/usr/share/fonts/noto/NotoSansKawi-Bold.ttf', name='Noto Sans Kawi', style='normal', variant='normal', weight=700, stretch='normal', size='scalable')) = 10.335
2025-08-06 14:44:19,922 - DEBUG - findfont: score(FontEntry(fname='/usr/share/fonts/gsfonts/URWBookman-Light.otf', name='URW Bookman', style='normal', variant='normal', weight=300, stretch='normal', size='scalable')) = 10.145
2025-08-06 14:44:19,922 - DEBUG - findfont: score(FontEntry(fname='/usr/share/fonts/noto/NotoSerifDisplay-LightItalic.ttf', name='Noto Serif Display', style='italic', variant='normal', weight=300, stretch='normal', size='scalable')) = 11.145
2025-08-06 14:44:19,922 - DEBUG - findfont: score(FontEntry(fname='/usr/share/fonts/noto/NotoSansMalayalamUI-Black.ttf', name='Noto Sans Malayalam UI', style='normal', variant='normal', weight=900, stretch='normal', size='scalable')) = 10.525
2025-08-06 14:44:19,922 - DEBUG - findfont: score(FontEntry(fname='/usr/share/fonts/noto/NotoSansCyproMinoan-Regular.ttf', name='Noto Sans Cypro Minoan', style='normal', variant='normal', weight=400, stretch='normal', size='scalable')) = 10.05
2025-08-06 14:44:19,922 - DEBUG - findfont: score(FontEntry(fname='/usr/share/fonts/noto/NotoSansKannadaUI-Bold.ttf', name='Noto Sans Kannada UI', style='normal', variant='normal', weight=700, stretch='normal', size='scalable')) = 10.335
2025-08-06 14:44:19,922 - DEBUG - findfont: score(FontEntry(fname='/usr/share/fonts/noto/NotoSerifTamil-Regular.ttf', name='Noto Serif Tamil', style='normal', variant='normal', weight=400, stretch='normal', size='scalable')) = 10.05
2025-08-06 14:44:19,922 - DEBUG - findfont: score(FontEntry(fname='/usr/share/fonts/noto/NotoSansMalayalamUI-Thin.ttf', name='Noto Sans Malayalam UI', style='normal', variant='normal', weight=100, stretch='normal', size='scalable')) = 10.335
2025-08-06 14:44:19,922 - DEBUG - findfont: score(FontEntry(fname='/usr/share/fonts/noto/NotoSansCanadianAboriginal-Thin.ttf', name='Noto Sans Canadian Aboriginal', style='normal', variant='normal', weight=100, stretch='normal', size='scalable')) = 10.335
2025-08-06 14:44:19,922 - DEBUG - findfont: score(FontEntry(fname='/usr/share/fonts/gnu-free/FreeSansOblique.otf', name='FreeSans', style='oblique', variant='normal', weight=400, stretch='normal', size='scalable')) = 11.05
2025-08-06 14:44:19,922 - DEBUG - findfont: score(FontEntry(fname='/usr/share/fonts/noto/NotoSansHebrew-Bold.ttf', name='Noto Sans Hebrew', style='normal', variant='normal', weight=700, stretch='normal', size='scalable')) = 10.335
2025-08-06 14:44:19,922 - DEBUG - findfont: score(FontEntry(fname='/usr/share/fonts/noto/NotoTraditionalNushu-Bold.ttf', name='Noto Traditional Nushu', style='normal', variant='normal', weight=700, stretch='normal', size='scalable')) = 10.335
2025-08-06 14:44:19,922 - DEBUG - findfont: score(FontEntry(fname='/usr/share/fonts/gsfonts/URWGothic-DemiOblique.otf', name='URW Gothic', style='oblique', variant='normal', weight=600, stretch='normal', size='scalable')) = 11.24
2025-08-06 14:44:19,922 - DEBUG - findfont: score(FontEntry(fname='/usr/share/fonts/noto/NotoSansOldItalic-Regular.ttf', name='Noto Sans Old Italic', style='italic', variant='normal', weight=400, stretch='normal', size='scalable')) = 11.05
2025-08-06 14:44:19,922 - DEBUG - findfont: score(FontEntry(fname='/usr/share/fonts/noto/NotoNaskhArabic-Regular.ttf', name='Noto Naskh Arabic', style='normal', variant='normal', weight=400, stretch='normal', size='scalable')) = 10.05
2025-08-06 14:44:19,922 - DEBUG - findfont: score(FontEntry(fname='/usr/share/fonts/noto/NotoSansSunuwar-Regular.ttf', name='Noto Sans Sunuwar', style='normal', variant='normal', weight=400, stretch='normal', size='scalable')) = 10.05
2025-08-06 14:44:19,922 - DEBUG - findfont: score(FontEntry(fname='/usr/share/fonts/TTF/DejaVuSans-Bold.ttf', name='DejaVu Sans', style='normal', variant='normal', weight=700, stretch='normal', size='scalable')) = 2.335
2025-08-06 14:44:19,922 - DEBUG - findfont: score(FontEntry(fname='/usr/share/fonts/noto/NotoSansEthiopic-Black.ttf', name='Noto Sans Ethiopic', style='normal', variant='normal', weight=900, stretch='normal', size='scalable')) = 10.525
2025-08-06 14:44:19,922 - DEBUG - findfont: score(FontEntry(fname='/usr/share/fonts/noto/NotoSansArmenian-Thin.ttf', name='Noto Sans Armenian', style='normal', variant='normal', weight=100, stretch='normal', size='scalable')) = 10.335
2025-08-06 14:44:19,922 - DEBUG - findfont: score(FontEntry(fname='/usr/share/fonts/TTF/DejaVuMathTeXGyre.ttf', name='DejaVu Math TeX Gyre', style='normal', variant='normal', weight=400, stretch='normal', size='scalable')) = 10.05
2025-08-06 14:44:19,922 - DEBUG - findfont: score(FontEntry(fname='/usr/share/fonts/noto/NotoSansDevanagariUI-Medium.ttf', name='Noto Sans Devanagari UI', style='normal', variant='normal', weight=500, stretch='normal', size='scalable')) = 10.145
2025-08-06 14:44:19,922 - DEBUG - findfont: score(FontEntry(fname='/usr/share/fonts/noto/NotoSansSinhala-Bold.ttf', name='Noto Sans Sinhala', style='normal', variant='normal', weight=700, stretch='normal', size='scalable')) = 10.335
2025-08-06 14:44:19,922 - DEBUG - findfont: score(FontEntry(fname='/usr/share/fonts/noto/NotoSansThaiLooped-Bold.ttf', name='Noto Sans Thai Looped', style='normal', variant='normal', weight=700, stretch='normal', size='scalable')) = 10.335
2025-08-06 14:44:19,922 - DEBUG - findfont: score(FontEntry(fname='/usr/share/fonts/TTF/DejaVuSerifCondensed-Italic.ttf', name='DejaVu Serif', style='italic', variant='normal', weight=400, stretch='condensed', size='scalable')) = 11.25
2025-08-06 14:44:19,923 - DEBUG - findfont: score(FontEntry(fname='/usr/share/fonts/noto/NotoSansSyriacWestern-Regular.ttf', name='Noto Sans Syriac Western', style='normal', variant='normal', weight=400, stretch='normal', size='scalable')) = 10.05
2025-08-06 14:44:19,923 - DEBUG - findfont: score(FontEntry(fname='/usr/share/fonts/gsfonts/NimbusSans-Regular.otf', name='Nimbus Sans', style='normal', variant='normal', weight=400, stretch='normal', size='scalable')) = 10.05
2025-08-06 14:44:19,923 - DEBUG - findfont: score(FontEntry(fname='/usr/share/fonts/noto/NotoSansElymaic-Regular.ttf', name='Noto Sans Elymaic', style='normal', variant='normal', weight=400, stretch='normal', size='scalable')) = 10.05
2025-08-06 14:44:19,923 - DEBUG - findfont: score(FontEntry(fname='/usr/share/fonts/noto/NotoSerifOttomanSiyaq-Regular.ttf', name='Noto Serif Ottoman Siyaq', style='normal', variant='normal', weight=400, stretch='normal', size='scalable')) = 10.05
2025-08-06 14:44:19,923 - DEBUG - findfont: score(FontEntry(fname='/usr/share/fonts/TTF/Hack-BoldItalic.ttf', name='Hack', style='italic', variant='normal', weight=700, stretch='normal', size='scalable')) = 11.335
2025-08-06 14:44:19,923 - DEBUG - findfont: score(FontEntry(fname='/usr/share/fonts/Adwaita/AdwaitaMono-BoldItalic.ttf', name='Adwaita Mono', style='italic', variant='normal', weight=700, stretch='normal', size='scalable')) = 11.335
2025-08-06 14:44:19,923 - DEBUG - findfont: score(FontEntry(fname='/usr/share/fonts/noto/NotoSansCherokee-Medium.ttf', name='Noto Sans Cherokee', style='normal', variant='normal', weight=500, stretch='normal', size='scalable')) = 10.145
2025-08-06 14:44:19,923 - DEBUG - findfont: score(FontEntry(fname='/usr/share/fonts/gsfonts/NimbusRoman-Regular.otf', name='Nimbus Roman', style='normal', variant='normal', weight=400, stretch='normal', size='scalable')) = 10.05
2025-08-06 14:44:19,923 - DEBUG - findfont: score(FontEntry(fname='/usr/share/fonts/noto/NotoSansSymbols-Light.ttf', name='Noto Sans Symbols', style='normal', variant='normal', weight=300, stretch='normal', size='scalable')) = 10.145
2025-08-06 14:44:19,923 - DEBUG - findfont: score(FontEntry(fname='/usr/share/fonts/noto/NotoSansHanunoo-Regular.ttf', name='Noto Sans Hanunoo', style='normal', variant='normal', weight=400, stretch='normal', size='scalable')) = 10.05
2025-08-06 14:44:19,923 - DEBUG - findfont: score(FontEntry(fname='/usr/share/fonts/noto/NotoSansOgham-Regular.ttf', name='Noto Sans Ogham', style='normal', variant='normal', weight=400, stretch='normal', size='scalable')) = 10.05
2025-08-06 14:44:19,923 - DEBUG - findfont: score(FontEntry(fname='/usr/share/fonts/noto/NotoSansSamaritan-Regular.ttf', name='Noto Sans Samaritan', style='normal', variant='normal', weight=400, stretch='normal', size='scalable')) = 10.05
2025-08-06 14:44:19,923 - DEBUG - findfont: score(FontEntry(fname='/usr/share/fonts/TTF/DejaVuSerif.ttf', name='DejaVu Serif', style='normal', variant='normal', weight=400, stretch='normal', size='scalable')) = 10.05
2025-08-06 14:44:19,923 - DEBUG - findfont: score(FontEntry(fname='/usr/share/fonts/noto/NotoSansBengaliUI-Regular.ttf', name='Noto Sans Bengali UI', style='normal', variant='normal', weight=400, stretch='normal', size='scalable')) = 10.05
2025-08-06 14:44:19,923 - DEBUG - findfont: score(FontEntry(fname='/usr/share/fonts/noto/NotoNaskhArabic-Medium.ttf', name='Noto Naskh Arabic', style='normal', variant='normal', weight=500, stretch='normal', size='scalable')) = 10.145
2025-08-06 14:44:19,923 - DEBUG - findfont: score(FontEntry(fname='/usr/share/fonts/noto/NotoSansBengali-Thin.ttf', name='Noto Sans Bengali', style='normal', variant='normal', weight=100, stretch='normal', size='scalable')) = 10.335
2025-08-06 14:44:19,923 - DEBUG - findfont: score(FontEntry(fname='/usr/share/fonts/noto/NotoSansKannadaUI-Regular.ttf', name='Noto Sans Kannada UI', style='normal', variant='normal', weight=400, stretch='normal', size='scalable')) = 10.05
2025-08-06 14:44:19,923 - DEBUG - findfont: score(FontEntry(fname='/usr/share/fonts/noto/NotoSansLaoLooped-Medium.ttf', name='Noto Sans Lao Looped', style='normal', variant='normal', weight=500, stretch='normal', size='scalable')) = 10.145
2025-08-06 14:44:19,923 - DEBUG - findfont: score(FontEntry(fname='/usr/share/fonts/noto/NotoSansArabic-Medium.ttf', name='Noto Sans Arabic', style='normal', variant='normal', weight=500, stretch='normal', size='scalable')) = 10.145
2025-08-06 14:44:19,923 - DEBUG - findfont: score(FontEntry(fname='/usr/share/fonts/noto/NotoSerifArmenian-Thin.ttf', name='Noto Serif Armenian', style='normal', variant='normal', weight=100, stretch='normal', size='scalable')) = 10.335
2025-08-06 14:44:19,923 - DEBUG - findfont: score(FontEntry(fname='/usr/share/fonts/Adwaita/AdwaitaMono-Italic.ttf', name='Adwaita Mono', style='italic', variant='normal', weight=400, stretch='normal', size='scalable')) = 11.05
2025-08-06 14:44:19,923 - DEBUG - findfont: score(FontEntry(fname='/usr/share/fonts/noto/NotoSansManichaean-Regular.ttf', name='Noto Sans Manichaean', style='normal', variant='normal', weight=400, stretch='normal', size='scalable')) = 10.05
2025-08-06 14:44:19,923 - DEBUG - findfont: score(FontEntry(fname='/usr/share/fonts/noto/NotoSansTifinaghAgrawImazighen-Regular.ttf', name='Noto Sans Tifinagh Agraw Imazighen', style='normal', variant='normal', weight=400, stretch='normal', size='scalable')) = 10.05
2025-08-06 14:44:19,923 - DEBUG - findfont: score(FontEntry(fname='/usr/share/fonts/noto/NotoSansBengaliUI-Thin.ttf', name='Noto Sans Bengali UI', style='normal', variant='normal', weight=100, stretch='normal', size='scalable')) = 10.335
2025-08-06 14:44:19,923 - DEBUG - findfont: score(FontEntry(fname='/usr/share/fonts/gnu-free/FreeSerif.otf', name='FreeSerif', style='normal', variant='normal', weight=400, stretch='normal', size='scalable')) = 10.05
2025-08-06 14:44:19,923 - DEBUG - findfont: score(FontEntry(fname='/usr/share/fonts/noto/NotoSansGunjalaGondi-Bold.ttf', name='Noto Sans Gunjala Gondi', style='normal', variant='normal', weight=700, stretch='normal', size='scalable')) = 10.335
2025-08-06 14:44:19,923 - DEBUG - findfont: score(FontEntry(fname='/usr/share/fonts/noto/NotoSansSundanese-Regular.ttf', name='Noto Sans Sundanese', style='normal', variant='normal', weight=400, stretch='normal', size='scalable')) = 10.05
2025-08-06 14:44:19,923 - DEBUG - findfont: score(FontEntry(fname='/usr/share/fonts/noto/NotoSansTangsa-Bold.ttf', name='Noto Sans Tangsa', style='normal', variant='normal', weight=700, stretch='normal', size='scalable')) = 10.335
2025-08-06 14:44:19,923 - DEBUG - findfont: score(FontEntry(fname='/usr/share/fonts/noto/NotoSansKayahLi-Medium.ttf', name='Noto Sans Kayah Li', style='normal', variant='normal', weight=500, stretch='normal', size='scalable')) = 10.145
2025-08-06 14:44:19,924 - DEBUG - findfont: score(FontEntry(fname='/usr/share/fonts/noto/NotoSansMalayalamUI-Bold.ttf', name='Noto Sans Malayalam UI', style='normal', variant='normal', weight=700, stretch='normal', size='scalable')) = 10.335
2025-08-06 14:44:19,924 - DEBUG - findfont: score(FontEntry(fname='/usr/share/fonts/noto/NotoSansBengali-Medium.ttf', name='Noto Sans Bengali', style='normal', variant='normal', weight=500, stretch='normal', size='scalable')) = 10.145
2025-08-06 14:44:19,924 - DEBUG - findfont: score(FontEntry(fname='/usr/share/fonts/noto/NotoSerifKhmer-Bold.ttf', name='Noto Serif Khmer', style='normal', variant='normal', weight=700, stretch='normal', size='scalable')) = 10.335
2025-08-06 14:44:19,924 - DEBUG - findfont: score(FontEntry(fname='/usr/share/fonts/noto/NotoSansEthiopic-Light.ttf', name='Noto Sans Ethiopic', style='normal', variant='normal', weight=300, stretch='normal', size='scalable')) = 10.145
2025-08-06 14:44:19,924 - DEBUG - findfont: score(FontEntry(fname='/usr/share/fonts/noto/NotoSansHanifiRohingya-Regular.ttf', name='Noto Sans Hanifi Rohingya', style='normal', variant='normal', weight=400, stretch='normal', size='scalable')) = 10.05
2025-08-06 14:44:19,924 - DEBUG - findfont: score(FontEntry(fname='/usr/share/fonts/noto/NotoSansTaiTham-Bold.ttf', name='Noto Sans Tai Tham', style='normal', variant='normal', weight=700, stretch='normal', size='scalable')) = 10.335
2025-08-06 14:44:19,924 - DEBUG - findfont: score(FontEntry(fname='/usr/share/fonts/noto/NotoSerifBengali-Light.ttf', name='Noto Serif Bengali', style='normal', variant='normal', weight=300, stretch='normal', size='scalable')) = 10.145
2025-08-06 14:44:19,924 - DEBUG - findfont: score(FontEntry(fname='/usr/share/fonts/TTF/DejaVuSans.ttf', name='DejaVu Sans', style='normal', variant='normal', weight=400, stretch='normal', size='scalable')) = 2.05
2025-08-06 14:44:19,924 - DEBUG - findfont: score(FontEntry(fname='/usr/share/fonts/noto/NotoSansKawi-Regular.ttf', name='Noto Sans Kawi', style='normal', variant='normal', weight=400, stretch='normal', size='scalable')) = 10.05
2025-08-06 14:44:19,924 - DEBUG - findfont: score(FontEntry(fname='/usr/share/fonts/noto/NotoSansKannadaUI-Light.ttf', name='Noto Sans Kannada UI', style='normal', variant='normal', weight=300, stretch='normal', size='scalable')) = 10.145
2025-08-06 14:44:19,924 - DEBUG - findfont: score(FontEntry(fname='/usr/share/fonts/noto/NotoSerifVithkuqi-Regular.ttf', name='Noto Serif Vithkuqi', style='normal', variant='normal', weight=400, stretch='normal', size='scalable')) = 10.05
2025-08-06 14:44:19,924 - DEBUG - findfont: score(FontEntry(fname='/usr/share/fonts/gsfonts/NimbusRoman-Bold.otf', name='Nimbus Roman', style='normal', variant='normal', weight=700, stretch='normal', size='scalable')) = 10.335
2025-08-06 14:44:19,924 - DEBUG - findfont: score(FontEntry(fname='/usr/share/fonts/noto/NotoSansCypriot-Regular.ttf', name='Noto Sans Cypriot', style='normal', variant='normal', weight=400, stretch='normal', size='scalable')) = 10.05
2025-08-06 14:44:19,924 - DEBUG - findfont: score(FontEntry(fname='/usr/share/fonts/noto/NotoSansGujaratiUI-Black.ttf', name='Noto Sans Gujarati UI', style='normal', variant='normal', weight=900, stretch='normal', size='scalable')) = 10.525
2025-08-06 14:44:19,924 - DEBUG - findfont: score(FontEntry(fname='/usr/share/fonts/noto/NotoSansAdlamUnjoined-Bold.ttf', name='Noto Sans Adlam Unjoined', style='normal', variant='normal', weight=700, stretch='normal', size='scalable')) = 10.335
2025-08-06 14:44:19,924 - DEBUG - findfont: score(FontEntry(fname='/usr/share/fonts/gsfonts/NimbusSans-Bold.otf', name='Nimbus Sans', style='normal', variant='normal', weight=700, stretch='normal', size='scalable')) = 10.335
2025-08-06 14:44:19,924 - DEBUG - findfont: score(FontEntry(fname='/usr/share/fonts/noto/NotoSerifDisplay-Regular.ttf', name='Noto Serif Display', style='normal', variant='normal', weight=400, stretch='normal', size='scalable')) = 10.05
2025-08-06 14:44:19,924 - DEBUG - findfont: score(FontEntry(fname='/usr/share/fonts/noto/NotoSansKhmer-Medium.ttf', name='Noto Sans Khmer', style='normal', variant='normal', weight=500, stretch='normal', size='scalable')) = 10.145
2025-08-06 14:44:19,924 - DEBUG - findfont: score(FontEntry(fname='/usr/share/fonts/noto/NotoSerifGurmukhi-Regular.ttf', name='Noto Serif Gurmukhi', style='normal', variant='normal', weight=400, stretch='normal', size='scalable')) = 10.05
2025-08-06 14:44:19,924 - DEBUG - findfont: score(FontEntry(fname='/usr/share/fonts/kanjistrokeorders/KanjiStrokeOrders.ttf', name='KanjiStrokeOrders', style='normal', variant='normal', weight=500, stretch='normal', size='scalable')) = 10.145
2025-08-06 14:44:19,924 - DEBUG - findfont: score(FontEntry(fname='/usr/share/fonts/noto/NotoSansModi-Regular.ttf', name='Noto Sans Modi', style='normal', variant='normal', weight=400, stretch='normal', size='scalable')) = 10.05
2025-08-06 14:44:19,924 - DEBUG - findfont: score(FontEntry(fname='/usr/share/fonts/noto/NotoSansPahawhHmong-Regular.ttf', name='Noto Sans Pahawh Hmong', style='normal', variant='normal', weight=400, stretch='normal', size='scalable')) = 10.05
2025-08-06 14:44:19,924 - DEBUG - findfont: score(FontEntry(fname='/usr/share/fonts/noto/NotoSerifDevanagari-Bold.ttf', name='Noto Serif Devanagari', style='normal', variant='normal', weight=700, stretch='normal', size='scalable')) = 10.335
2025-08-06 14:44:19,924 - DEBUG - findfont: score(FontEntry(fname='/usr/share/fonts/noto/NotoSansInscriptionalPahlavi-Regular.ttf', name='Noto Sans Inscriptional Pahlavi', style='normal', variant='normal', weight=400, stretch='normal', size='scalable')) = 10.05
2025-08-06 14:44:19,924 - DEBUG - findfont: score(FontEntry(fname='/usr/share/fonts/noto/NotoNaskhArabicUI-Bold.ttf', name='Noto Naskh Arabic UI', style='normal', variant='normal', weight=700, stretch='normal', size='scalable')) = 10.335
2025-08-06 14:44:19,924 - DEBUG - findfont: score(FontEntry(fname='/usr/share/fonts/noto/NotoSansPhoenician-Regular.ttf', name='Noto Sans Phoenician', style='normal', variant='normal', weight=400, stretch='normal', size='scalable')) = 10.05
2025-08-06 14:44:19,924 - DEBUG - findfont: score(FontEntry(fname='/usr/share/fonts/noto/NotoSansOlChiki-Medium.ttf', name='Noto Sans Ol Chiki', style='normal', variant='normal', weight=500, stretch='normal', size='scalable')) = 10.145
2025-08-06 14:44:19,924 - DEBUG - findfont: score(FontEntry(fname='/usr/share/fonts/noto/NotoSerifTibetan-Light.ttf', name='Noto Serif Tibetan', style='normal', variant='normal', weight=300, stretch='normal', size='scalable')) = 10.145
2025-08-06 14:44:19,925 - DEBUG - findfont: score(FontEntry(fname='/usr/share/fonts/gnu-free/FreeMonoBold.otf', name='FreeMono', style='normal', variant='normal', weight=700, stretch='normal', size='scalable')) = 10.335
2025-08-06 14:44:19,925 - DEBUG - findfont: score(FontEntry(fname='/usr/share/fonts/gsfonts/URWGothic-Book.otf', name='URW Gothic', style='normal', variant='normal', weight=400, stretch='normal', size='scalable')) = 10.05
2025-08-06 14:44:19,925 - DEBUG - findfont: score(FontEntry(fname='/usr/share/fonts/noto/NotoSansWarangCiti-Regular.ttf', name='Noto Sans Warang Citi', style='normal', variant='normal', weight=400, stretch='normal', size='scalable')) = 10.05
2025-08-06 14:44:19,925 - DEBUG - findfont: score(FontEntry(fname='/usr/share/fonts/noto/NotoSansMalayalam-Light.ttf', name='Noto Sans Malayalam', style='normal', variant='normal', weight=300, stretch='normal', size='scalable')) = 10.145
2025-08-06 14:44:19,925 - DEBUG - findfont: score(FontEntry(fname='/usr/share/fonts/noto/NotoSerifTelugu-Medium.ttf', name='Noto Serif Telugu', style='normal', variant='normal', weight=500, stretch='normal', size='scalable')) = 10.145
2025-08-06 14:44:19,925 - DEBUG - findfont: score(FontEntry(fname='/usr/share/fonts/noto/NotoSansTelugu-Regular.ttf', name='Noto Sans Telugu', style='normal', variant='normal', weight=400, stretch='normal', size='scalable')) = 10.05
2025-08-06 14:44:19,925 - DEBUG - findfont: score(FontEntry(fname='/usr/share/fonts/noto/NotoSansMalayalam-Regular.ttf', name='Noto Sans Malayalam', style='normal', variant='normal', weight=400, stretch='normal', size='scalable')) = 10.05
2025-08-06 14:44:19,925 - DEBUG - findfont: score(FontEntry(fname='/usr/share/fonts/noto/NotoSerifEthiopic-Bold.ttf', name='Noto Serif Ethiopic', style='normal', variant='normal', weight=700, stretch='normal', size='scalable')) = 10.335
2025-08-06 14:44:19,925 - DEBUG - findfont: score(FontEntry(fname='/usr/share/fonts/noto/NotoSansBalinese-Regular.ttf', name='Noto Sans Balinese', style='normal', variant='normal', weight=400, stretch='normal', size='scalable')) = 10.05
2025-08-06 14:44:19,925 - DEBUG - findfont: score(FontEntry(fname='/usr/share/fonts/noto/NotoTraditionalNushu-Light.ttf', name='Noto Traditional Nushu', style='normal', variant='normal', weight=300, stretch='normal', size='scalable')) = 10.145
2025-08-06 14:44:19,925 - DEBUG - findfont: score(FontEntry(fname='/usr/share/fonts/noto/NotoSansTifinaghGhat-Regular.ttf', name='Noto Sans Tifinagh Ghat', style='normal', variant='normal', weight=400, stretch='normal', size='scalable')) = 10.05
2025-08-06 14:44:19,925 - DEBUG - findfont: score(FontEntry(fname='/usr/share/fonts/noto/NotoSansArabicUI-Black.ttf', name='Noto Sans Arabic UI', style='normal', variant='normal', weight=900, stretch='normal', size='scalable')) = 10.525
2025-08-06 14:44:19,925 - DEBUG - findfont: score(FontEntry(fname='/usr/share/fonts/noto/NotoSansAdlam-Regular.ttf', name='Noto Sans Adlam', style='normal', variant='normal', weight=400, stretch='normal', size='scalable')) = 10.05
2025-08-06 14:44:19,925 - DEBUG - findfont: score(FontEntry(fname='/usr/share/fonts/noto/NotoSansTangsa-Regular.ttf', name='Noto Sans Tangsa', style='normal', variant='normal', weight=400, stretch='normal', size='scalable')) = 10.05
2025-08-06 14:44:19,925 - DEBUG - findfont: score(FontEntry(fname='/usr/share/fonts/noto/NotoSerifMakasar-Regular.ttf', name='Noto Serif Makasar', style='normal', variant='normal', weight=400, stretch='normal', size='scalable')) = 10.05
2025-08-06 14:44:19,925 - DEBUG - findfont: score(FontEntry(fname='/usr/share/fonts/noto/NotoSansKayahLi-Regular.ttf', name='Noto Sans Kayah Li', style='normal', variant='normal', weight=400, stretch='normal', size='scalable')) = 10.05
2025-08-06 14:44:19,925 - DEBUG - findfont: score(FontEntry(fname='/usr/share/fonts/noto/NotoSansNKoUnjoined-Regular.ttf', name='Noto Sans NKo Unjoined', style='normal', variant='normal', weight=400, stretch='normal', size='scalable')) = 10.05
2025-08-06 14:44:19,925 - DEBUG - findfont: score(FontEntry(fname='/usr/share/fonts/noto/NotoSansKannada-Medium.ttf', name='Noto Sans Kannada', style='normal', variant='normal', weight=500, stretch='normal', size='scalable')) = 10.145
2025-08-06 14:44:19,925 - DEBUG - findfont: score(FontEntry(fname='/usr/share/fonts/noto/NotoNaskhArabicUI-Medium.ttf', name='Noto Naskh Arabic UI', style='normal', variant='normal', weight=500, stretch='normal', size='scalable')) = 10.145
2025-08-06 14:44:19,925 - DEBUG - findfont: score(FontEntry(fname='/usr/share/fonts/noto/NotoSerifHebrew-Light.ttf', name='Noto Serif Hebrew', style='normal', variant='normal', weight=300, stretch='normal', size='scalable')) = 10.145
2025-08-06 14:44:19,925 - DEBUG - findfont: score(FontEntry(fname='/usr/share/fonts/noto/NotoSerifGurmukhi-Black.ttf', name='Noto Serif Gurmukhi', style='normal', variant='normal', weight=900, stretch='normal', size='scalable')) = 10.525
2025-08-06 14:44:19,925 - DEBUG - findfont: score(FontEntry(fname='/usr/share/fonts/noto/NotoSansEthiopic-Medium.ttf', name='Noto Sans Ethiopic', style='normal', variant='normal', weight=500, stretch='normal', size='scalable')) = 10.145
2025-08-06 14:44:19,925 - DEBUG - findfont: score(FontEntry(fname='/usr/share/fonts/noto/NotoSansSinhala-Light.ttf', name='Noto Sans Sinhala', style='normal', variant='normal', weight=300, stretch='normal', size='scalable')) = 10.145
2025-08-06 14:44:19,925 - DEBUG - findfont: score(FontEntry(fname='/usr/share/fonts/TTF/DejaVuSansCondensed.ttf', name='DejaVu Sans', style='normal', variant='normal', weight=400, stretch='condensed', size='scalable')) = 2.25
2025-08-06 14:44:19,925 - DEBUG - findfont: score(FontEntry(fname='/usr/share/fonts/noto/NotoSerifGurmukhi-Bold.ttf', name='Noto Serif Gurmukhi', style='normal', variant='normal', weight=700, stretch='normal', size='scalable')) = 10.335
2025-08-06 14:44:19,925 - DEBUG - findfont: score(FontEntry(fname='/usr/share/fonts/noto/NotoSansElbasan-Regular.ttf', name='Noto Sans Elbasan', style='normal', variant='normal', weight=400, stretch='normal', size='scalable')) = 10.05
2025-08-06 14:44:19,925 - DEBUG - findfont: score(FontEntry(fname='/usr/share/fonts/noto/NotoSerifTamil-Light.ttf', name='Noto Serif Tamil', style='normal', variant='normal', weight=300, stretch='normal', size='scalable')) = 10.145
2025-08-06 14:44:19,925 - DEBUG - findfont: score(FontEntry(fname='/usr/share/fonts/noto/NotoSansPsalterPahlavi-Regular.ttf', name='Noto Sans Psalter Pahlavi', style='normal', variant='normal', weight=400, stretch='normal', size='scalable')) = 10.05
2025-08-06 14:44:19,926 - DEBUG - findfont: score(FontEntry(fname='/usr/share/fonts/noto/NotoSansOsmanya-Regular.ttf', name='Noto Sans Osmanya', style='normal', variant='normal', weight=400, stretch='normal', size='scalable')) = 10.05
2025-08-06 14:44:19,926 - DEBUG - findfont: score(FontEntry(fname='/usr/share/fonts/noto/NotoSerifHebrew-Black.ttf', name='Noto Serif Hebrew', style='normal', variant='normal', weight=900, stretch='normal', size='scalable')) = 10.525
2025-08-06 14:44:19,926 - DEBUG - findfont: score(FontEntry(fname='/usr/share/fonts/noto/NotoRashiHebrew-Medium.ttf', name='Noto Rashi Hebrew', style='normal', variant='normal', weight=500, stretch='normal', size='scalable')) = 10.145
2025-08-06 14:44:19,926 - DEBUG - findfont: score(FontEntry(fname='/usr/share/fonts/noto/NotoSansMeeteiMayek-Black.ttf', name='Noto Sans Meetei Mayek', style='normal', variant='normal', weight=900, stretch='normal', size='scalable')) = 10.525
2025-08-06 14:44:19,926 - DEBUG - findfont: score(FontEntry(fname='/usr/share/fonts/noto/NotoSerifTest-Regular.ttf', name='Noto Serif Test', style='normal', variant='normal', weight=400, stretch='normal', size='scalable')) = 10.05
2025-08-06 14:44:19,926 - DEBUG - findfont: score(FontEntry(fname='/usr/share/fonts/noto/NotoSansCham-Black.ttf', name='Noto Sans Cham', style='normal', variant='normal', weight=900, stretch='normal', size='scalable')) = 10.525
2025-08-06 14:44:19,926 - DEBUG - findfont: score(FontEntry(fname='/usr/share/fonts/noto/NotoSansZanabazarSquare-Regular.ttf', name='Noto Sans Zanabazar Square', style='normal', variant='normal', weight=400, stretch='normal', size='scalable')) = 10.05
2025-08-06 14:44:19,926 - DEBUG - findfont: score(FontEntry(fname='/usr/share/fonts/Adwaita/AdwaitaMono-Bold.ttf', name='Adwaita Mono', style='normal', variant='normal', weight=700, stretch='normal', size='scalable')) = 10.335
2025-08-06 14:44:19,926 - DEBUG - findfont: score(FontEntry(fname='/usr/share/fonts/noto/NotoSerifKhmer-Regular.ttf', name='Noto Serif Khmer', style='normal', variant='normal', weight=400, stretch='normal', size='scalable')) = 10.05
2025-08-06 14:44:19,926 - DEBUG - findfont: score(FontEntry(fname='/usr/share/fonts/noto/NotoSansThai-Medium.ttf', name='Noto Sans Thai', style='normal', variant='normal', weight=500, stretch='normal', size='scalable')) = 10.145
2025-08-06 14:44:19,926 - DEBUG - findfont: score(FontEntry(fname='/usr/share/fonts/noto/NotoSerifDisplay-ThinItalic.ttf', name='Noto Serif Display', style='italic', variant='normal', weight=100, stretch='normal', size='scalable')) = 11.335
2025-08-06 14:44:19,926 - DEBUG - findfont: score(FontEntry(fname='/usr/share/fonts/noto/NotoSansBengaliUI-Black.ttf', name='Noto Sans Bengali UI', style='normal', variant='normal', weight=900, stretch='normal', size='scalable')) = 10.525
2025-08-06 14:44:19,926 - DEBUG - findfont: score(FontEntry(fname='/usr/share/fonts/noto/NotoSansRejang-Regular.ttf', name='Noto Sans Rejang', style='normal', variant='normal', weight=400, stretch='normal', size='scalable')) = 10.05
2025-08-06 14:44:19,926 - DEBUG - findfont: score(FontEntry(fname='/usr/share/fonts/noto/NotoSansMyanmar-Light.ttf', name='Noto Sans Myanmar', style='normal', variant='normal', weight=300, stretch='normal', size='scalable')) = 10.145
2025-08-06 14:44:19,926 - DEBUG - findfont: score(FontEntry(fname='/usr/share/fonts/noto/NotoSerifArmenian-Black.ttf', name='Noto Serif Armenian', style='normal', variant='normal', weight=900, stretch='normal', size='scalable')) = 10.525
2025-08-06 14:44:19,926 - DEBUG - findfont: score(FontEntry(fname='/usr/share/fonts/noto/NotoSerifGeorgian-Light.ttf', name='Noto Serif Georgian', style='normal', variant='normal', weight=300, stretch='normal', size='scalable')) = 10.145
2025-08-06 14:44:19,926 - DEBUG - findfont: score(FontEntry(fname='/usr/share/fonts/TTF/DejaVuSansMono-BoldOblique.ttf', name='DejaVu Sans Mono', style='oblique', variant='normal', weight=700, stretch='normal', size='scalable')) = 11.335
2025-08-06 14:44:19,926 - DEBUG - findfont: score(FontEntry(fname='/usr/share/fonts/noto/NotoSansBengaliUI-Bold.ttf', name='Noto Sans Bengali UI', style='normal', variant='normal', weight=700, stretch='normal', size='scalable')) = 10.335
2025-08-06 14:44:19,926 - DEBUG - findfont: score(FontEntry(fname='/usr/share/fonts/noto/NotoSansGujaratiUI-Thin.ttf', name='Noto Sans Gujarati UI', style='normal', variant='normal', weight=100, stretch='normal', size='scalable')) = 10.335
2025-08-06 14:44:19,926 - DEBUG - findfont: score(FontEntry(fname='/usr/share/fonts/noto/NotoSansSyriac-Black.ttf', name='Noto Sans Syriac', style='normal', variant='normal', weight=900, stretch='normal', size='scalable')) = 10.525
2025-08-06 14:44:19,926 - DEBUG - findfont: score(FontEntry(fname='/usr/share/fonts/noto/NotoSansTeluguUI-Bold.ttf', name='Noto Sans Telugu UI', style='normal', variant='normal', weight=700, stretch='normal', size='scalable')) = 10.335
2025-08-06 14:44:19,926 - DEBUG - findfont: score(FontEntry(fname='/usr/share/fonts/noto/NotoNaskhArabic-Bold.ttf', name='Noto Naskh Arabic', style='normal', variant='normal', weight=700, stretch='normal', size='scalable')) = 10.335
2025-08-06 14:44:19,926 - DEBUG - findfont: score(FontEntry(fname='/usr/share/fonts/noto/NotoSerifYezidi-Bold.ttf', name='Noto Serif Yezidi', style='normal', variant='normal', weight=700, stretch='normal', size='scalable')) = 10.335
2025-08-06 14:44:19,926 - DEBUG - findfont: score(FontEntry(fname='/usr/share/fonts/noto/NotoSansMalayalam-Medium.ttf', name='Noto Sans Malayalam', style='normal', variant='normal', weight=500, stretch='normal', size='scalable')) = 10.145
2025-08-06 14:44:19,926 - DEBUG - findfont: score(FontEntry(fname='/usr/share/fonts/noto/NotoSerifSinhala-Medium.ttf', name='Noto Serif Sinhala', style='normal', variant='normal', weight=500, stretch='normal', size='scalable')) = 10.145
2025-08-06 14:44:19,926 - DEBUG - findfont: score(FontEntry(fname='/usr/share/fonts/noto/NotoSansThai-Black.ttf', name='Noto Sans Thai', style='normal', variant='normal', weight=900, stretch='normal', size='scalable')) = 10.525
2025-08-06 14:44:19,926 - DEBUG - findfont: score(FontEntry(fname='/usr/share/fonts/noto/NotoSerifKannada-Bold.ttf', name='Noto Serif Kannada', style='normal', variant='normal', weight=700, stretch='normal', size='scalable')) = 10.335
2025-08-06 14:44:19,926 - DEBUG - findfont: score(FontEntry(fname='/usr/share/fonts/TTF/DejaVuSansMono-Oblique.ttf', name='DejaVu Sans Mono', style='oblique', variant='normal', weight=400, stretch='normal', size='scalable')) = 11.05
2025-08-06 14:44:19,926 - DEBUG - findfont: score(FontEntry(fname='/usr/share/fonts/noto/NotoSansTamil-Black.ttf', name='Noto Sans Tamil', style='normal', variant='normal', weight=900, stretch='normal', size='scalable')) = 10.525
2025-08-06 14:44:19,927 - DEBUG - findfont: score(FontEntry(fname='/usr/share/fonts/noto/NotoSansTifinaghRhissaIxa-Regular.ttf', name='Noto Sans Tifinagh Rhissa Ixa', style='normal', variant='normal', weight=400, stretch='normal', size='scalable')) = 10.05
2025-08-06 14:44:19,927 - DEBUG - findfont: score(FontEntry(fname='/usr/share/fonts/noto/NotoSansTamil-Bold.ttf', name='Noto Sans Tamil', style='normal', variant='normal', weight=700, stretch='normal', size='scalable')) = 10.335
2025-08-06 14:44:19,927 - DEBUG - findfont: score(FontEntry(fname='/usr/share/fonts/noto/NotoSansCanadianAboriginal-Medium.ttf', name='Noto Sans Canadian Aboriginal', style='normal', variant='normal', weight=500, stretch='normal', size='scalable')) = 10.145
2025-08-06 14:44:19,927 - DEBUG - findfont: score(FontEntry(fname='/usr/share/fonts/noto/NotoRashiHebrew-Regular.ttf', name='Noto Rashi Hebrew', style='normal', variant='normal', weight=400, stretch='normal', size='scalable')) = 10.05
2025-08-06 14:44:19,927 - DEBUG - findfont: score(FontEntry(fname='/usr/share/fonts/noto/NotoSerifKhmer-Light.ttf', name='Noto Serif Khmer', style='normal', variant='normal', weight=300, stretch='normal', size='scalable')) = 10.145
2025-08-06 14:44:19,927 - DEBUG - findfont: score(FontEntry(fname='/usr/share/fonts/TTF/DejaVuSerif-BoldItalic.ttf', name='DejaVu Serif', style='italic', variant='normal', weight=700, stretch='normal', size='scalable')) = 11.335
2025-08-06 14:44:19,927 - DEBUG - findfont: score(FontEntry(fname='/usr/share/fonts/noto/NotoSansKannada-Thin.ttf', name='Noto Sans Kannada', style='normal', variant='normal', weight=100, stretch='normal', size='scalable')) = 10.335
2025-08-06 14:44:19,927 - DEBUG - findfont: score(FontEntry(fname='/usr/share/fonts/noto/NotoSansMandaic-Regular.ttf', name='Noto Sans Mandaic', style='normal', variant='normal', weight=400, stretch='normal', size='scalable')) = 10.05
2025-08-06 14:44:19,927 - DEBUG - findfont: score(FontEntry(fname='/usr/share/fonts/TTF/DejaVuSansMono-Bold.ttf', name='DejaVu Sans Mono', style='normal', variant='normal', weight=700, stretch='normal', size='scalable')) = 10.335
2025-08-06 14:44:19,927 - DEBUG - findfont: score(FontEntry(fname='/usr/share/fonts/noto/NotoSansGujarati-Medium.ttf', name='Noto Sans Gujarati', style='normal', variant='normal', weight=500, stretch='normal', size='scalable')) = 10.145
2025-08-06 14:44:19,927 - DEBUG - findfont: score(FontEntry(fname='/usr/share/fonts/noto/NotoSansSymbols-Medium.ttf', name='Noto Sans Symbols', style='normal', variant='normal', weight=500, stretch='normal', size='scalable')) = 10.145
2025-08-06 14:44:19,927 - DEBUG - findfont: score(FontEntry(fname='/usr/share/fonts/noto/NotoSansPauCinHau-Regular.ttf', name='Noto Sans Pau Cin Hau', style='normal', variant='normal', weight=400, stretch='normal', size='scalable')) = 10.05
2025-08-06 14:44:19,927 - DEBUG - findfont: score(FontEntry(fname='/usr/share/fonts/noto/NotoSerifVithkuqi-Medium.ttf', name='Noto Serif Vithkuqi', style='normal', variant='normal', weight=500, stretch='normal', size='scalable')) = 10.145
2025-08-06 14:44:19,927 - DEBUG - findfont: score(FontEntry(fname='/usr/share/fonts/noto/NotoSansArmenian-Regular.ttf', name='Noto Sans Armenian', style='normal', variant='normal', weight=400, stretch='normal', size='scalable')) = 10.05
2025-08-06 14:44:19,927 - DEBUG - findfont: score(FontEntry(fname='/usr/share/fonts/noto/NotoSerifTest-Bold.ttf', name='Noto Serif Test', style='normal', variant='normal', weight=700, stretch='normal', size='scalable')) = 10.335
2025-08-06 14:44:19,927 - DEBUG - findfont: score(FontEntry(fname='/usr/share/fonts/noto/NotoSerifTelugu-Light.ttf', name='Noto Serif Telugu', style='normal', variant='normal', weight=300, stretch='normal', size='scalable')) = 10.145
2025-08-06 14:44:19,927 - DEBUG - findfont: score(FontEntry(fname='/usr/share/fonts/noto/NotoSansGunjalaGondi-Medium.ttf', name='Noto Sans Gunjala Gondi', style='normal', variant='normal', weight=500, stretch='normal', size='scalable')) = 10.145
2025-08-06 14:44:19,927 - DEBUG - findfont: score(FontEntry(fname='/usr/share/fonts/noto/NotoSansArabicUI-Bold.ttf', name='Noto Sans Arabic UI', style='normal', variant='normal', weight=700, stretch='normal', size='scalable')) = 10.335
2025-08-06 14:44:19,927 - DEBUG - findfont: score(FontEntry(fname='/usr/share/fonts/noto/NotoSansNandinagari-Regular.ttf', name='Noto Sans Nandinagari', style='normal', variant='normal', weight=400, stretch='normal', size='scalable')) = 10.05
2025-08-06 14:44:19,927 - DEBUG - findfont: score(FontEntry(fname='/usr/share/fonts/noto/NotoSansSyriacWestern-Black.ttf', name='Noto Sans Syriac Western', style='normal', variant='normal', weight=900, stretch='normal', size='scalable')) = 10.525
2025-08-06 14:44:19,927 - DEBUG - findfont: score(FontEntry(fname='/usr/share/fonts/noto/NotoSansDevanagari-Medium.ttf', name='Noto Sans Devanagari', style='normal', variant='normal', weight=500, stretch='normal', size='scalable')) = 10.145
2025-08-06 14:44:19,927 - DEBUG - findfont: score(FontEntry(fname='/usr/share/fonts/gsfonts/StandardSymbolsPS.otf', name='Standard Symbols PS', style='normal', variant='normal', weight=400, stretch='normal', size='scalable')) = 10.05
2025-08-06 14:44:19,927 - DEBUG - findfont: score(FontEntry(fname='/usr/share/fonts/noto/NotoSansLaoLooped-Thin.ttf', name='Noto Sans Lao Looped', style='normal', variant='normal', weight=100, stretch='normal', size='scalable')) = 10.335
2025-08-06 14:44:19,927 - DEBUG - findfont: score(FontEntry(fname='/usr/share/fonts/noto/NotoSansPhagsPa-Regular.ttf', name='Noto Sans PhagsPa', style='normal', variant='normal', weight=400, stretch='normal', size='scalable')) = 10.05
2025-08-06 14:44:19,927 - DEBUG - findfont: score(FontEntry(fname='/usr/share/fonts/noto/NotoSansVithkuqi-Medium.ttf', name='Noto Sans Vithkuqi', style='normal', variant='normal', weight=500, stretch='normal', size='scalable')) = 10.145
2025-08-06 14:44:19,927 - DEBUG - findfont: score(FontEntry(fname='/usr/share/fonts/noto/NotoSansMalayalam-Thin.ttf', name='Noto Sans Malayalam', style='normal', variant='normal', weight=100, stretch='normal', size='scalable')) = 10.335
2025-08-06 14:44:19,927 - DEBUG - findfont: score(FontEntry(fname='/usr/share/fonts/noto/NotoSansThaiLooped-Black.ttf', name='Noto Sans Thai Looped', style='normal', variant='normal', weight=900, stretch='normal', size='scalable')) = 10.525
2025-08-06 14:44:19,927 - DEBUG - findfont: score(FontEntry(fname='/usr/share/fonts/noto/NotoSerifLao-Light.ttf', name='Noto Serif Lao', style='normal', variant='normal', weight=300, stretch='normal', size='scalable')) = 10.145
2025-08-06 14:44:19,928 - DEBUG - findfont: score(FontEntry(fname='/usr/share/fonts/noto/NotoSansTamil-Medium.ttf', name='Noto Sans Tamil', style='normal', variant='normal', weight=500, stretch='normal', size='scalable')) = 10.145
2025-08-06 14:44:19,928 - DEBUG - findfont: score(FontEntry(fname='/usr/share/fonts/noto/NotoSerifDevanagari-Medium.ttf', name='Noto Serif Devanagari', style='normal', variant='normal', weight=500, stretch='normal', size='scalable')) = 10.145
2025-08-06 14:44:19,928 - DEBUG - findfont: score(FontEntry(fname='/usr/share/fonts/noto/NotoSansNewTaiLue-Bold.ttf', name='Noto Sans New Tai Lue', style='normal', variant='normal', weight=700, stretch='normal', size='scalable')) = 10.335
2025-08-06 14:44:19,928 - DEBUG - findfont: score(FontEntry(fname='/usr/share/fonts/noto/NotoSansDevanagari-Light.ttf', name='Noto Sans Devanagari', style='normal', variant='normal', weight=300, stretch='normal', size='scalable')) = 10.145
2025-08-06 14:44:19,928 - DEBUG - findfont: score(FontEntry(fname='/usr/share/fonts/noto/NotoSansMeroitic-Regular.ttf', name='Noto Sans Meroitic', style='normal', variant='normal', weight=400, stretch='normal', size='scalable')) = 10.05
2025-08-06 14:44:19,928 - DEBUG - findfont: score(FontEntry(fname='/usr/share/fonts/noto/NotoSansMalayalamUI-Regular.ttf', name='Noto Sans Malayalam UI', style='normal', variant='normal', weight=400, stretch='normal', size='scalable')) = 10.05
2025-08-06 14:44:19,928 - DEBUG - findfont: score(FontEntry(fname='/usr/share/fonts/noto/NotoRashiHebrew-Bold.ttf', name='Noto Rashi Hebrew', style='normal', variant='normal', weight=700, stretch='normal', size='scalable')) = 10.335
2025-08-06 14:44:19,928 - DEBUG - findfont: score(FontEntry(fname='/usr/share/fonts/noto/NotoSansUgaritic-Regular.ttf', name='Noto Sans Ugaritic', style='normal', variant='normal', weight=400, stretch='normal', size='scalable')) = 10.05
2025-08-06 14:44:19,928 - DEBUG - findfont: score(FontEntry(fname='/usr/share/fonts/noto/NotoSerifThai-Thin.ttf', name='Noto Serif Thai', style='normal', variant='normal', weight=100, stretch='normal', size='scalable')) = 10.335
2025-08-06 14:44:19,928 - DEBUG - findfont: score(FontEntry(fname='/usr/share/fonts/noto/NotoSansMendeKikakui-Regular.ttf', name='Noto Sans Mende Kikakui', style='normal', variant='normal', weight=400, stretch='normal', size='scalable')) = 10.05
2025-08-06 14:44:19,928 - DEBUG - findfont: score(FontEntry(fname='/usr/share/fonts/noto/NotoSerifDisplay-BoldItalic.ttf', name='Noto Serif Display', style='italic', variant='normal', weight=700, stretch='normal', size='scalable')) = 11.335
2025-08-06 14:44:19,928 - DEBUG - findfont: score(FontEntry(fname='/usr/share/fonts/noto/NotoSerifOriya-Regular.ttf', name='Noto Serif Oriya', style='normal', variant='normal', weight=400, stretch='normal', size='scalable')) = 10.05
2025-08-06 14:44:19,928 - DEBUG - findfont: score(FontEntry(fname='/usr/share/fonts/gsfonts/NimbusSansNarrow-Regular.otf', name='Nimbus Sans Narrow', style='normal', variant='normal', weight=400, stretch='condensed', size='scalable')) = 10.25
2025-08-06 14:44:19,928 - DEBUG - findfont: score(FontEntry(fname='/usr/share/fonts/noto/NotoSansBengali-Bold.ttf', name='Noto Sans Bengali', style='normal', variant='normal', weight=700, stretch='normal', size='scalable')) = 10.335
2025-08-06 14:44:19,928 - DEBUG - findfont: score(FontEntry(fname='/usr/share/fonts/noto/NotoSansGurmukhi-Medium.ttf', name='Noto Sans Gurmukhi', style='normal', variant='normal', weight=500, stretch='normal', size='scalable')) = 10.145
2025-08-06 14:44:19,928 - DEBUG - findfont: score(FontEntry(fname='/usr/share/fonts/noto/NotoSans-Bold.ttf', name='Noto Sans', style='normal', variant='normal', weight=700, stretch='normal', size='scalable')) = 10.335
2025-08-06 14:44:19,928 - DEBUG - findfont: score(FontEntry(fname='/usr/share/fonts/noto/NotoSansThai-Regular.ttf', name='Noto Sans Thai', style='normal', variant='normal', weight=400, stretch='normal', size='scalable')) = 10.05
2025-08-06 14:44:19,928 - DEBUG - findfont: score(FontEntry(fname='/usr/share/fonts/noto/NotoSansSundanese-Medium.ttf', name='Noto Sans Sundanese', style='normal', variant='normal', weight=500, stretch='normal', size='scalable')) = 10.145
2025-08-06 14:44:19,928 - DEBUG - findfont: score(FontEntry(fname='/usr/share/fonts/noto/NotoSansMongolian-Regular.ttf', name='Noto Sans Mongolian', style='normal', variant='normal', weight=400, stretch='normal', size='scalable')) = 10.05
2025-08-06 14:44:19,928 - DEBUG - findfont: score(FontEntry(fname='/usr/share/fonts/noto/NotoSerifGurmukhi-Medium.ttf', name='Noto Serif Gurmukhi', style='normal', variant='normal', weight=500, stretch='normal', size='scalable')) = 10.145
2025-08-06 14:44:19,928 - DEBUG - findfont: score(FontEntry(fname='/usr/share/fonts/noto/NotoSerifVithkuqi-Bold.ttf', name='Noto Serif Vithkuqi', style='normal', variant='normal', weight=700, stretch='normal', size='scalable')) = 10.335
2025-08-06 14:44:19,928 - DEBUG - findfont: score(FontEntry(fname='/usr/share/fonts/noto/NotoSansSinhalaUI-Medium.ttf', name='Noto Sans Sinhala UI', style='normal', variant='normal', weight=500, stretch='normal', size='scalable')) = 10.145
2025-08-06 14:44:19,928 - DEBUG - findfont: score(FontEntry(fname='/usr/share/fonts/noto/NotoSerif-Regular.ttf', name='Noto Serif', style='normal', variant='normal', weight=400, stretch='normal', size='scalable')) = 10.05
2025-08-06 14:44:19,928 - DEBUG - findfont: score(FontEntry(fname='/usr/share/fonts/noto/NotoSansNushu-Regular.ttf', name='Noto Sans Nushu', style='normal', variant='normal', weight=400, stretch='normal', size='scalable')) = 10.05
2025-08-06 14:44:19,928 - DEBUG - findfont: score(FontEntry(fname='/usr/share/fonts/noto/NotoSansMono-Light.ttf', name='Noto Sans Mono', style='normal', variant='normal', weight=300, stretch='normal', size='scalable')) = 10.145
2025-08-06 14:44:19,928 - DEBUG - findfont: score(FontEntry(fname='/usr/share/fonts/noto/NotoSansKannada-Regular.ttf', name='Noto Sans Kannada', style='normal', variant='normal', weight=400, stretch='normal', size='scalable')) = 10.05
2025-08-06 14:44:19,928 - DEBUG - findfont: score(FontEntry(fname='/usr/share/fonts/noto/NotoSansLydian-Regular.ttf', name='Noto Sans Lydian', style='normal', variant='normal', weight=400, stretch='normal', size='scalable')) = 10.05
2025-08-06 14:44:19,928 - DEBUG - findfont: score(FontEntry(fname='/usr/share/fonts/noto/NotoSerifDisplay-Italic.ttf', name='Noto Serif Display', style='italic', variant='normal', weight=400, stretch='normal', size='scalable')) = 11.05
2025-08-06 14:44:19,928 - DEBUG - findfont: score(FontEntry(fname='/usr/share/fonts/noto/NotoSerifArmenian-Light.ttf', name='Noto Serif Armenian', style='normal', variant='normal', weight=300, stretch='normal', size='scalable')) = 10.145
2025-08-06 14:44:19,929 - DEBUG - findfont: score(FontEntry(fname='/usr/share/fonts/noto/NotoSerifThai-Black.ttf', name='Noto Serif Thai', style='normal', variant='normal', weight=900, stretch='normal', size='scalable')) = 10.525
2025-08-06 14:44:19,929 - DEBUG - findfont: score(FontEntry(fname='/usr/share/fonts/noto/NotoSansLinearB-Regular.ttf', name='Noto Sans Linear B', style='normal', variant='normal', weight=400, stretch='normal', size='scalable')) = 10.05
2025-08-06 14:44:19,929 - DEBUG - findfont: score(FontEntry(fname='/usr/share/fonts/noto/NotoSansArabic-Regular.ttf', name='Noto Sans Arabic', style='normal', variant='normal', weight=400, stretch='normal', size='scalable')) = 10.05
2025-08-06 14:44:19,929 - DEBUG - findfont: score(FontEntry(fname='/usr/share/fonts/noto/NotoSerifMyanmar-Medium.ttf', name='Noto Serif Myanmar', style='normal', variant='normal', weight=500, stretch='normal', size='scalable')) = 10.145
2025-08-06 14:44:19,929 - DEBUG - findfont: score(FontEntry(fname='/usr/share/fonts/noto/NotoSansSinhala-Black.ttf', name='Noto Sans Sinhala', style='normal', variant='normal', weight=900, stretch='normal', size='scalable')) = 10.525
2025-08-06 14:44:19,929 - DEBUG - findfont: score(FontEntry(fname='/usr/share/fonts/noto/NotoSansRunic-Regular.ttf', name='Noto Sans Runic', style='normal', variant='normal', weight=400, stretch='normal', size='scalable')) = 10.05
2025-08-06 14:44:19,929 - DEBUG - findfont: score(FontEntry(fname='/usr/share/fonts/gsfonts/NimbusRoman-BoldItalic.otf', name='Nimbus Roman', style='italic', variant='normal', weight=700, stretch='normal', size='scalable')) = 11.335
2025-08-06 14:44:19,929 - DEBUG - findfont: score(FontEntry(fname='/usr/share/fonts/TTF/DejaVuSans-Oblique.ttf', name='DejaVu Sans', style='oblique', variant='normal', weight=400, stretch='normal', size='scalable')) = 3.05
2025-08-06 14:44:19,929 - DEBUG - findfont: score(FontEntry(fname='/usr/share/fonts/noto/NotoSansGurmukhiUI-Light.ttf', name='Noto Sans Gurmukhi UI', style='normal', variant='normal', weight=300, stretch='normal', size='scalable')) = 10.145
2025-08-06 14:44:19,929 - DEBUG - findfont: score(FontEntry(fname='/usr/share/fonts/noto/NotoSansTeluguUI-Thin.ttf', name='Noto Sans Telugu UI', style='normal', variant='normal', weight=100, stretch='normal', size='scalable')) = 10.335
2025-08-06 14:44:19,929 - DEBUG - findfont: score(FontEntry(fname='/usr/share/fonts/noto/NotoSerifDevanagari-Light.ttf', name='Noto Serif Devanagari', style='normal', variant='normal', weight=300, stretch='normal', size='scalable')) = 10.145
2025-08-06 14:44:19,929 - DEBUG - findfont: score(FontEntry(fname='/usr/share/fonts/noto/NotoSerifEthiopic-Thin.ttf', name='Noto Serif Ethiopic', style='normal', variant='normal', weight=100, stretch='normal', size='scalable')) = 10.335
2025-08-06 14:44:19,929 - DEBUG - findfont: score(FontEntry(fname='/usr/share/fonts/noto/NotoSansImperialAramaic-Regular.ttf', name='Noto Sans Imperial Aramaic', style='normal', variant='normal', weight=400, stretch='normal', size='scalable')) = 10.05
2025-08-06 14:44:19,929 - DEBUG - findfont: score(FontEntry(fname='/usr/share/fonts/noto/NotoSerifThai-Bold.ttf', name='Noto Serif Thai', style='normal', variant='normal', weight=700, stretch='normal', size='scalable')) = 10.335
2025-08-06 14:44:19,929 - DEBUG - findfont: score(FontEntry(fname='/usr/share/fonts/noto/NotoSerifMyanmar-Regular.ttf', name='Noto Serif Myanmar', style='normal', variant='normal', weight=400, stretch='normal', size='scalable')) = 10.05
2025-08-06 14:44:19,929 - DEBUG - findfont: score(FontEntry(fname='/usr/share/fonts/noto/NotoSansOldPermic-Regular.ttf', name='Noto Sans Old Permic', style='normal', variant='normal', weight=400, stretch='normal', size='scalable')) = 10.05
2025-08-06 14:44:19,929 - DEBUG - findfont: score(FontEntry(fname='/usr/share/fonts/noto/NotoSerifTelugu-Thin.ttf', name='Noto Serif Telugu', style='normal', variant='normal', weight=100, stretch='normal', size='scalable')) = 10.335
2025-08-06 14:44:19,929 - DEBUG - findfont: score(FontEntry(fname='/usr/share/fonts/gsfonts/P052-Bold.otf', name='P052', style='normal', variant='normal', weight=700, stretch='normal', size='scalable')) = 10.335
2025-08-06 14:44:19,929 - DEBUG - findfont: score(FontEntry(fname='/usr/share/fonts/noto/NotoSansKannadaUI-Medium.ttf', name='Noto Sans Kannada UI', style='normal', variant='normal', weight=500, stretch='normal', size='scalable')) = 10.145
2025-08-06 14:44:19,929 - DEBUG - findfont: score(FontEntry(fname='/usr/share/fonts/noto/NotoSerifDogra-Regular.ttf', name='Noto Serif Dogra', style='normal', variant='normal', weight=400, stretch='normal', size='scalable')) = 10.05
2025-08-06 14:44:19,929 - DEBUG - findfont: score(FontEntry(fname='/usr/share/fonts/noto/NotoSansMono-Black.ttf', name='Noto Sans Mono', style='normal', variant='normal', weight=900, stretch='normal', size='scalable')) = 10.525
2025-08-06 14:44:19,929 - DEBUG - findfont: score(FontEntry(fname='/usr/share/fonts/noto/NotoSansLaoLooped-Black.ttf', name='Noto Sans Lao Looped', style='normal', variant='normal', weight=900, stretch='normal', size='scalable')) = 10.525
2025-08-06 14:44:19,929 - DEBUG - findfont: score(FontEntry(fname='/usr/share/fonts/noto/NotoSansLao-Bold.ttf', name='Noto Sans Lao', style='normal', variant='normal', weight=700, stretch='normal', size='scalable')) = 10.335
2025-08-06 14:44:19,929 - DEBUG - findfont: score(FontEntry(fname='/usr/share/fonts/noto/NotoSansGurmukhiUI-Bold.ttf', name='Noto Sans Gurmukhi UI', style='normal', variant='normal', weight=700, stretch='normal', size='scalable')) = 10.335
2025-08-06 14:44:19,929 - DEBUG - findfont: score(FontEntry(fname='/usr/share/fonts/noto/NotoSerifTamil-Thin.ttf', name='Noto Serif Tamil', style='normal', variant='normal', weight=100, stretch='normal', size='scalable')) = 10.335
2025-08-06 14:44:19,929 - DEBUG - findfont: score(FontEntry(fname='/usr/share/fonts/noto/NotoSansTest-Regular.ttf', name='Noto Sans Test', style='normal', variant='normal', weight=400, stretch='normal', size='scalable')) = 10.05
2025-08-06 14:44:19,929 - DEBUG - findfont: score(FontEntry(fname='/usr/share/fonts/noto/NotoSerifYezidi-Regular.ttf', name='Noto Serif Yezidi', style='normal', variant='normal', weight=400, stretch='normal', size='scalable')) = 10.05
2025-08-06 14:44:19,929 - DEBUG - findfont: score(FontEntry(fname='/usr/share/fonts/noto/NotoSansBamum-Regular.ttf', name='Noto Sans Bamum', style='normal', variant='normal', weight=400, stretch='normal', size='scalable')) = 10.05
2025-08-06 14:44:19,930 - DEBUG - findfont: score(FontEntry(fname='/usr/share/fonts/noto/NotoSans-BlackItalic.ttf', name='Noto Sans', style='italic', variant='normal', weight=900, stretch='normal', size='scalable')) = 11.525
2025-08-06 14:44:19,930 - DEBUG - findfont: score(FontEntry(fname='/usr/share/fonts/noto/NotoSansArabicUI-Light.ttf', name='Noto Sans Arabic UI', style='normal', variant='normal', weight=300, stretch='normal', size='scalable')) = 10.145
2025-08-06 14:44:19,930 - DEBUG - findfont: score(FontEntry(fname='/usr/share/fonts/noto/NotoKufiArabic-Medium.ttf', name='Noto Kufi Arabic', style='normal', variant='normal', weight=500, stretch='normal', size='scalable')) = 10.145
2025-08-06 14:44:19,930 - DEBUG - findfont: score(FontEntry(fname='/usr/share/fonts/noto/NotoSansDevanagariUI-Bold.ttf', name='Noto Sans Devanagari UI', style='normal', variant='normal', weight=700, stretch='normal', size='scalable')) = 10.335
2025-08-06 14:44:19,930 - DEBUG - findfont: score(FontEntry(fname='/usr/share/fonts/noto/NotoSansKannadaUI-Thin.ttf', name='Noto Sans Kannada UI', style='normal', variant='normal', weight=100, stretch='normal', size='scalable')) = 10.335
2025-08-06 14:44:19,930 - DEBUG - findfont: score(FontEntry(fname='/usr/share/fonts/noto/NotoSansBuhid-Regular.ttf', name='Noto Sans Buhid', style='normal', variant='normal', weight=400, stretch='normal', size='scalable')) = 10.05
2025-08-06 14:44:19,930 - DEBUG - findfont: score(FontEntry(fname='/usr/share/fonts/noto/NotoSansOldNorthArabian-Regular.ttf', name='Noto Sans Old North Arabian', style='normal', variant='normal', weight=400, stretch='normal', size='scalable')) = 10.05
2025-08-06 14:44:19,930 - DEBUG - findfont: score(FontEntry(fname='/usr/share/fonts/noto/NotoSansSoyombo-Regular.ttf', name='Noto Sans Soyombo', style='normal', variant='normal', weight=400, stretch='normal', size='scalable')) = 10.05
2025-08-06 14:44:19,930 - DEBUG - findfont: score(FontEntry(fname='/usr/share/fonts/noto/NotoSansMarchen-Regular.ttf', name='Noto Sans Marchen', style='normal', variant='normal', weight=400, stretch='normal', size='scalable')) = 10.05
2025-08-06 14:44:19,930 - DEBUG - findfont: score(FontEntry(fname='/usr/share/fonts/noto/NotoSansSinhalaUI-Bold.ttf', name='Noto Sans Sinhala UI', style='normal', variant='normal', weight=700, stretch='normal', size='scalable')) = 10.335
2025-08-06 14:44:19,930 - DEBUG - findfont: score(FontEntry(fname='/usr/share/fonts/noto/NotoSerifHebrew-Thin.ttf', name='Noto Serif Hebrew', style='normal', variant='normal', weight=100, stretch='normal', size='scalable')) = 10.335
2025-08-06 14:44:19,930 - DEBUG - findfont: score(FontEntry(fname='/usr/share/fonts/noto/NotoSerifToto-Bold.ttf', name='Noto Serif Toto', style='normal', variant='normal', weight=700, stretch='normal', size='scalable')) = 10.335
2025-08-06 14:44:19,930 - DEBUG - findfont: score(FontEntry(fname='/usr/share/fonts/noto/NotoSansLao-Light.ttf', name='Noto Sans Lao', style='normal', variant='normal', weight=300, stretch='normal', size='scalable')) = 10.145
2025-08-06 14:44:19,930 - DEBUG - findfont: score(FontEntry(fname='/usr/share/fonts/noto/NotoSansCherokee-Light.ttf', name='Noto Sans Cherokee', style='normal', variant='normal', weight=300, stretch='normal', size='scalable')) = 10.145
2025-08-06 14:44:19,930 - DEBUG - findfont: score(FontEntry(fname='/usr/share/fonts/gsfonts/C059-Roman.otf', name='C059', style='normal', variant='normal', weight=400, stretch='normal', size='scalable')) = 10.05
2025-08-06 14:44:19,930 - DEBUG - findfont: score(FontEntry(fname='/usr/share/fonts/noto/NotoSansGujaratiUI-Light.ttf', name='Noto Sans Gujarati UI', style='normal', variant='normal', weight=300, stretch='normal', size='scalable')) = 10.145
2025-08-06 14:44:19,930 - DEBUG - findfont: score(FontEntry(fname='/usr/share/fonts/noto/NotoSansTangsa-Medium.ttf', name='Noto Sans Tangsa', style='normal', variant='normal', weight=500, stretch='normal', size='scalable')) = 10.145
2025-08-06 14:44:19,930 - DEBUG - findfont: score(FontEntry(fname='/usr/share/fonts/noto/NotoKufiArabic-Bold.ttf', name='Noto Kufi Arabic', style='normal', variant='normal', weight=700, stretch='normal', size='scalable')) = 10.335
2025-08-06 14:44:19,930 - DEBUG - findfont: score(FontEntry(fname='/usr/share/fonts/noto/NotoSansBassaVah-Regular.ttf', name='Noto Sans Bassa Vah', style='normal', variant='normal', weight=400, stretch='normal', size='scalable')) = 10.05
2025-08-06 14:44:19,930 - DEBUG - findfont: score(FontEntry(fname='/usr/share/fonts/noto/NotoSansKhmer-Light.ttf', name='Noto Sans Khmer', style='normal', variant='normal', weight=300, stretch='normal', size='scalable')) = 10.145
2025-08-06 14:44:19,930 - DEBUG - findfont: score(FontEntry(fname='/usr/share/fonts/noto/NotoSansMath-Regular.ttf', name='Noto Sans Math', style='normal', variant='normal', weight=400, stretch='normal', size='scalable')) = 10.05
2025-08-06 14:44:19,930 - DEBUG - findfont: score(FontEntry(fname='/usr/share/fonts/noto/NotoSerif-MediumItalic.ttf', name='Noto Serif', style='italic', variant='normal', weight=500, stretch='normal', size='scalable')) = 11.145
2025-08-06 14:44:19,930 - DEBUG - findfont: score(FontEntry(fname='/usr/share/fonts/noto/NotoSansAnatolianHieroglyphs-Regular.ttf', name='Noto Sans Anatolian Hieroglyphs', style='normal', variant='normal', weight=400, stretch='normal', size='scalable')) = 10.05
2025-08-06 14:44:19,930 - DEBUG - findfont: score(FontEntry(fname='/usr/share/fonts/noto/NotoSansSymbols-Bold.ttf', name='Noto Sans Symbols', style='normal', variant='normal', weight=700, stretch='normal', size='scalable')) = 10.335
2025-08-06 14:44:19,930 - DEBUG - findfont: score(FontEntry(fname='/usr/share/fonts/noto/NotoSerifTamil-Italic.ttf', name='Noto Serif Tamil', style='italic', variant='normal', weight=400, stretch='normal', size='scalable')) = 11.05
2025-08-06 14:44:19,930 - DEBUG - findfont: score(FontEntry(fname='/usr/share/fonts/gsfonts/NimbusSans-BoldItalic.otf', name='Nimbus Sans', style='italic', variant='normal', weight=700, stretch='normal', size='scalable')) = 11.335
2025-08-06 14:44:19,930 - DEBUG - findfont: score(FontEntry(fname='/usr/share/fonts/noto/NotoSansGeorgian-Regular.ttf', name='Noto Sans Georgian', style='normal', variant='normal', weight=400, stretch='normal', size='scalable')) = 10.05
2025-08-06 14:44:19,930 - DEBUG - findfont: score(FontEntry(fname='/usr/share/fonts/noto/NotoSerifLao-Black.ttf', name='Noto Serif Lao', style='normal', variant='normal', weight=900, stretch='normal', size='scalable')) = 10.525
2025-08-06 14:44:19,930 - DEBUG - findfont: score(FontEntry(fname='/usr/share/fonts/noto/NotoSansArmenian-Light.ttf', name='Noto Sans Armenian', style='normal', variant='normal', weight=300, stretch='normal', size='scalable')) = 10.145
2025-08-06 14:44:19,931 - DEBUG - findfont: score(FontEntry(fname='/usr/share/fonts/noto/NotoSansMro-Regular.ttf', name='Noto Sans Mro', style='normal', variant='normal', weight=400, stretch='normal', size='scalable')) = 10.05
2025-08-06 14:44:19,931 - DEBUG - findfont: score(FontEntry(fname='/usr/share/fonts/noto/NotoSansSymbols-Black.ttf', name='Noto Sans Symbols', style='normal', variant='normal', weight=900, stretch='normal', size='scalable')) = 10.525
2025-08-06 14:44:19,931 - DEBUG - findfont: score(FontEntry(fname='/usr/share/fonts/noto/NotoSansHebrew-Light.ttf', name='Noto Sans Hebrew', style='normal', variant='normal', weight=300, stretch='normal', size='scalable')) = 10.145
2025-08-06 14:44:19,931 - DEBUG - findfont: score(FontEntry(fname='/usr/share/fonts/TTF/DejaVuSansCondensed-Bold.ttf', name='DejaVu Sans', style='normal', variant='normal', weight=700, stretch='condensed', size='scalable')) = 2.535
2025-08-06 14:44:19,931 - DEBUG - findfont: score(FontEntry(fname='/usr/share/fonts/noto/NotoSansGeorgian-Thin.ttf', name='Noto Sans Georgian', style='normal', variant='normal', weight=100, stretch='normal', size='scalable')) = 10.335
2025-08-06 14:44:19,931 - DEBUG - findfont: score(FontEntry(fname='/usr/share/fonts/noto/NotoKufiArabic-Light.ttf', name='Noto Kufi Arabic', style='normal', variant='normal', weight=300, stretch='normal', size='scalable')) = 10.145
2025-08-06 14:44:19,931 - DEBUG - findfont: score(FontEntry(fname='/usr/share/fonts/noto/NotoFangsongKSSVertical-Regular.ttf', name='Noto Fangsong KSS Vertical', style='normal', variant='normal', weight=400, stretch='normal', size='scalable')) = 10.05
2025-08-06 14:44:19,931 - DEBUG - findfont: score(FontEntry(fname='/usr/share/fonts/noto/NotoSerifGeorgian-Bold.ttf', name='Noto Serif Georgian', style='normal', variant='normal', weight=700, stretch='normal', size='scalable')) = 10.335
2025-08-06 14:44:19,931 - DEBUG - findfont: score(FontEntry(fname='/usr/share/fonts/noto/NotoSansCanadianAboriginal-Black.ttf', name='Noto Sans Canadian Aboriginal', style='normal', variant='normal', weight=900, stretch='normal', size='scalable')) = 10.525
2025-08-06 14:44:19,931 - DEBUG - findfont: score(FontEntry(fname='/usr/share/fonts/noto/NotoSerifTamil-Black.ttf', name='Noto Serif Tamil', style='normal', variant='normal', weight=900, stretch='normal', size='scalable')) = 10.525
2025-08-06 14:44:19,931 - DEBUG - findfont: score(FontEntry(fname='/usr/share/fonts/noto/NotoSansBalinese-Medium.ttf', name='Noto Sans Balinese', style='normal', variant='normal', weight=500, stretch='normal', size='scalable')) = 10.145
2025-08-06 14:44:19,931 - DEBUG - findfont: score(FontEntry(fname='/usr/share/fonts/noto/NotoSerifTamil-Medium.ttf', name='Noto Serif Tamil', style='normal', variant='normal', weight=500, stretch='normal', size='scalable')) = 10.145
2025-08-06 14:44:19,931 - DEBUG - findfont: score(FontEntry(fname='/usr/share/fonts/noto/NotoSansLepcha-Regular.ttf', name='Noto Sans Lepcha', style='normal', variant='normal', weight=400, stretch='normal', size='scalable')) = 10.05
2025-08-06 14:44:19,931 - DEBUG - findfont: score(FontEntry(fname='/usr/share/fonts/noto/NotoSansDevanagariUI-Light.ttf', name='Noto Sans Devanagari UI', style='normal', variant='normal', weight=300, stretch='normal', size='scalable')) = 10.145
2025-08-06 14:44:19,931 - DEBUG - findfont: score(FontEntry(fname='/usr/share/fonts/noto/NotoSansTifinaghAir-Regular.ttf', name='Noto Sans Tifinagh Air', style='normal', variant='normal', weight=400, stretch='normal', size='scalable')) = 10.05
2025-08-06 14:44:19,931 - DEBUG - findfont: score(FontEntry(fname='/usr/share/fonts/noto/NotoSansBengali-Light.ttf', name='Noto Sans Bengali', style='normal', variant='normal', weight=300, stretch='normal', size='scalable')) = 10.145
2025-08-06 14:44:19,931 - DEBUG - findfont: score(FontEntry(fname='/usr/share/fonts/noto/NotoSerifTamil-ThinItalic.ttf', name='Noto Serif Tamil', style='italic', variant='normal', weight=100, stretch='normal', size='scalable')) = 11.335
2025-08-06 14:44:19,931 - DEBUG - findfont: score(FontEntry(fname='/usr/share/fonts/noto/NotoSansPalmyrene-Regular.ttf', name='Noto Sans Palmyrene', style='normal', variant='normal', weight=400, stretch='normal', size='scalable')) = 10.05
2025-08-06 14:44:19,931 - DEBUG - findfont: score(FontEntry(fname='/usr/share/fonts/noto/NotoSansThai-Thin.ttf', name='Noto Sans Thai', style='normal', variant='normal', weight=100, stretch='normal', size='scalable')) = 10.335
2025-08-06 14:44:19,931 - DEBUG - findfont: score(FontEntry(fname='/usr/share/fonts/noto/NotoSansSyriacEastern-Thin.ttf', name='Noto Sans Syriac Eastern', style='normal', variant='normal', weight=100, stretch='normal', size='scalable')) = 10.335
2025-08-06 14:44:19,931 - DEBUG - findfont: score(FontEntry(fname='/usr/share/fonts/noto/NotoSansMasaramGondi-Regular.ttf', name='Noto Sans Masaram Gondi', style='normal', variant='normal', weight=400, stretch='normal', size='scalable')) = 10.05
2025-08-06 14:44:19,931 - DEBUG - findfont: score(FontEntry(fname='/usr/share/fonts/noto/NotoSerifGujarati-Medium.ttf', name='Noto Serif Gujarati', style='normal', variant='normal', weight=500, stretch='normal', size='scalable')) = 10.145
2025-08-06 14:44:19,931 - DEBUG - findfont: score(FontEntry(fname='/usr/share/fonts/gnu-free/FreeSerifBoldItalic.otf', name='FreeSerif', style='italic', variant='normal', weight=700, stretch='normal', size='scalable')) = 11.335
2025-08-06 14:44:19,931 - DEBUG - findfont: score(FontEntry(fname='/usr/share/fonts/noto/NotoSansBrahmi-Regular.ttf', name='Noto Sans Brahmi', style='normal', variant='normal', weight=400, stretch='normal', size='scalable')) = 10.05
2025-08-06 14:44:19,931 - DEBUG - findfont: score(FontEntry(fname='/usr/share/fonts/gnu-free/FreeMono.otf', name='FreeMono', style='normal', variant='normal', weight=400, stretch='normal', size='scalable')) = 10.05
2025-08-06 14:44:19,931 - DEBUG - findfont: score(FontEntry(fname='/usr/share/fonts/noto/NotoSansKhmer-Regular.ttf', name='Noto Sans Khmer', style='normal', variant='normal', weight=400, stretch='normal', size='scalable')) = 10.05
2025-08-06 14:44:19,931 - DEBUG - findfont: score(FontEntry(fname='/usr/share/fonts/noto/NotoSansTamilUI-Thin.ttf', name='Noto Sans Tamil UI', style='normal', variant='normal', weight=100, stretch='normal', size='scalable')) = 10.335
2025-08-06 14:44:19,931 - DEBUG - findfont: score(FontEntry(fname='/usr/share/fonts/noto/NotoSansCherokee-Bold.ttf', name='Noto Sans Cherokee', style='normal', variant='normal', weight=700, stretch='normal', size='scalable')) = 10.335
2025-08-06 14:44:19,931 - DEBUG - findfont: score(FontEntry(fname='/usr/share/fonts/Adwaita/AdwaitaSans-Regular.ttf', name='Adwaita Sans', style='normal', variant='normal', weight=400, stretch='normal', size='scalable')) = 10.05
2025-08-06 14:44:19,932 - DEBUG - findfont: score(FontEntry(fname='/usr/share/fonts/noto/NotoSans-LightItalic.ttf', name='Noto Sans', style='italic', variant='normal', weight=300, stretch='normal', size='scalable')) = 11.145
2025-08-06 14:44:19,932 - DEBUG - findfont: score(FontEntry(fname='/usr/share/fonts/noto/NotoSans-Black.ttf', name='Noto Sans', style='normal', variant='normal', weight=900, stretch='normal', size='scalable')) = 10.525
2025-08-06 14:44:19,932 - DEBUG - findfont: score(FontEntry(fname='/usr/share/fonts/noto/NotoSerifBengali-Regular.ttf', name='Noto Serif Bengali', style='normal', variant='normal', weight=400, stretch='normal', size='scalable')) = 10.05
2025-08-06 14:44:19,932 - DEBUG - findfont: score(FontEntry(fname='/usr/share/fonts/noto/NotoSansMyanmar-Black.ttf', name='Noto Sans Myanmar', style='normal', variant='normal', weight=900, stretch='normal', size='scalable')) = 10.525
2025-08-06 14:44:19,932 - DEBUG - findfont: score(FontEntry(fname='/usr/share/fonts/noto/NotoSerifMalayalam-Bold.ttf', name='Noto Serif Malayalam', style='normal', variant='normal', weight=700, stretch='normal', size='scalable')) = 10.335
2025-08-06 14:44:19,932 - DEBUG - findfont: score(FontEntry(fname='/usr/share/fonts/gsfonts/P052-BoldItalic.otf', name='P052', style='italic', variant='normal', weight=700, stretch='normal', size='scalable')) = 11.335
2025-08-06 14:44:19,932 - DEBUG - findfont: score(FontEntry(fname='/usr/share/fonts/noto/NotoSansGurmukhiUI-Regular.ttf', name='Noto Sans Gurmukhi UI', style='normal', variant='normal', weight=400, stretch='normal', size='scalable')) = 10.05
2025-08-06 14:44:19,932 - DEBUG - findfont: score(FontEntry(fname='/usr/share/fonts/noto/NotoSerifKannada-Regular.ttf', name='Noto Serif Kannada', style='normal', variant='normal', weight=400, stretch='normal', size='scalable')) = 10.05
2025-08-06 14:44:19,932 - DEBUG - findfont: score(FontEntry(fname='/usr/share/fonts/noto/NotoSansTifinagh-Regular.ttf', name='Noto Sans Tifinagh', style='normal', variant='normal', weight=400, stretch='normal', size='scalable')) = 10.05
2025-08-06 14:44:19,932 - DEBUG - findfont: score(FontEntry(fname='/usr/share/fonts/noto/NotoSerifArmenian-Bold.ttf', name='Noto Serif Armenian', style='normal', variant='normal', weight=700, stretch='normal', size='scalable')) = 10.335
2025-08-06 14:44:19,932 - DEBUG - findfont: score(FontEntry(fname='/usr/share/fonts/noto/NotoSansBengaliUI-Medium.ttf', name='Noto Sans Bengali UI', style='normal', variant='normal', weight=500, stretch='normal', size='scalable')) = 10.145
2025-08-06 14:44:19,932 - DEBUG - findfont: score(FontEntry(fname='/usr/share/fonts/noto/NotoSansArabic-Black.ttf', name='Noto Sans Arabic', style='normal', variant='normal', weight=900, stretch='normal', size='scalable')) = 10.525
2025-08-06 14:44:19,932 - DEBUG - findfont: score(FontEntry(fname='/usr/share/fonts/noto/NotoSansGujaratiUI-Medium.ttf', name='Noto Sans Gujarati UI', style='normal', variant='normal', weight=500, stretch='normal', size='scalable')) = 10.145
2025-08-06 14:44:19,932 - DEBUG - findfont: score(FontEntry(fname='/usr/share/fonts/noto/NotoSerifGeorgian-Regular.ttf', name='Noto Serif Georgian', style='normal', variant='normal', weight=400, stretch='normal', size='scalable')) = 10.05
2025-08-06 14:44:19,932 - DEBUG - findfont: score(FontEntry(fname='/usr/share/fonts/noto/NotoSansEthiopic-Regular.ttf', name='Noto Sans Ethiopic', style='normal', variant='normal', weight=400, stretch='normal', size='scalable')) = 10.05
2025-08-06 14:44:19,932 - DEBUG - findfont: score(FontEntry(fname='/usr/share/fonts/noto/NotoSerifKhmer-Medium.ttf', name='Noto Serif Khmer', style='normal', variant='normal', weight=500, stretch='normal', size='scalable')) = 10.145
2025-08-06 14:44:19,932 - DEBUG - findfont: score(FontEntry(fname='/usr/share/fonts/gsfonts/C059-BdIta.otf', name='C059', style='italic', variant='normal', weight=700, stretch='normal', size='scalable')) = 11.335
2025-08-06 14:44:19,932 - DEBUG - findfont: score(FontEntry(fname='/usr/share/fonts/noto/NotoSerifBengali-Bold.ttf', name='Noto Serif Bengali', style='normal', variant='normal', weight=700, stretch='normal', size='scalable')) = 10.335
2025-08-06 14:44:19,932 - DEBUG - findfont: score(FontEntry(fname='/usr/share/fonts/noto/NotoSansSymbols-Regular.ttf', name='Noto Sans Symbols', style='normal', variant='normal', weight=400, stretch='normal', size='scalable')) = 10.05
2025-08-06 14:44:19,932 - DEBUG - findfont: score(FontEntry(fname='/usr/share/fonts/noto/NotoSansOlChiki-Regular.ttf', name='Noto Sans Ol Chiki', style='normal', variant='normal', weight=400, stretch='normal', size='scalable')) = 10.05
2025-08-06 14:44:19,932 - DEBUG - findfont: score(FontEntry(fname='/usr/share/fonts/noto/NotoSansCherokee-Thin.ttf', name='Noto Sans Cherokee', style='normal', variant='normal', weight=100, stretch='normal', size='scalable')) = 10.335
2025-08-06 14:44:19,932 - DEBUG - findfont: score(FontEntry(fname='/usr/share/fonts/noto/NotoSerifMalayalam-Regular.ttf', name='Noto Serif Malayalam', style='normal', variant='normal', weight=400, stretch='normal', size='scalable')) = 10.05
2025-08-06 14:44:19,932 - DEBUG - findfont: score(FontEntry(fname='/usr/share/fonts/noto/NotoSansSyriacEastern-Regular.ttf', name='Noto Sans Syriac Eastern', style='normal', variant='normal', weight=400, stretch='normal', size='scalable')) = 10.05
2025-08-06 14:44:19,932 - DEBUG - findfont: score(FontEntry(fname='/usr/share/fonts/gsfonts/C059-Italic.otf', name='C059', style='italic', variant='normal', weight=400, stretch='normal', size='scalable')) = 11.05
2025-08-06 14:44:19,932 - DEBUG - findfont: score(FontEntry(fname='/usr/share/fonts/noto/NotoSansLaoLooped-Regular.ttf', name='Noto Sans Lao Looped', style='normal', variant='normal', weight=400, stretch='normal', size='scalable')) = 10.05
2025-08-06 14:44:19,932 - DEBUG - findfont: score(FontEntry(fname='/usr/share/fonts/noto/NotoSerifDisplay-Medium.ttf', name='Noto Serif Display', style='normal', variant='normal', weight=500, stretch='normal', size='scalable')) = 10.145
2025-08-06 14:44:19,932 - DEBUG - findfont: score(FontEntry(fname='/usr/share/fonts/noto/NotoSerifOriya-Medium.ttf', name='Noto Serif Oriya', style='normal', variant='normal', weight=500, stretch='normal', size='scalable')) = 10.145
2025-08-06 14:44:19,932 - DEBUG - findfont: score(FontEntry(fname='/usr/share/fonts/noto/NotoSansMedefaidrin-Regular.ttf', name='Noto Sans Medefaidrin', style='normal', variant='normal', weight=400, stretch='normal', size='scalable')) = 10.05
2025-08-06 14:44:19,932 - DEBUG - findfont: score(FontEntry(fname='/usr/share/fonts/noto/NotoSerifDisplay-Thin.ttf', name='Noto Serif Display', style='normal', variant='normal', weight=100, stretch='normal', size='scalable')) = 10.335
2025-08-06 14:44:19,933 - DEBUG - findfont: score(FontEntry(fname='/usr/share/fonts/gsfonts/NimbusMonoPS-Italic.otf', name='Nimbus Mono PS', style='italic', variant='normal', weight=400, stretch='normal', size='scalable')) = 11.05
2025-08-06 14:44:19,933 - DEBUG - findfont: score(FontEntry(fname='/usr/share/fonts/noto/NotoSansGeorgian-Black.ttf', name='Noto Sans Georgian', style='normal', variant='normal', weight=900, stretch='normal', size='scalable')) = 10.525
2025-08-06 14:44:19,933 - DEBUG - findfont: score(FontEntry(fname='/usr/share/fonts/noto/NotoSerifDisplay-Black.ttf', name='Noto Serif Display', style='normal', variant='normal', weight=900, stretch='normal', size='scalable')) = 10.525
2025-08-06 14:44:19,933 - DEBUG - findfont: score(FontEntry(fname='/usr/share/fonts/noto/NotoSansMono-Thin.ttf', name='Noto Sans Mono', style='normal', variant='normal', weight=100, stretch='normal', size='scalable')) = 10.335
2025-08-06 14:44:19,933 - DEBUG - findfont: score(FontEntry(fname='/usr/share/fonts/noto/NotoSerif-ThinItalic.ttf', name='Noto Serif', style='italic', variant='normal', weight=100, stretch='normal', size='scalable')) = 11.335
2025-08-06 14:44:19,933 - DEBUG - findfont: score(FontEntry(fname='/usr/share/fonts/noto/NotoSans-MediumItalic.ttf', name='Noto Sans', style='italic', variant='normal', weight=500, stretch='normal', size='scalable')) = 11.145
2025-08-06 14:44:19,933 - DEBUG - findfont: score(FontEntry(fname='/usr/share/fonts/TTF/DejaVuSerifCondensed-BoldItalic.ttf', name='DejaVu Serif', style='italic', variant='normal', weight=700, stretch='condensed', size='scalable')) = 11.535
2025-08-06 14:44:19,933 - DEBUG - findfont: score(FontEntry(fname='/usr/share/fonts/noto/NotoSansThaana-Regular.ttf', name='Noto Sans Thaana', style='normal', variant='normal', weight=400, stretch='normal', size='scalable')) = 10.05
2025-08-06 14:44:19,933 - DEBUG - findfont: score(FontEntry(fname='/usr/share/fonts/noto/NotoSerifTelugu-Black.ttf', name='Noto Serif Telugu', style='normal', variant='normal', weight=900, stretch='normal', size='scalable')) = 10.525
2025-08-06 14:44:19,933 - DEBUG - findfont: score(FontEntry(fname='/usr/share/fonts/noto/NotoSansTeluguUI-Regular.ttf', name='Noto Sans Telugu UI', style='normal', variant='normal', weight=400, stretch='normal', size='scalable')) = 10.05
2025-08-06 14:44:19,933 - DEBUG - findfont: score(FontEntry(fname='/usr/share/fonts/noto/NotoSerifDisplay-MediumItalic.ttf', name='Noto Serif Display', style='italic', variant='normal', weight=500, stretch='normal', size='scalable')) = 11.145
2025-08-06 14:44:19,933 - DEBUG - findfont: score(FontEntry(fname='/usr/share/fonts/gsfonts/URWBookman-Demi.otf', name='URW Bookman', style='normal', variant='normal', weight=600, stretch='normal', size='scalable')) = 10.24
2025-08-06 14:44:19,933 - DEBUG - findfont: score(FontEntry(fname='/usr/share/fonts/noto/NotoSansMeeteiMayek-Thin.ttf', name='Noto Sans Meetei Mayek', style='normal', variant='normal', weight=100, stretch='normal', size='scalable')) = 10.335
2025-08-06 14:44:19,933 - DEBUG - findfont: score(FontEntry(fname='/usr/share/fonts/noto/NotoSansDevanagariUI-Thin.ttf', name='Noto Sans Devanagari UI', style='normal', variant='normal', weight=100, stretch='normal', size='scalable')) = 10.335
2025-08-06 14:44:19,933 - DEBUG - findfont: score(FontEntry(fname='/usr/share/fonts/noto/NotoSansLinearA-Regular.ttf', name='Noto Sans Linear A', style='normal', variant='normal', weight=400, stretch='normal', size='scalable')) = 10.05
2025-08-06 14:44:19,933 - DEBUG - findfont: score(FontEntry(fname='/usr/share/fonts/noto/NotoSerifSinhala-Black.ttf', name='Noto Serif Sinhala', style='normal', variant='normal', weight=900, stretch='normal', size='scalable')) = 10.525
2025-08-06 14:44:19,933 - DEBUG - findfont: score(FontEntry(fname='/usr/share/fonts/noto/NotoSansSyriac-Thin.ttf', name='Noto Sans Syriac', style='normal', variant='normal', weight=100, stretch='normal', size='scalable')) = 10.335
2025-08-06 14:44:19,933 - DEBUG - findfont: score(FontEntry(fname='/usr/share/fonts/noto/NotoSansOldHungarian-Regular.ttf', name='Noto Sans Old Hungarian', style='normal', variant='normal', weight=400, stretch='normal', size='scalable')) = 10.05
2025-08-06 14:44:19,933 - DEBUG - findfont: score(FontEntry(fname='/usr/share/fonts/noto/NotoSerifHebrew-Regular.ttf', name='Noto Serif Hebrew', style='normal', variant='normal', weight=400, stretch='normal', size='scalable')) = 10.05
2025-08-06 14:44:19,933 - DEBUG - findfont: score(FontEntry(fname='/usr/share/fonts/noto/NotoSansOriya-Thin.ttf', name='Noto Sans Oriya', style='normal', variant='normal', weight=100, stretch='normal', size='scalable')) = 10.335
2025-08-06 14:44:19,933 - DEBUG - findfont: score(FontEntry(fname='/usr/share/fonts/noto/NotoSansThaiLooped-Light.ttf', name='Noto Sans Thai Looped', style='normal', variant='normal', weight=300, stretch='normal', size='scalable')) = 10.145
2025-08-06 14:44:19,933 - DEBUG - findfont: score(FontEntry(fname='/usr/share/fonts/noto/NotoMusic-Regular.ttf', name='Noto Music', style='normal', variant='normal', weight=400, stretch='normal', size='scalable')) = 10.05
2025-08-06 14:44:19,933 - DEBUG - findfont: score(FontEntry(fname='/usr/share/fonts/noto/NotoSansGujarati-Thin.ttf', name='Noto Sans Gujarati', style='normal', variant='normal', weight=100, stretch='normal', size='scalable')) = 10.335
2025-08-06 14:44:19,933 - DEBUG - findfont: score(FontEntry(fname='/usr/share/fonts/gsfonts/NimbusSans-Italic.otf', name='Nimbus Sans', style='italic', variant='normal', weight=400, stretch='normal', size='scalable')) = 11.05
2025-08-06 14:44:19,933 - DEBUG - findfont: score(FontEntry(fname='/usr/share/fonts/noto/NotoSansAvestan-Regular.ttf', name='Noto Sans Avestan', style='normal', variant='normal', weight=400, stretch='normal', size='scalable')) = 10.05
2025-08-06 14:44:19,933 - DEBUG - findfont: score(FontEntry(fname='/usr/share/fonts/noto/NotoNastaliqUrdu-Bold.ttf', name='Noto Nastaliq Urdu', style='normal', variant='normal', weight=700, stretch='normal', size='scalable')) = 10.335
2025-08-06 14:44:19,933 - DEBUG - findfont: score(FontEntry(fname='/usr/share/fonts/noto/NotoSerifMalayalam-Light.ttf', name='Noto Serif Malayalam', style='normal', variant='normal', weight=300, stretch='normal', size='scalable')) = 10.145
2025-08-06 14:44:19,933 - DEBUG - findfont: score(FontEntry(fname='/usr/share/fonts/noto/NotoSansKaithi-Regular.ttf', name='Noto Sans Kaithi', style='normal', variant='normal', weight=400, stretch='normal', size='scalable')) = 10.05
2025-08-06 14:44:19,934 - DEBUG - findfont: score(FontEntry(fname='/usr/share/fonts/TTF/Hack-Italic.ttf', name='Hack', style='italic', variant='normal', weight=400, stretch='normal', size='scalable')) = 11.05
2025-08-06 14:44:19,934 - DEBUG - findfont: score(FontEntry(fname='/usr/share/fonts/noto/NotoSerifGujarati-Regular.ttf', name='Noto Serif Gujarati', style='normal', variant='normal', weight=400, stretch='normal', size='scalable')) = 10.05
2025-08-06 14:44:19,934 - DEBUG - findfont: score(FontEntry(fname='/usr/share/fonts/noto/NotoSansSyriacWestern-Thin.ttf', name='Noto Sans Syriac Western', style='normal', variant='normal', weight=100, stretch='normal', size='scalable')) = 10.335
2025-08-06 14:44:19,934 - DEBUG - findfont: score(FontEntry(fname='/usr/share/fonts/noto/NotoSerif-Italic.ttf', name='Noto Serif', style='italic', variant='normal', weight=400, stretch='normal', size='scalable')) = 11.05
2025-08-06 14:44:19,934 - DEBUG - findfont: score(FontEntry(fname='/usr/share/fonts/noto/NotoSansKayahLi-Bold.ttf', name='Noto Sans Kayah Li', style='normal', variant='normal', weight=700, stretch='normal', size='scalable')) = 10.335
2025-08-06 14:44:19,934 - DEBUG - findfont: score(FontEntry(fname='/usr/share/fonts/noto/NotoSansMalayalam-Bold.ttf', name='Noto Sans Malayalam', style='normal', variant='normal', weight=700, stretch='normal', size='scalable')) = 10.335
2025-08-06 14:44:19,934 - DEBUG - findfont: score(FontEntry(fname='/usr/share/fonts/noto/NotoSansTeluguUI-Black.ttf', name='Noto Sans Telugu UI', style='normal', variant='normal', weight=900, stretch='normal', size='scalable')) = 10.525
2025-08-06 14:44:19,934 - DEBUG - findfont: score(FontEntry(fname='/usr/share/fonts/noto/NotoSansSymbols2-Regular.ttf', name='Noto Sans Symbols 2', style='normal', variant='normal', weight=400, stretch='normal', size='scalable')) = 10.05
2025-08-06 14:44:19,934 - DEBUG - findfont: score(FontEntry(fname='/usr/share/fonts/noto/NotoSansNabataean-Regular.ttf', name='Noto Sans Nabataean', style='normal', variant='normal', weight=400, stretch='normal', size='scalable')) = 10.05
2025-08-06 14:44:19,934 - DEBUG - findfont: score(FontEntry(fname='/usr/share/fonts/noto/NotoSansArmenian-Black.ttf', name='Noto Sans Armenian', style='normal', variant='normal', weight=900, stretch='normal', size='scalable')) = 10.525
2025-08-06 14:44:19,934 - DEBUG - findfont: score(FontEntry(fname='/usr/share/fonts/noto/NotoSansLaoLooped-Light.ttf', name='Noto Sans Lao Looped', style='normal', variant='normal', weight=300, stretch='normal', size='scalable')) = 10.145
2025-08-06 14:44:19,934 - DEBUG - findfont: score(FontEntry(fname='/usr/share/fonts/noto/NotoSerifTibetan-Thin.ttf', name='Noto Serif Tibetan', style='normal', variant='normal', weight=100, stretch='normal', size='scalable')) = 10.335
2025-08-06 14:44:19,934 - DEBUG - findfont: score(FontEntry(fname='/usr/share/fonts/noto/NotoSansThai-Bold.ttf', name='Noto Sans Thai', style='normal', variant='normal', weight=700, stretch='normal', size='scalable')) = 10.335
2025-08-06 14:44:19,934 - DEBUG - findfont: score(FontEntry(fname='/usr/share/fonts/noto/NotoSansLaoLooped-Bold.ttf', name='Noto Sans Lao Looped', style='normal', variant='normal', weight=700, stretch='normal', size='scalable')) = 10.335
2025-08-06 14:44:19,934 - DEBUG - findfont: score(FontEntry(fname='/usr/share/fonts/noto/NotoSerif-Light.ttf', name='Noto Serif', style='normal', variant='normal', weight=300, stretch='normal', size='scalable')) = 10.145
2025-08-06 14:44:19,934 - DEBUG - findfont: score(FontEntry(fname='/usr/share/fonts/noto/NotoSansTamilUI-Medium.ttf', name='Noto Sans Tamil UI', style='normal', variant='normal', weight=500, stretch='normal', size='scalable')) = 10.145
2025-08-06 14:44:19,934 - DEBUG - findfont: score(FontEntry(fname='/usr/share/fonts/noto/NotoSerifToto-Medium.ttf', name='Noto Serif Toto', style='normal', variant='normal', weight=500, stretch='normal', size='scalable')) = 10.145
2025-08-06 14:44:19,934 - DEBUG - findfont: score(FontEntry(fname='/usr/share/fonts/noto/NotoSansArmenian-Bold.ttf', name='Noto Sans Armenian', style='normal', variant='normal', weight=700, stretch='normal', size='scalable')) = 10.335
2025-08-06 14:44:19,934 - DEBUG - findfont: score(FontEntry(fname='/usr/share/fonts/noto/NotoSansGeorgian-Medium.ttf', name='Noto Sans Georgian', style='normal', variant='normal', weight=500, stretch='normal', size='scalable')) = 10.145
2025-08-06 14:44:19,934 - DEBUG - findfont: score(FontEntry(fname='/usr/share/fonts/noto/NotoSansNewa-Regular.ttf', name='Noto Sans Newa', style='normal', variant='normal', weight=400, stretch='normal', size='scalable')) = 10.05
2025-08-06 14:44:19,934 - DEBUG - findfont: score(FontEntry(fname='/usr/share/fonts/noto/NotoSansSogdian-Regular.ttf', name='Noto Sans Sogdian', style='normal', variant='normal', weight=400, stretch='normal', size='scalable')) = 10.05
2025-08-06 14:44:19,934 - DEBUG - findfont: score(FontEntry(fname='/usr/share/fonts/noto/NotoSansLao-Black.ttf', name='Noto Sans Lao', style='normal', variant='normal', weight=900, stretch='normal', size='scalable')) = 10.525
2025-08-06 14:44:19,934 - DEBUG - findfont: score(FontEntry(fname='/usr/share/fonts/noto/NotoSansLycian-Regular.ttf', name='Noto Sans Lycian', style='normal', variant='normal', weight=400, stretch='normal', size='scalable')) = 10.05
2025-08-06 14:44:19,934 - DEBUG - findfont: score(FontEntry(fname='/usr/share/fonts/noto/NotoSansCherokee-Black.ttf', name='Noto Sans Cherokee', style='normal', variant='normal', weight=900, stretch='normal', size='scalable')) = 10.525
2025-08-06 14:44:19,934 - DEBUG - findfont: score(FontEntry(fname='/usr/share/fonts/noto/NotoSansBalinese-Bold.ttf', name='Noto Sans Balinese', style='normal', variant='normal', weight=700, stretch='normal', size='scalable')) = 10.335
2025-08-06 14:44:19,934 - DEBUG - findfont: score(FontEntry(fname='/usr/share/fonts/noto/NotoNaskhArabicUI-Regular.ttf', name='Noto Naskh Arabic UI', style='normal', variant='normal', weight=400, stretch='normal', size='scalable')) = 10.05
2025-08-06 14:44:19,934 - DEBUG - findfont: score(FontEntry(fname='/usr/share/fonts/noto/NotoSansMono-Medium.ttf', name='Noto Sans Mono', style='normal', variant='normal', weight=500, stretch='normal', size='scalable')) = 10.145
2025-08-06 14:44:19,934 - DEBUG - findfont: score(FontEntry(fname='/usr/share/fonts/noto/NotoSansOldSogdian-Regular.ttf', name='Noto Sans Old Sogdian', style='normal', variant='normal', weight=400, stretch='normal', size='scalable')) = 10.05
2025-08-06 14:44:19,934 - DEBUG - findfont: score(FontEntry(fname='/usr/share/fonts/noto/NotoSansThaiLooped-Medium.ttf', name='Noto Sans Thai Looped', style='normal', variant='normal', weight=500, stretch='normal', size='scalable')) = 10.145
2025-08-06 14:44:19,935 - DEBUG - findfont: score(FontEntry(fname='/usr/share/fonts/noto/NotoSansGothic-Regular.ttf', name='Noto Sans Gothic', style='normal', variant='normal', weight=400, stretch='normal', size='scalable')) = 10.05
2025-08-06 14:44:19,935 - DEBUG - findfont: score(FontEntry(fname='/usr/share/fonts/noto/NotoSansGurmukhi-Regular.ttf', name='Noto Sans Gurmukhi', style='normal', variant='normal', weight=400, stretch='normal', size='scalable')) = 10.05
2025-08-06 14:44:19,935 - DEBUG - findfont: score(FontEntry(fname='/usr/share/fonts/TTF/Hack-Regular.ttf', name='Hack', style='normal', variant='normal', weight=400, stretch='normal', size='scalable')) = 10.05
2025-08-06 14:44:19,935 - DEBUG - findfont: score(FontEntry(fname='/usr/share/fonts/noto/NotoSans-Medium.ttf', name='Noto Sans', style='normal', variant='normal', weight=500, stretch='normal', size='scalable')) = 10.145
2025-08-06 14:44:19,935 - DEBUG - findfont: score(FontEntry(fname='/usr/share/fonts/TTF/DejaVuSans-ExtraLight.ttf', name='DejaVu Sans', style='normal', variant='normal', weight=200, stretch='normal', size='scalable')) = 2.24
2025-08-06 14:44:19,935 - DEBUG - findfont: score(FontEntry(fname='/usr/share/fonts/noto/NotoSansBhaiksuki-Regular.ttf', name='Noto Sans Bhaiksuki', style='normal', variant='normal', weight=400, stretch='normal', size='scalable')) = 10.05
2025-08-06 14:44:19,935 - DEBUG - findfont: score(FontEntry(fname='/usr/share/fonts/noto/NotoSerifBalinese-Regular.ttf', name='Noto Serif Balinese', style='normal', variant='normal', weight=400, stretch='normal', size='scalable')) = 10.05
2025-08-06 14:44:19,935 - DEBUG - findfont: score(FontEntry(fname='/usr/share/fonts/gsfonts/NimbusMonoPS-Bold.otf', name='Nimbus Mono PS', style='normal', variant='normal', weight=700, stretch='normal', size='scalable')) = 10.335
2025-08-06 14:44:19,935 - DEBUG - findfont: score(FontEntry(fname='/usr/share/fonts/noto/NotoSerifNPHmong-Regular.ttf', name='Noto Serif NP Hmong', style='normal', variant='normal', weight=400, stretch='normal', size='scalable')) = 10.05
2025-08-06 14:44:19,935 - DEBUG - findfont: score(FontEntry(fname='/usr/share/fonts/noto/NotoSerifKhojki-Regular.ttf', name='Noto Serif Khojki', style='normal', variant='normal', weight=400, stretch='normal', size='scalable')) = 10.05
2025-08-06 14:44:19,935 - DEBUG - findfont: score(FontEntry(fname='/usr/share/fonts/noto/NotoSansAdlam-Bold.ttf', name='Noto Sans Adlam', style='normal', variant='normal', weight=700, stretch='normal', size='scalable')) = 10.335
2025-08-06 14:44:19,935 - DEBUG - findfont: score(FontEntry(fname='/usr/share/fonts/noto/NotoSansMono-Regular.ttf', name='Noto Sans Mono', style='normal', variant='normal', weight=400, stretch='normal', size='scalable')) = 10.05
2025-08-06 14:44:19,935 - DEBUG - findfont: score(FontEntry(fname='/usr/share/fonts/noto/NotoKufiArabic-Regular.ttf', name='Noto Kufi Arabic', style='normal', variant='normal', weight=400, stretch='normal', size='scalable')) = 10.05
2025-08-06 14:44:19,935 - DEBUG - findfont: score(FontEntry(fname='/usr/share/fonts/noto/NotoSansLisu-Regular.ttf', name='Noto Sans Lisu', style='normal', variant='normal', weight=400, stretch='normal', size='scalable')) = 10.05
2025-08-06 14:44:19,935 - DEBUG - findfont: score(FontEntry(fname='/usr/share/fonts/noto/NotoSerifLao-Thin.ttf', name='Noto Serif Lao', style='normal', variant='normal', weight=100, stretch='normal', size='scalable')) = 10.335
2025-08-06 14:44:19,935 - DEBUG - findfont: score(FontEntry(fname='/usr/share/fonts/noto/NotoSerifBengali-Thin.ttf', name='Noto Serif Bengali', style='normal', variant='normal', weight=100, stretch='normal', size='scalable')) = 10.335
2025-08-06 14:44:19,935 - DEBUG - findfont: score(FontEntry(fname='/usr/share/fonts/noto/NotoSerifSinhala-Light.ttf', name='Noto Serif Sinhala', style='normal', variant='normal', weight=300, stretch='normal', size='scalable')) = 10.145
2025-08-06 14:44:19,935 - DEBUG - findfont: score(FontEntry(fname='/usr/share/fonts/noto/NotoSansCoptic-Regular.ttf', name='Noto Sans Coptic', style='normal', variant='normal', weight=400, stretch='normal', size='scalable')) = 10.05
2025-08-06 14:44:19,935 - DEBUG - findfont: score(FontEntry(fname='/usr/share/fonts/noto/NotoSansTamilUI-Light.ttf', name='Noto Sans Tamil UI', style='normal', variant='normal', weight=300, stretch='normal', size='scalable')) = 10.145
2025-08-06 14:44:19,935 - DEBUG - findfont: score(FontEntry(fname='/usr/share/fonts/noto/NotoSerifTamil-Bold.ttf', name='Noto Serif Tamil', style='normal', variant='normal', weight=700, stretch='normal', size='scalable')) = 10.335
2025-08-06 14:44:19,935 - DEBUG - findfont: score(FontEntry(fname='/usr/share/fonts/noto/NotoSansHebrew-Regular.ttf', name='Noto Sans Hebrew', style='normal', variant='normal', weight=400, stretch='normal', size='scalable')) = 10.05
2025-08-06 14:44:19,935 - DEBUG - findfont: score(FontEntry(fname='/usr/share/fonts/TTF/DejaVuSerifCondensed.ttf', name='DejaVu Serif', style='normal', variant='normal', weight=400, stretch='condensed', size='scalable')) = 10.25
2025-08-06 14:44:19,935 - DEBUG - findfont: score(FontEntry(fname='/usr/share/fonts/gsfonts/P052-Roman.otf', name='P052', style='normal', variant='normal', weight=400, stretch='normal', size='scalable')) = 10.05
2025-08-06 14:44:19,935 - DEBUG - findfont: score(FontEntry(fname='/usr/share/fonts/noto/NotoSerifKannada-Black.ttf', name='Noto Serif Kannada', style='normal', variant='normal', weight=900, stretch='normal', size='scalable')) = 10.525
2025-08-06 14:44:19,935 - DEBUG - findfont: score(FontEntry(fname='/usr/share/fonts/noto/NotoSerifDevanagari-Thin.ttf', name='Noto Serif Devanagari', style='normal', variant='normal', weight=100, stretch='normal', size='scalable')) = 10.335
2025-08-06 14:44:19,935 - DEBUG - findfont: score(FontEntry(fname='/usr/share/fonts/TTF/DejaVuSerif-Bold.ttf', name='DejaVu Serif', style='normal', variant='normal', weight=700, stretch='normal', size='scalable')) = 10.335
2025-08-06 14:44:19,935 - DEBUG - findfont: score(FontEntry(fname='/usr/share/fonts/noto/NotoSansDevanagariUI-Black.ttf', name='Noto Sans Devanagari UI', style='normal', variant='normal', weight=900, stretch='normal', size='scalable')) = 10.525
2025-08-06 14:44:19,935 - DEBUG - findfont: score(FontEntry(fname='/usr/share/fonts/noto/NotoSansMono-Bold.ttf', name='Noto Sans Mono', style='normal', variant='normal', weight=700, stretch='normal', size='scalable')) = 10.335
2025-08-06 14:44:19,935 - DEBUG - findfont: score(FontEntry(fname='/usr/share/fonts/noto/NotoSerifKannada-Light.ttf', name='Noto Serif Kannada', style='normal', variant='normal', weight=300, stretch='normal', size='scalable')) = 10.145
2025-08-06 14:44:19,936 - DEBUG - findfont: score(FontEntry(fname='/usr/share/fonts/noto/NotoSansTamilUI-Bold.ttf', name='Noto Sans Tamil UI', style='normal', variant='normal', weight=700, stretch='normal', size='scalable')) = 10.335
2025-08-06 14:44:19,936 - DEBUG - findfont: score(FontEntry(fname='/usr/share/fonts/noto/NotoFangsongKSSRotated-Regular.ttf', name='Noto Fangsong KSS Rotated', style='normal', variant='normal', weight=400, stretch='normal', size='scalable')) = 10.05
2025-08-06 14:44:19,936 - DEBUG - findfont: score(FontEntry(fname='/usr/share/fonts/noto/NotoSerifArmenian-Medium.ttf', name='Noto Serif Armenian', style='normal', variant='normal', weight=500, stretch='normal', size='scalable')) = 10.145
2025-08-06 14:44:19,936 - DEBUG - findfont: score(FontEntry(fname='/usr/share/fonts/noto/NotoSansTelugu-Bold.ttf', name='Noto Sans Telugu', style='normal', variant='normal', weight=700, stretch='normal', size='scalable')) = 10.335
2025-08-06 14:44:19,936 - DEBUG - findfont: score(FontEntry(fname='/usr/share/fonts/noto/NotoSerif-Thin.ttf', name='Noto Serif', style='normal', variant='normal', weight=100, stretch='normal', size='scalable')) = 10.335
2025-08-06 14:44:19,936 - DEBUG - findfont: score(FontEntry(fname='/usr/share/fonts/noto/NotoSansMedefaidrin-Medium.ttf', name='Noto Sans Medefaidrin', style='normal', variant='normal', weight=500, stretch='normal', size='scalable')) = 10.145
2025-08-06 14:44:19,936 - DEBUG - findfont: score(FontEntry(fname='/usr/share/fonts/noto/NotoSansVithkuqi-Bold.ttf', name='Noto Sans Vithkuqi', style='normal', variant='normal', weight=700, stretch='normal', size='scalable')) = 10.335
2025-08-06 14:44:19,936 - DEBUG - findfont: score(FontEntry(fname='/usr/share/fonts/noto/NotoSansSinhalaUI-Black.ttf', name='Noto Sans Sinhala UI', style='normal', variant='normal', weight=900, stretch='normal', size='scalable')) = 10.525
2025-08-06 14:44:19,936 - DEBUG - findfont: score(FontEntry(fname='/usr/share/fonts/noto/NotoSansOriya-Bold.ttf', name='Noto Sans Oriya', style='normal', variant='normal', weight=700, stretch='normal', size='scalable')) = 10.335
2025-08-06 14:44:19,936 - DEBUG - findfont: score(FontEntry(fname='/usr/share/fonts/noto/NotoSansArabic-Thin.ttf', name='Noto Sans Arabic', style='normal', variant='normal', weight=100, stretch='normal', size='scalable')) = 10.335
2025-08-06 14:44:19,936 - DEBUG - findfont: score(FontEntry(fname='/usr/share/fonts/noto/NotoSansBengali-Regular.ttf', name='Noto Sans Bengali', style='normal', variant='normal', weight=400, stretch='normal', size='scalable')) = 10.05
2025-08-06 14:44:19,936 - DEBUG - findfont: score(FontEntry(fname='/usr/share/fonts/noto/NotoSerifYezidi-Medium.ttf', name='Noto Serif Yezidi', style='normal', variant='normal', weight=500, stretch='normal', size='scalable')) = 10.145
2025-08-06 14:44:19,936 - DEBUG - findfont: score(FontEntry(fname='/usr/share/fonts/noto/NotoSansMyanmar-Medium.ttf', name='Noto Sans Myanmar', style='normal', variant='normal', weight=500, stretch='normal', size='scalable')) = 10.145
2025-08-06 14:44:19,936 - DEBUG - findfont: score(FontEntry(fname='/usr/share/fonts/noto/NotoSerifEthiopic-Regular.ttf', name='Noto Serif Ethiopic', style='normal', variant='normal', weight=400, stretch='normal', size='scalable')) = 10.05
2025-08-06 14:44:19,936 - DEBUG - findfont: score(FontEntry(fname='/usr/share/fonts/noto/NotoSerifMalayalam-Medium.ttf', name='Noto Serif Malayalam', style='normal', variant='normal', weight=500, stretch='normal', size='scalable')) = 10.145
2025-08-06 14:44:19,936 - DEBUG - findfont: score(FontEntry(fname='/usr/share/fonts/noto/NotoSansYi-Regular.ttf', name='Noto Sans Yi', style='normal', variant='normal', weight=400, stretch='normal', size='scalable')) = 10.05
2025-08-06 14:44:19,936 - DEBUG - findfont: score(FontEntry(fname='/usr/share/fonts/noto/NotoSansOsage-Regular.ttf', name='Noto Sans Osage', style='normal', variant='normal', weight=400, stretch='normal', size='scalable')) = 10.05
2025-08-06 14:44:19,936 - DEBUG - findfont: score(FontEntry(fname='/usr/share/fonts/noto/NotoSerifGurmukhi-Thin.ttf', name='Noto Serif Gurmukhi', style='normal', variant='normal', weight=100, stretch='normal', size='scalable')) = 10.335
2025-08-06 14:44:19,936 - DEBUG - findfont: score(FontEntry(fname='/usr/share/fonts/noto/NotoSansGlagolitic-Regular.ttf', name='Noto Sans Glagolitic', style='normal', variant='normal', weight=400, stretch='normal', size='scalable')) = 10.05
2025-08-06 14:44:19,936 - DEBUG - findfont: score(FontEntry(fname='/usr/share/fonts/noto/NotoSansChorasmian-Regular.ttf', name='Noto Sans Chorasmian', style='normal', variant='normal', weight=400, stretch='normal', size='scalable')) = 10.05
2025-08-06 14:44:19,936 - DEBUG - findfont: score(FontEntry(fname='/usr/share/fonts/noto/NotoSansArabic-Light.ttf', name='Noto Sans Arabic', style='normal', variant='normal', weight=300, stretch='normal', size='scalable')) = 10.145
2025-08-06 14:44:19,936 - DEBUG - findfont: score(FontEntry(fname='/usr/share/fonts/gsfonts/D050000L.otf', name='D050000L', style='normal', variant='normal', weight=400, stretch='normal', size='scalable')) = 10.05
2025-08-06 14:44:19,936 - DEBUG - findfont: score(FontEntry(fname='/usr/share/fonts/noto/NotoSansGeorgian-Light.ttf', name='Noto Sans Georgian', style='normal', variant='normal', weight=300, stretch='normal', size='scalable')) = 10.145
2025-08-06 14:44:19,936 - DEBUG - findfont: score(FontEntry(fname='/usr/share/fonts/noto/NotoSansTamilUI-Regular.ttf', name='Noto Sans Tamil UI', style='normal', variant='normal', weight=400, stretch='normal', size='scalable')) = 10.05
2025-08-06 14:44:19,936 - DEBUG - findfont: score(FontEntry(fname='/usr/share/fonts/noto/NotoSansCaucasianAlbanian-Regular.ttf', name='Noto Sans Caucasian Albanian', style='normal', variant='normal', weight=400, stretch='normal', size='scalable')) = 10.05
2025-08-06 14:44:19,936 - DEBUG - findfont: score(FontEntry(fname='/usr/share/fonts/noto/NotoSerifDisplay-BlackItalic.ttf', name='Noto Serif Display', style='italic', variant='normal', weight=900, stretch='normal', size='scalable')) = 11.525
2025-08-06 14:44:19,936 - DEBUG - findfont: score(FontEntry(fname='/usr/share/fonts/noto/NotoSansSoraSompeng-Bold.ttf', name='Noto Sans Sora Sompeng', style='normal', variant='normal', weight=700, stretch='normal', size='scalable')) = 10.335
2025-08-06 14:44:19,936 - DEBUG - findfont: score(FontEntry(fname='/usr/share/fonts/noto/NotoSansBuginese-Regular.ttf', name='Noto Sans Buginese', style='normal', variant='normal', weight=400, stretch='normal', size='scalable')) = 10.05
2025-08-06 14:44:19,936 - DEBUG - findfont: score(FontEntry(fname='/usr/share/fonts/noto/NotoSansHatran-Regular.ttf', name='Noto Sans Hatran', style='normal', variant='normal', weight=400, stretch='normal', size='scalable')) = 10.05
2025-08-06 14:44:19,937 - DEBUG - findfont: score(FontEntry(fname='/usr/share/fonts/noto/NotoSerifGujarati-Black.ttf', name='Noto Serif Gujarati', style='normal', variant='normal', weight=900, stretch='normal', size='scalable')) = 10.525
2025-08-06 14:44:19,937 - DEBUG - findfont: score(FontEntry(fname='/usr/share/fonts/noto/NotoSans-Thin.ttf', name='Noto Sans', style='normal', variant='normal', weight=100, stretch='normal', size='scalable')) = 10.335
2025-08-06 14:44:19,937 - DEBUG - findfont: score(FontEntry(fname='/usr/share/fonts/noto/NotoSansDevanagari-Black.ttf', name='Noto Sans Devanagari', style='normal', variant='normal', weight=900, stretch='normal', size='scalable')) = 10.525
2025-08-06 14:44:19,937 - DEBUG - findfont: score(FontEntry(fname='/usr/share/fonts/noto/NotoSerifHebrew-Bold.ttf', name='Noto Serif Hebrew', style='normal', variant='normal', weight=700, stretch='normal', size='scalable')) = 10.335
2025-08-06 14:44:19,937 - DEBUG - findfont: score(FontEntry(fname='/usr/share/fonts/noto/NotoSerifOldUyghur-Regular.ttf', name='Noto Serif Old Uyghur', style='normal', variant='normal', weight=400, stretch='normal', size='scalable')) = 10.05
2025-08-06 14:44:19,937 - DEBUG - findfont: score(FontEntry(fname='/usr/share/fonts/noto/NotoSerifTangut-Regular.ttf', name='Noto Serif Tangut', style='normal', variant='normal', weight=400, stretch='normal', size='scalable')) = 10.05
2025-08-06 14:44:19,937 - DEBUG - findfont: score(FontEntry(fname='/usr/share/fonts/gsfonts/URWGothic-Demi.otf', name='URW Gothic', style='normal', variant='normal', weight=600, stretch='normal', size='scalable')) = 10.24
2025-08-06 14:44:19,937 - DEBUG - findfont: score(FontEntry(fname='/usr/share/fonts/noto/NotoSansGeorgian-Bold.ttf', name='Noto Sans Georgian', style='normal', variant='normal', weight=700, stretch='normal', size='scalable')) = 10.335
2025-08-06 14:44:19,937 - DEBUG - findfont: score(FontEntry(fname='/usr/share/fonts/noto/NotoSansLao-Regular.ttf', name='Noto Sans Lao', style='normal', variant='normal', weight=400, stretch='normal', size='scalable')) = 10.05
2025-08-06 14:44:19,937 - DEBUG - findfont: score(FontEntry(fname='/usr/share/fonts/noto/NotoSerifKhojki-Bold.ttf', name='Noto Serif Khojki', style='normal', variant='normal', weight=700, stretch='normal', size='scalable')) = 10.335
2025-08-06 14:44:19,937 - DEBUG - findfont: score(FontEntry(fname='/usr/share/fonts/noto/NotoSans-Italic.ttf', name='Noto Sans', style='italic', variant='normal', weight=400, stretch='normal', size='scalable')) = 11.05
2025-08-06 14:44:19,937 - DEBUG - findfont: score(FontEntry(fname='/usr/share/fonts/noto/NotoSerifArmenian-Regular.ttf', name='Noto Serif Armenian', style='normal', variant='normal', weight=400, stretch='normal', size='scalable')) = 10.05
2025-08-06 14:44:19,937 - DEBUG - findfont: score(FontEntry(fname='/usr/share/fonts/noto/NotoSansTamil-Regular.ttf', name='Noto Sans Tamil', style='normal', variant='normal', weight=400, stretch='normal', size='scalable')) = 10.05
2025-08-06 14:44:19,937 - DEBUG - findfont: score(FontEntry(fname='/usr/share/fonts/noto/NotoSansVithkuqi-Regular.ttf', name='Noto Sans Vithkuqi', style='normal', variant='normal', weight=400, stretch='normal', size='scalable')) = 10.05
2025-08-06 14:44:19,937 - DEBUG - findfont: score(FontEntry(fname='/usr/share/fonts/noto/NotoSansTeluguUI-Light.ttf', name='Noto Sans Telugu UI', style='normal', variant='normal', weight=300, stretch='normal', size='scalable')) = 10.145
2025-08-06 14:44:19,937 - DEBUG - findfont: score(FontEntry(fname='/usr/share/fonts/noto/NotoSansArmenian-Medium.ttf', name='Noto Sans Armenian', style='normal', variant='normal', weight=500, stretch='normal', size='scalable')) = 10.145
2025-08-06 14:44:19,937 - DEBUG - findfont: score(FontEntry(fname='/usr/share/fonts/noto/NotoSansGurmukhi-Light.ttf', name='Noto Sans Gurmukhi', style='normal', variant='normal', weight=300, stretch='normal', size='scalable')) = 10.145
2025-08-06 14:44:19,937 - DEBUG - findfont: score(FontEntry(fname='/usr/share/fonts/noto/NotoSansCham-Light.ttf', name='Noto Sans Cham', style='normal', variant='normal', weight=300, stretch='normal', size='scalable')) = 10.145
2025-08-06 14:44:19,937 - DEBUG - findfont: score(FontEntry(fname='/usr/share/fonts/noto/NotoSerifThai-Light.ttf', name='Noto Serif Thai', style='normal', variant='normal', weight=300, stretch='normal', size='scalable')) = 10.145
2025-08-06 14:44:19,937 - DEBUG - findfont: score(FontEntry(fname='/usr/share/fonts/noto/NotoSansThaana-Black.ttf', name='Noto Sans Thaana', style='normal', variant='normal', weight=900, stretch='normal', size='scalable')) = 10.525
2025-08-06 14:44:19,937 - DEBUG - findfont: score(FontEntry(fname='/usr/share/fonts/noto/NotoSansDeseret-Regular.ttf', name='Noto Sans Deseret', style='normal', variant='normal', weight=400, stretch='normal', size='scalable')) = 10.05
2025-08-06 14:44:19,937 - DEBUG - findfont: score(FontEntry(fname='/usr/share/fonts/noto/NotoSerifTibetan-Medium.ttf', name='Noto Serif Tibetan', style='normal', variant='normal', weight=500, stretch='normal', size='scalable')) = 10.145
2025-08-06 14:44:19,937 - DEBUG - findfont: score(FontEntry(fname='/usr/share/fonts/noto/NotoSansTifinaghAPT-Regular.ttf', name='Noto Sans Tifinagh APT', style='normal', variant='normal', weight=400, stretch='normal', size='scalable')) = 10.05
2025-08-06 14:44:19,937 - DEBUG - findfont: score(FontEntry(fname='/usr/share/fonts/noto/NotoSerifMyanmar-Bold.ttf', name='Noto Serif Myanmar', style='normal', variant='normal', weight=700, stretch='normal', size='scalable')) = 10.335
2025-08-06 14:44:19,937 - DEBUG - findfont: score(FontEntry(fname='/usr/share/fonts/noto/NotoSansOldSouthArabian-Regular.ttf', name='Noto Sans Old South Arabian', style='normal', variant='normal', weight=400, stretch='normal', size='scalable')) = 10.05
2025-08-06 14:44:19,937 - DEBUG - findfont: score(FontEntry(fname='/usr/share/fonts/noto/NotoSansEgyptianHieroglyphs-Regular.ttf', name='Noto Sans Egyptian Hieroglyphs', style='normal', variant='normal', weight=400, stretch='normal', size='scalable')) = 10.05
2025-08-06 14:44:19,937 - DEBUG - findfont: score(FontEntry(fname='/usr/share/fonts/noto/NotoSansTagalog-Regular.ttf', name='Noto Sans Tagalog', style='normal', variant='normal', weight=400, stretch='normal', size='scalable')) = 10.05
2025-08-06 14:44:19,937 - DEBUG - findfont: score(FontEntry(fname='/usr/share/fonts/noto/NotoSansThaiLooped-Regular.ttf', name='Noto Sans Thai Looped', style='normal', variant='normal', weight=400, stretch='normal', size='scalable')) = 10.05
2025-08-06 14:44:19,937 - DEBUG - findfont: score(FontEntry(fname='/usr/share/fonts/gnu-free/FreeSansBoldOblique.otf', name='FreeSans', style='oblique', variant='normal', weight=600, stretch='normal', size='scalable')) = 11.24
2025-08-06 14:44:19,938 - DEBUG - findfont: score(FontEntry(fname='/usr/share/fonts/noto/NotoSansCham-Medium.ttf', name='Noto Sans Cham', style='normal', variant='normal', weight=500, stretch='normal', size='scalable')) = 10.145
2025-08-06 14:44:19,938 - DEBUG - findfont: score(FontEntry(fname='/usr/share/fonts/noto/NotoSansEthiopic-Thin.ttf', name='Noto Sans Ethiopic', style='normal', variant='normal', weight=100, stretch='normal', size='scalable')) = 10.335
2025-08-06 14:44:19,938 - DEBUG - findfont: score(FontEntry(fname='/usr/share/fonts/noto/NotoSansJavanese-Bold.ttf', name='Noto Sans Javanese', style='normal', variant='normal', weight=700, stretch='normal', size='scalable')) = 10.335
2025-08-06 14:44:19,938 - DEBUG - findfont: score(FontEntry(fname='/usr/share/fonts/noto/NotoSansTifinaghTawellemmet-Regular.ttf', name='Noto Sans Tifinagh Tawellemmet', style='normal', variant='normal', weight=400, stretch='normal', size='scalable')) = 10.05
2025-08-06 14:44:19,938 - DEBUG - findfont: score(FontEntry(fname='/usr/share/fonts/noto/NotoSerifTamil-LightItalic.ttf', name='Noto Serif Tamil', style='italic', variant='normal', weight=300, stretch='normal', size='scalable')) = 11.145
2025-08-06 14:44:19,938 - DEBUG - findfont: score(FontEntry(fname='/usr/share/fonts/noto/NotoSansLao-Medium.ttf', name='Noto Sans Lao', style='normal', variant='normal', weight=500, stretch='normal', size='scalable')) = 10.145
2025-08-06 14:44:19,938 - DEBUG - findfont: score(FontEntry(fname='/usr/share/fonts/noto/NotoSans-Regular.ttf', name='Noto Sans', style='normal', variant='normal', weight=400, stretch='normal', size='scalable')) = 10.05
2025-08-06 14:44:19,938 - DEBUG - findfont: score(FontEntry(fname='/usr/share/fonts/TTF/DejaVuSerif-Italic.ttf', name='DejaVu Serif', style='italic', variant='normal', weight=400, stretch='normal', size='scalable')) = 11.05
2025-08-06 14:44:19,938 - DEBUG - findfont: score(FontEntry(fname='/usr/share/fonts/noto/NotoSerifThai-Regular.ttf', name='Noto Serif Thai', style='normal', variant='normal', weight=400, stretch='normal', size='scalable')) = 10.05
2025-08-06 14:44:19,938 - DEBUG - findfont: score(FontEntry(fname='/usr/share/fonts/noto/NotoSansTagbanwa-Regular.ttf', name='Noto Sans Tagbanwa', style='normal', variant='normal', weight=400, stretch='normal', size='scalable')) = 10.05
2025-08-06 14:44:19,938 - DEBUG - findfont: score(FontEntry(fname='/usr/share/fonts/noto/NotoSansDevanagari-Bold.ttf', name='Noto Sans Devanagari', style='normal', variant='normal', weight=700, stretch='normal', size='scalable')) = 10.335
2025-08-06 14:44:19,938 - DEBUG - findfont: score(FontEntry(fname='/usr/share/fonts/noto/NotoSansSylotiNagri-Regular.ttf', name='Noto Sans Syloti Nagri', style='normal', variant='normal', weight=400, stretch='normal', size='scalable')) = 10.05
2025-08-06 14:44:19,938 - DEBUG - findfont: score(FontEntry(fname='/usr/share/fonts/noto/NotoSansSinhalaUI-Regular.ttf', name='Noto Sans Sinhala UI', style='normal', variant='normal', weight=400, stretch='normal', size='scalable')) = 10.05
2025-08-06 14:44:19,938 - DEBUG - findfont: score(FontEntry(fname='/usr/share/fonts/noto/NotoSansMeeteiMayek-Medium.ttf', name='Noto Sans Meetei Mayek', style='normal', variant='normal', weight=500, stretch='normal', size='scalable')) = 10.145
2025-08-06 14:44:19,938 - DEBUG - findfont: score(FontEntry(fname='/usr/share/fonts/TTF/DejaVuSerifCondensed-Bold.ttf', name='DejaVu Serif', style='normal', variant='normal', weight=700, stretch='condensed', size='scalable')) = 10.535
2025-08-06 14:44:19,938 - DEBUG - findfont: score(FontEntry(fname='/usr/share/fonts/noto/NotoSansSaurashtra-Regular.ttf', name='Noto Sans Saurashtra', style='normal', variant='normal', weight=400, stretch='normal', size='scalable')) = 10.05
2025-08-06 14:44:19,938 - DEBUG - findfont: score(FontEntry(fname='/usr/share/fonts/noto/NotoSansTakri-Regular.ttf', name='Noto Sans Takri', style='normal', variant='normal', weight=400, stretch='normal', size='scalable')) = 10.05
2025-08-06 14:44:19,938 - DEBUG - findfont: score(FontEntry(fname='/usr/share/fonts/noto/NotoSansSymbols-Thin.ttf', name='Noto Sans Symbols', style='normal', variant='normal', weight=100, stretch='normal', size='scalable')) = 10.335
2025-08-06 14:44:19,938 - DEBUG - findfont: score(FontEntry(fname='/usr/share/fonts/gsfonts/C059-Bold.otf', name='C059', style='normal', variant='normal', weight=700, stretch='normal', size='scalable')) = 10.335
2025-08-06 14:44:19,938 - DEBUG - findfont: score(FontEntry(fname='/usr/share/fonts/noto/NotoSansMyanmar-Thin.ttf', name='Noto Sans Myanmar', style='normal', variant='normal', weight=100, stretch='normal', size='scalable')) = 10.335
2025-08-06 14:44:19,938 - DEBUG - findfont: score(FontEntry(fname='/usr/share/fonts/noto/NotoSansArabic-Bold.ttf', name='Noto Sans Arabic', style='normal', variant='normal', weight=700, stretch='normal', size='scalable')) = 10.335
2025-08-06 14:44:19,938 - DEBUG - findfont: score(FontEntry(fname='/usr/share/fonts/noto/NotoSansThaiLooped-Thin.ttf', name='Noto Sans Thai Looped', style='normal', variant='normal', weight=100, stretch='normal', size='scalable')) = 10.335
2025-08-06 14:44:19,938 - DEBUG - findfont: score(FontEntry(fname='/usr/share/fonts/noto/NotoSerifMalayalam-Black.ttf', name='Noto Serif Malayalam', style='normal', variant='normal', weight=900, stretch='normal', size='scalable')) = 10.525
2025-08-06 14:44:19,938 - DEBUG - findfont: score(FontEntry(fname='/usr/share/fonts/noto/NotoSans-Light.ttf', name='Noto Sans', style='normal', variant='normal', weight=300, stretch='normal', size='scalable')) = 10.145
2025-08-06 14:44:19,938 - DEBUG - findfont: score(FontEntry(fname='/usr/share/fonts/noto/NotoSerifEthiopic-Black.ttf', name='Noto Serif Ethiopic', style='normal', variant='normal', weight=900, stretch='normal', size='scalable')) = 10.525
2025-08-06 14:44:19,938 - DEBUG - findfont: score(FontEntry(fname='/usr/share/fonts/noto/NotoSerif-Medium.ttf', name='Noto Serif', style='normal', variant='normal', weight=500, stretch='normal', size='scalable')) = 10.145
2025-08-06 14:44:19,938 - DEBUG - findfont: score(FontEntry(fname='/usr/share/fonts/noto/NotoSansCarian-Regular.ttf', name='Noto Sans Carian', style='normal', variant='normal', weight=400, stretch='normal', size='scalable')) = 10.05
2025-08-06 14:44:19,938 - DEBUG - findfont: score(FontEntry(fname='/usr/share/fonts/noto/NotoSansGrantha-Regular.ttf', name='Noto Sans Grantha', style='normal', variant='normal', weight=400, stretch='normal', size='scalable')) = 10.05
2025-08-06 14:44:19,938 - DEBUG - findfont: score(FontEntry(fname='/usr/share/fonts/noto/NotoSerifTibetan-Black.ttf', name='Noto Serif Tibetan', style='normal', variant='normal', weight=900, stretch='normal', size='scalable')) = 10.525
2025-08-06 14:44:19,939 - DEBUG - findfont: score(FontEntry(fname='/usr/share/fonts/noto/NotoSerifMyanmar-Thin.ttf', name='Noto Serif Myanmar', style='normal', variant='normal', weight=100, stretch='normal', size='scalable')) = 10.335
2025-08-06 14:44:19,939 - DEBUG - findfont: score(FontEntry(fname='/usr/share/fonts/noto/NotoSans-BoldItalic.ttf', name='Noto Sans', style='italic', variant='normal', weight=700, stretch='normal', size='scalable')) = 11.335
2025-08-06 14:44:19,939 - DEBUG - findfont: score(FontEntry(fname='/usr/share/fonts/noto/NotoSansCuneiform-Regular.ttf', name='Noto Sans Cuneiform', style='normal', variant='normal', weight=400, stretch='normal', size='scalable')) = 10.05
2025-08-06 14:44:19,939 - DEBUG - findfont: score(FontEntry(fname='/usr/share/fonts/noto/NotoKufiArabic-Thin.ttf', name='Noto Kufi Arabic', style='normal', variant='normal', weight=100, stretch='normal', size='scalable')) = 10.335
2025-08-06 14:44:19,939 - DEBUG - findfont: score(FontEntry(fname='/usr/share/fonts/noto/NotoSansSinhala-Thin.ttf', name='Noto Sans Sinhala', style='normal', variant='normal', weight=100, stretch='normal', size='scalable')) = 10.335
2025-08-06 14:44:19,939 - DEBUG - findfont: score(FontEntry(fname='/usr/share/fonts/noto/NotoSerifSinhala-Regular.ttf', name='Noto Serif Sinhala', style='normal', variant='normal', weight=400, stretch='normal', size='scalable')) = 10.05
2025-08-06 14:44:19,939 - DEBUG - findfont: score(FontEntry(fname='/usr/share/fonts/noto/NotoSansArabicUI-Medium.ttf', name='Noto Sans Arabic UI', style='normal', variant='normal', weight=500, stretch='normal', size='scalable')) = 10.145
2025-08-06 14:44:19,939 - DEBUG - findfont: score(FontEntry(fname='/usr/share/fonts/noto/NotoSansSinhala-Medium.ttf', name='Noto Sans Sinhala', style='normal', variant='normal', weight=500, stretch='normal', size='scalable')) = 10.145
2025-08-06 14:44:19,939 - DEBUG - findfont: score(FontEntry(fname='/usr/share/fonts/noto/NotoSansTifinaghHawad-Regular.ttf', name='Noto Sans Tifinagh Hawad', style='normal', variant='normal', weight=400, stretch='normal', size='scalable')) = 10.05
2025-08-06 14:44:19,939 - DEBUG - findfont: score(FontEntry(fname='/usr/share/fonts/noto/NotoSansSiddham-Regular.ttf', name='Noto Sans Siddham', style='normal', variant='normal', weight=400, stretch='normal', size='scalable')) = 10.05
2025-08-06 14:44:19,939 - DEBUG - findfont: score(FontEntry(fname='/usr/share/fonts/noto/NotoSansTifinaghAzawagh-Regular.ttf', name='Noto Sans Tifinagh Azawagh', style='normal', variant='normal', weight=400, stretch='normal', size='scalable')) = 10.05
2025-08-06 14:44:19,939 - DEBUG - findfont: score(FontEntry(fname='/usr/share/fonts/noto/NotoNastaliqUrdu-Regular.ttf', name='Noto Nastaliq Urdu', style='normal', variant='normal', weight=400, stretch='normal', size='scalable')) = 10.05
2025-08-06 14:44:19,939 - DEBUG - findfont: score(FontEntry(fname='/usr/share/fonts/noto/NotoSansNKoUnjoined-Bold.ttf', name='Noto Sans NKo Unjoined', style='normal', variant='normal', weight=700, stretch='normal', size='scalable')) = 10.335
2025-08-06 14:44:19,939 - DEBUG - findfont: score(FontEntry(fname='/usr/share/fonts/noto/NotoSerif-Bold.ttf', name='Noto Serif', style='normal', variant='normal', weight=700, stretch='normal', size='scalable')) = 10.335
2025-08-06 14:44:19,939 - DEBUG - findfont: score(FontEntry(fname='/usr/share/fonts/noto/NotoSansKharoshthi-Regular.ttf', name='Noto Sans Kharoshthi', style='normal', variant='normal', weight=400, stretch='normal', size='scalable')) = 10.05
2025-08-06 14:44:19,939 - DEBUG - findfont: score(FontEntry(fname='/usr/share/fonts/noto/NotoSansBengali-Black.ttf', name='Noto Sans Bengali', style='normal', variant='normal', weight=900, stretch='normal', size='scalable')) = 10.525
2025-08-06 14:44:19,939 - DEBUG - findfont: score(FontEntry(fname='/usr/share/fonts/noto/NotoSansGurmukhi-Thin.ttf', name='Noto Sans Gurmukhi', style='normal', variant='normal', weight=100, stretch='normal', size='scalable')) = 10.335
2025-08-06 14:44:19,939 - DEBUG - findfont: score(FontEntry(fname='/usr/share/fonts/noto/NotoSerifKhmer-Black.ttf', name='Noto Serif Khmer', style='normal', variant='normal', weight=900, stretch='normal', size='scalable')) = 10.525
2025-08-06 14:44:19,939 - DEBUG - findfont: score(FontEntry(fname='/usr/share/fonts/noto/NotoSansBassaVah-Bold.ttf', name='Noto Sans Bassa Vah', style='normal', variant='normal', weight=700, stretch='normal', size='scalable')) = 10.335
2025-08-06 14:44:19,939 - DEBUG - findfont: score(FontEntry(fname='/usr/share/fonts/noto/NotoSerifSinhala-Thin.ttf', name='Noto Serif Sinhala', style='normal', variant='normal', weight=100, stretch='normal', size='scalable')) = 10.335
2025-08-06 14:44:19,939 - DEBUG - findfont: score(FontEntry(fname='/usr/share/fonts/noto/NotoSansArabicUI-Thin.ttf', name='Noto Sans Arabic UI', style='normal', variant='normal', weight=100, stretch='normal', size='scalable')) = 10.335
2025-08-06 14:44:19,939 - DEBUG - findfont: score(FontEntry(fname='/usr/share/fonts/noto/NotoSansDevanagari-Regular.ttf', name='Noto Sans Devanagari', style='normal', variant='normal', weight=400, stretch='normal', size='scalable')) = 10.05
2025-08-06 14:44:19,939 - DEBUG - findfont: score(FontEntry(fname='/usr/share/fonts/noto/NotoSansDevanagari-Thin.ttf', name='Noto Sans Devanagari', style='normal', variant='normal', weight=100, stretch='normal', size='scalable')) = 10.335
2025-08-06 14:44:19,939 - DEBUG - findfont: score(FontEntry(fname='/usr/share/fonts/noto/NotoSansCanadianAboriginal-Regular.ttf', name='Noto Sans Canadian Aboriginal', style='normal', variant='normal', weight=400, stretch='normal', size='scalable')) = 10.05
2025-08-06 14:44:19,939 - DEBUG - findfont: score(FontEntry(fname='/usr/share/fonts/gsfonts/NimbusSansNarrow-BoldOblique.otf', name='Nimbus Sans Narrow', style='oblique', variant='normal', weight=700, stretch='condensed', size='scalable')) = 11.535
2025-08-06 14:44:19,939 - DEBUG - findfont: score(FontEntry(fname='/usr/share/fonts/Adwaita/AdwaitaSans-Italic.ttf', name='Adwaita Sans', style='italic', variant='normal', weight=400, stretch='normal', size='scalable')) = 11.05
2025-08-06 14:44:19,939 - DEBUG - findfont: score(FontEntry(fname='/usr/share/fonts/noto/NotoSansKannada-Light.ttf', name='Noto Sans Kannada', style='normal', variant='normal', weight=300, stretch='normal', size='scalable')) = 10.145
2025-08-06 14:44:19,939 - DEBUG - findfont: score(FontEntry(fname='/usr/share/fonts/noto/NotoSansSignWriting-Regular.ttf', name='Noto Sans SignWriting', style='normal', variant='normal', weight=400, stretch='normal', size='scalable')) = 10.05
2025-08-06 14:44:19,940 - DEBUG - findfont: score(FontEntry(fname='/usr/share/fonts/noto/NotoSansMedefaidrin-Bold.ttf', name='Noto Sans Medefaidrin', style='normal', variant='normal', weight=700, stretch='normal', size='scalable')) = 10.335
2025-08-06 14:44:19,940 - DEBUG - findfont: score(FontEntry(fname='/usr/share/fonts/noto/NotoSerif-LightItalic.ttf', name='Noto Serif', style='italic', variant='normal', weight=300, stretch='normal', size='scalable')) = 11.145
2025-08-06 14:44:19,940 - DEBUG - findfont: score(FontEntry(fname='/usr/share/fonts/noto/NotoSansHebrew-Medium.ttf', name='Noto Sans Hebrew', style='normal', variant='normal', weight=500, stretch='normal', size='scalable')) = 10.145
2025-08-06 14:44:19,940 - DEBUG - findfont: score(FontEntry(fname='/usr/share/fonts/noto/NotoSerifLao-Regular.ttf', name='Noto Serif Lao', style='normal', variant='normal', weight=400, stretch='normal', size='scalable')) = 10.05
2025-08-06 14:44:19,940 - DEBUG - findfont: score(FontEntry(fname='/usr/share/fonts/noto/NotoSansMahajani-Regular.ttf', name='Noto Sans Mahajani', style='normal', variant='normal', weight=400, stretch='normal', size='scalable')) = 10.05
2025-08-06 14:44:19,940 - DEBUG - findfont: score(FontEntry(fname='/usr/share/fonts/noto/NotoSerifDevanagari-Black.ttf', name='Noto Serif Devanagari', style='normal', variant='normal', weight=900, stretch='normal', size='scalable')) = 10.525
2025-08-06 14:44:19,940 - DEBUG - findfont: score(FontEntry(fname='/usr/share/fonts/gnu-free/FreeSans.otf', name='FreeSans', style='normal', variant='normal', weight=400, stretch='normal', size='scalable')) = 10.05
2025-08-06 14:44:19,940 - DEBUG - findfont: score(FontEntry(fname='/usr/share/fonts/noto/NotoSerifKannada-Thin.ttf', name='Noto Serif Kannada', style='normal', variant='normal', weight=100, stretch='normal', size='scalable')) = 10.335
2025-08-06 14:44:19,940 - DEBUG - findfont: score(FontEntry(fname='/usr/share/fonts/noto/NotoRashiHebrew-Thin.ttf', name='Noto Rashi Hebrew', style='normal', variant='normal', weight=100, stretch='normal', size='scalable')) = 10.335
2025-08-06 14:44:19,940 - DEBUG - findfont: score(FontEntry(fname='/usr/share/fonts/noto/NotoSansBassaVah-Medium.ttf', name='Noto Sans Bassa Vah', style='normal', variant='normal', weight=500, stretch='normal', size='scalable')) = 10.145
2025-08-06 14:44:19,940 - DEBUG - findfont: score(FontEntry(fname='/usr/share/fonts/noto/NotoSansCham-Bold.ttf', name='Noto Sans Cham', style='normal', variant='normal', weight=700, stretch='normal', size='scalable')) = 10.335
2025-08-06 14:44:19,940 - DEBUG - findfont: score(FontEntry(fname='/usr/share/fonts/noto/NotoSansOriya-Black.ttf', name='Noto Sans Oriya', style='normal', variant='normal', weight=900, stretch='normal', size='scalable')) = 10.525
2025-08-06 14:44:19,940 - DEBUG - findfont: score(FontEntry(fname='/usr/share/fonts/noto/NotoSansTeluguUI-Medium.ttf', name='Noto Sans Telugu UI', style='normal', variant='normal', weight=500, stretch='normal', size='scalable')) = 10.145
2025-08-06 14:44:19,940 - DEBUG - findfont: score(FontEntry(fname='/usr/share/fonts/noto/NotoSerif-BlackItalic.ttf', name='Noto Serif', style='italic', variant='normal', weight=900, stretch='normal', size='scalable')) = 11.525
2025-08-06 14:44:19,940 - DEBUG - findfont: score(FontEntry(fname='/usr/share/fonts/noto/NotoSansKhmer-Bold.ttf', name='Noto Sans Khmer', style='normal', variant='normal', weight=700, stretch='normal', size='scalable')) = 10.335
2025-08-06 14:44:19,940 - DEBUG - findfont: score(FontEntry(fname='/usr/share/fonts/noto/NotoSansTaiViet-Regular.ttf', name='Noto Sans Tai Viet', style='normal', variant='normal', weight=400, stretch='normal', size='scalable')) = 10.05
2025-08-06 14:44:19,940 - DEBUG - findfont: score(FontEntry(fname='/usr/share/fonts/noto/NotoRashiHebrew-Light.ttf', name='Noto Rashi Hebrew', style='normal', variant='normal', weight=300, stretch='normal', size='scalable')) = 10.145
2025-08-06 14:44:19,940 - DEBUG - findfont: score(FontEntry(fname='/usr/share/fonts/gsfonts/URWBookman-DemiItalic.otf', name='URW Bookman', style='italic', variant='normal', weight=600, stretch='normal', size='scalable')) = 11.24
2025-08-06 14:44:19,940 - DEBUG - findfont: score(FontEntry(fname='/usr/share/fonts/noto/NotoSerifMalayalam-Thin.ttf', name='Noto Serif Malayalam', style='normal', variant='normal', weight=100, stretch='normal', size='scalable')) = 10.335
2025-08-06 14:44:19,940 - DEBUG - findfont: score(FontEntry(fname='/usr/share/fonts/noto/NotoSerifSinhala-Bold.ttf', name='Noto Serif Sinhala', style='normal', variant='normal', weight=700, stretch='normal', size='scalable')) = 10.335
2025-08-06 14:44:19,940 - DEBUG - findfont: score(FontEntry(fname='/usr/share/fonts/noto/NotoSansMalayalamUI-Light.ttf', name='Noto Sans Malayalam UI', style='normal', variant='normal', weight=300, stretch='normal', size='scalable')) = 10.145
2025-08-06 14:44:19,940 - DEBUG - findfont: score(FontEntry(fname='/usr/share/fonts/noto/NotoSansEthiopic-Bold.ttf', name='Noto Sans Ethiopic', style='normal', variant='normal', weight=700, stretch='normal', size='scalable')) = 10.335
2025-08-06 14:44:19,940 - DEBUG - findfont: score(FontEntry(fname='/usr/share/fonts/noto/NotoSansHanifiRohingya-Medium.ttf', name='Noto Sans Hanifi Rohingya', style='normal', variant='normal', weight=500, stretch='normal', size='scalable')) = 10.145
2025-08-06 14:44:19,940 - DEBUG - findfont: score(FontEntry(fname='/usr/share/fonts/noto/NotoSansLimbu-Regular.ttf', name='Noto Sans Limbu', style='normal', variant='normal', weight=400, stretch='normal', size='scalable')) = 10.05
2025-08-06 14:44:19,940 - DEBUG - findfont: score(FontEntry(fname='/usr/share/fonts/noto/NotoSerifGeorgian-Black.ttf', name='Noto Serif Georgian', style='normal', variant='normal', weight=900, stretch='normal', size='scalable')) = 10.525
2025-08-06 14:44:19,940 - DEBUG - findfont: score(FontEntry(fname='/usr/share/fonts/TTF/Hack-Bold.ttf', name='Hack', style='normal', variant='normal', weight=700, stretch='normal', size='scalable')) = 10.335
2025-08-06 14:44:19,940 - DEBUG - findfont: score(FontEntry(fname='/usr/share/fonts/TTF/DejaVuSansCondensed-BoldOblique.ttf', name='DejaVu Sans', style='oblique', variant='normal', weight=700, stretch='condensed', size='scalable')) = 3.535
2025-08-06 14:44:19,940 - DEBUG - findfont: score(FontEntry(fname='/usr/share/fonts/noto/NotoSansNewTaiLue-Medium.ttf', name='Noto Sans New Tai Lue', style='normal', variant='normal', weight=500, stretch='normal', size='scalable')) = 10.145
2025-08-06 14:44:19,940 - DEBUG - findfont: score(FontEntry(fname='/usr/share/fonts/noto/NotoSansLao-Thin.ttf', name='Noto Sans Lao', style='normal', variant='normal', weight=100, stretch='normal', size='scalable')) = 10.335
2025-08-06 14:44:19,941 - DEBUG - findfont: score(FontEntry(fname='/usr/share/fonts/Adwaita/AdwaitaMono-Regular.ttf', name='Adwaita Mono', style='normal', variant='normal', weight=400, stretch='normal', size='scalable')) = 10.05
2025-08-06 14:44:19,941 - DEBUG - findfont: score(FontEntry(fname='/usr/share/fonts/noto/NotoSerifGujarati-Bold.ttf', name='Noto Serif Gujarati', style='normal', variant='normal', weight=700, stretch='normal', size='scalable')) = 10.335
2025-08-06 14:44:19,941 - DEBUG - findfont: score(FontEntry(fname='/usr/share/fonts/noto/NotoSansGunjalaGondi-Regular.ttf', name='Noto Sans Gunjala Gondi', style='normal', variant='normal', weight=400, stretch='normal', size='scalable')) = 10.05
2025-08-06 14:44:19,941 - DEBUG - findfont: score(FontEntry(fname='/usr/share/fonts/noto/NotoTraditionalNushu-Regular.ttf', name='Noto Traditional Nushu', style='normal', variant='normal', weight=400, stretch='normal', size='scalable')) = 10.05
2025-08-06 14:44:19,941 - DEBUG - findfont: score(FontEntry(fname='/usr/share/fonts/noto/NotoSansDuployan-Regular.ttf', name='Noto Sans Duployan', style='normal', variant='normal', weight=400, stretch='normal', size='scalable')) = 10.05
2025-08-06 14:44:19,941 - DEBUG - findfont: score(FontEntry(fname='/usr/share/fonts/noto/NotoSansChakma-Regular.ttf', name='Noto Sans Chakma', style='normal', variant='normal', weight=400, stretch='normal', size='scalable')) = 10.05
2025-08-06 14:44:19,941 - DEBUG - findfont: score(FontEntry(fname='/usr/share/fonts/noto/NotoSerifTelugu-Regular.ttf', name='Noto Serif Telugu', style='normal', variant='normal', weight=400, stretch='normal', size='scalable')) = 10.05
2025-08-06 14:44:19,941 - DEBUG - findfont: score(FontEntry(fname='/usr/share/fonts/noto/NotoSerifHebrew-Medium.ttf', name='Noto Serif Hebrew', style='normal', variant='normal', weight=500, stretch='normal', size='scalable')) = 10.145
2025-08-06 14:44:19,941 - DEBUG - findfont: score(FontEntry(fname='/usr/share/fonts/noto/NotoSansHebrew-Thin.ttf', name='Noto Sans Hebrew', style='normal', variant='normal', weight=100, stretch='normal', size='scalable')) = 10.335
2025-08-06 14:44:19,941 - DEBUG - findfont: score(FontEntry(fname='/usr/share/fonts/noto/NotoSansGurmukhiUI-Medium.ttf', name='Noto Sans Gurmukhi UI', style='normal', variant='normal', weight=500, stretch='normal', size='scalable')) = 10.145
2025-08-06 14:44:19,941 - DEBUG - findfont: score(FontEntry(fname='/usr/share/fonts/noto/NotoSansMeeteiMayek-Regular.ttf', name='Noto Sans Meetei Mayek', style='normal', variant='normal', weight=400, stretch='normal', size='scalable')) = 10.05
2025-08-06 14:44:19,941 - DEBUG - findfont: score(FontEntry(fname='/usr/share/fonts/noto/NotoSansKannadaUI-Black.ttf', name='Noto Sans Kannada UI', style='normal', variant='normal', weight=900, stretch='normal', size='scalable')) = 10.525
2025-08-06 14:44:19,941 - DEBUG - findfont: score(FontEntry(fname='/usr/share/fonts/noto/NotoSerifToto-Regular.ttf', name='Noto Serif Toto', style='normal', variant='normal', weight=400, stretch='normal', size='scalable')) = 10.05
2025-08-06 14:44:19,941 - DEBUG - findfont: score(FontEntry(fname='/usr/share/fonts/noto/NotoSansKhudawadi-Regular.ttf', name='Noto Sans Khudawadi', style='normal', variant='normal', weight=400, stretch='normal', size='scalable')) = 10.05
2025-08-06 14:44:19,941 - DEBUG - findfont: score(FontEntry(fname='/usr/share/fonts/noto/NotoSerifDivesAkuru-Regular.ttf', name='Noto Serif Dives Akuru', style='normal', variant='normal', weight=400, stretch='normal', size='scalable')) = 10.05
2025-08-06 14:44:19,941 - DEBUG - findfont: score(FontEntry(fname='/usr/share/fonts/noto/NotoSerifTamil-BlackItalic.ttf', name='Noto Serif Tamil', style='italic', variant='normal', weight=900, stretch='normal', size='scalable')) = 11.525
2025-08-06 14:44:19,941 - DEBUG - findfont: score(FontEntry(fname='/usr/share/fonts/noto/NotoSansGujaratiUI-Bold.ttf', name='Noto Sans Gujarati UI', style='normal', variant='normal', weight=700, stretch='normal', size='scalable')) = 10.335
2025-08-06 14:44:19,941 - DEBUG - findfont: score(FontEntry(fname='/usr/share/fonts/noto/NotoSerifDisplay-Light.ttf', name='Noto Serif Display', style='normal', variant='normal', weight=300, stretch='normal', size='scalable')) = 10.145
2025-08-06 14:44:19,941 - DEBUG - findfont: score(FontEntry(fname='/usr/share/fonts/gsfonts/NimbusMonoPS-Regular.otf', name='Nimbus Mono PS', style='normal', variant='normal', weight=400, stretch='normal', size='scalable')) = 10.05
2025-08-06 14:44:19,941 - DEBUG - findfont: score(FontEntry(fname='/usr/share/fonts/noto/NotoSansKhojki-Regular.ttf', name='Noto Sans Khojki', style='normal', variant='normal', weight=400, stretch='normal', size='scalable')) = 10.05
2025-08-06 14:44:19,941 - DEBUG - findfont: score(FontEntry(fname='/usr/share/fonts/noto/NotoSansTelugu-Medium.ttf', name='Noto Sans Telugu', style='normal', variant='normal', weight=500, stretch='normal', size='scalable')) = 10.145
2025-08-06 14:44:19,941 - DEBUG - findfont: score(FontEntry(fname='/usr/share/fonts/noto/NotoSerifGujarati-Light.ttf', name='Noto Serif Gujarati', style='normal', variant='normal', weight=300, stretch='normal', size='scalable')) = 10.145
2025-08-06 14:44:19,941 - DEBUG - findfont: score(FontEntry(fname='/usr/share/fonts/noto/NotoSerifLao-Bold.ttf', name='Noto Serif Lao', style='normal', variant='normal', weight=700, stretch='normal', size='scalable')) = 10.335
2025-08-06 14:44:19,941 - DEBUG - findfont: score(FontEntry(fname='/usr/share/fonts/noto/NotoSans-ThinItalic.ttf', name='Noto Sans', style='italic', variant='normal', weight=100, stretch='normal', size='scalable')) = 11.335
2025-08-06 14:44:19,941 - DEBUG - findfont: score(FontEntry(fname='/usr/share/fonts/noto/NotoSansGujarati-Light.ttf', name='Noto Sans Gujarati', style='normal', variant='normal', weight=300, stretch='normal', size='scalable')) = 10.145
2025-08-06 14:44:19,941 - DEBUG - findfont: score(FontEntry(fname='/usr/share/fonts/noto/NotoSansBatak-Regular.ttf', name='Noto Sans Batak', style='normal', variant='normal', weight=400, stretch='normal', size='scalable')) = 10.05
2025-08-06 14:44:19,941 - DEBUG - findfont: score(FontEntry(fname='/usr/share/fonts/noto/NotoSansBengaliUI-Light.ttf', name='Noto Sans Bengali UI', style='normal', variant='normal', weight=300, stretch='normal', size='scalable')) = 10.145
2025-08-06 14:44:19,941 - DEBUG - findfont: score(FontEntry(fname='/usr/share/fonts/noto/NotoSansTifinaghSIL-Regular.ttf', name='Noto Sans Tifinagh SIL', style='normal', variant='normal', weight=400, stretch='normal', size='scalable')) = 10.05
2025-08-06 14:44:19,941 - DEBUG - findfont: score(FontEntry(fname='/usr/share/fonts/noto/NotoSerifMyanmar-Black.ttf', name='Noto Serif Myanmar', style='normal', variant='normal', weight=900, stretch='normal', size='scalable')) = 10.525
2025-08-06 14:44:19,942 - DEBUG - findfont: score(FontEntry(fname='/usr/share/fonts/noto/NotoSansNagMundari-Regular.ttf', name='Noto Sans Nag Mundari', style='normal', variant='normal', weight=400, stretch='normal', size='scalable')) = 10.05
2025-08-06 14:44:19,942 - DEBUG - findfont: score(FontEntry(fname='/usr/share/fonts/noto/NotoSansTaiLe-Regular.ttf', name='Noto Sans Tai Le', style='normal', variant='normal', weight=400, stretch='normal', size='scalable')) = 10.05
2025-08-06 14:44:19,942 - DEBUG - findfont: score(FontEntry(fname='/usr/share/fonts/noto/NotoSerifBengali-Black.ttf', name='Noto Serif Bengali', style='normal', variant='normal', weight=900, stretch='normal', size='scalable')) = 10.525
2025-08-06 14:44:19,942 - DEBUG - findfont: score(FontEntry(fname='/usr/share/fonts/noto/NotoSerifNPHmong-Medium.ttf', name='Noto Serif NP Hmong', style='normal', variant='normal', weight=500, stretch='normal', size='scalable')) = 10.145
2025-08-06 14:44:19,942 - DEBUG - findfont: score(FontEntry(fname='/usr/share/fonts/noto/NotoSansTamilSupplement-Regular.ttf', name='Noto Sans Tamil Supplement', style='normal', variant='normal', weight=400, stretch='normal', size='scalable')) = 10.05
2025-08-06 14:44:19,942 - DEBUG - findfont: score(FontEntry(fname='/usr/share/fonts/noto/NotoSansSinhalaUI-Thin.ttf', name='Noto Sans Sinhala UI', style='normal', variant='normal', weight=100, stretch='normal', size='scalable')) = 10.335
2025-08-06 14:44:19,942 - DEBUG - findfont: score(FontEntry(fname='/usr/share/fonts/noto/NotoSansMeeteiMayek-Bold.ttf', name='Noto Sans Meetei Mayek', style='normal', variant='normal', weight=700, stretch='normal', size='scalable')) = 10.335
2025-08-06 14:44:19,942 - DEBUG - findfont: score(FontEntry(fname='/usr/share/fonts/noto/NotoSansSundanese-Bold.ttf', name='Noto Sans Sundanese', style='normal', variant='normal', weight=700, stretch='normal', size='scalable')) = 10.335
2025-08-06 14:44:19,942 - DEBUG - findfont: score(FontEntry(fname='/usr/share/fonts/noto/NotoSansTaiTham-Medium.ttf', name='Noto Sans Tai Tham', style='normal', variant='normal', weight=500, stretch='normal', size='scalable')) = 10.145
2025-08-06 14:44:19,942 - DEBUG - findfont: score(FontEntry(fname='/usr/share/fonts/gsfonts/NimbusSansNarrow-Bold.otf', name='Nimbus Sans Narrow', style='normal', variant='normal', weight=700, stretch='condensed', size='scalable')) = 10.535
2025-08-06 14:44:19,942 - DEBUG - findfont: score(FontEntry(fname='/usr/share/fonts/noto/NotoSerifKhmer-Thin.ttf', name='Noto Serif Khmer', style='normal', variant='normal', weight=100, stretch='normal', size='scalable')) = 10.335
2025-08-06 14:44:19,942 - DEBUG - findfont: score(FontEntry(fname='/usr/share/fonts/noto/NotoSerifLao-Medium.ttf', name='Noto Serif Lao', style='normal', variant='normal', weight=500, stretch='normal', size='scalable')) = 10.145
2025-08-06 14:44:19,942 - DEBUG - findfont: score(FontEntry(fname='/usr/share/fonts/noto/NotoSansThaana-Bold.ttf', name='Noto Sans Thaana', style='normal', variant='normal', weight=700, stretch='normal', size='scalable')) = 10.335
2025-08-06 14:44:19,942 - DEBUG - findfont: score(FontEntry(fname='/usr/share/fonts/gsfonts/URWGothic-BookOblique.otf', name='URW Gothic', style='oblique', variant='normal', weight=400, stretch='normal', size='scalable')) = 11.05
2025-08-06 14:44:19,942 - DEBUG - findfont: score(FontEntry(fname='/usr/share/fonts/noto/NotoSansMalayalam-Black.ttf', name='Noto Sans Malayalam', style='normal', variant='normal', weight=900, stretch='normal', size='scalable')) = 10.525
2025-08-06 14:44:19,942 - DEBUG - findfont: score(FontEntry(fname='/usr/share/fonts/TTF/DejaVuSansCondensed-Oblique.ttf', name='DejaVu Sans', style='oblique', variant='normal', weight=400, stretch='condensed', size='scalable')) = 3.25
2025-08-06 14:44:19,942 - DEBUG - findfont: score(FontEntry(fname='/usr/share/fonts/noto/NotoSerif-BoldItalic.ttf', name='Noto Serif', style='italic', variant='normal', weight=700, stretch='normal', size='scalable')) = 11.335
2025-08-06 14:44:19,942 - DEBUG - findfont: score(FontEntry(fname='/usr/share/fonts/noto/NotoSansThaana-Medium.ttf', name='Noto Sans Thaana', style='normal', variant='normal', weight=500, stretch='normal', size='scalable')) = 10.145
2025-08-06 14:44:19,942 - DEBUG - findfont: score(FontEntry(fname='/usr/share/fonts/noto/NotoSansAdlamUnjoined-Regular.ttf', name='Noto Sans Adlam Unjoined', style='normal', variant='normal', weight=400, stretch='normal', size='scalable')) = 10.05
2025-08-06 14:44:19,942 - DEBUG - findfont: score(FontEntry(fname='/usr/share/fonts/noto/NotoSansDevanagariUI-Regular.ttf', name='Noto Sans Devanagari UI', style='normal', variant='normal', weight=400, stretch='normal', size='scalable')) = 10.05
2025-08-06 14:44:19,942 - DEBUG - findfont: score(FontEntry(fname='/usr/share/fonts/noto/NotoSansLisu-Bold.ttf', name='Noto Sans Lisu', style='normal', variant='normal', weight=700, stretch='normal', size='scalable')) = 10.335
2025-08-06 14:44:19,942 - DEBUG - findfont: score(FontEntry(fname='/usr/share/fonts/gsfonts/NimbusRoman-Italic.otf', name='Nimbus Roman', style='italic', variant='normal', weight=400, stretch='normal', size='scalable')) = 11.05
2025-08-06 14:44:19,942 - DEBUG - findfont: score(FontEntry(fname='/usr/share/fonts/noto/NotoSansKhmer-Thin.ttf', name='Noto Sans Khmer', style='normal', variant='normal', weight=100, stretch='normal', size='scalable')) = 10.335
2025-08-06 14:44:19,942 - DEBUG - findfont: score(FontEntry(fname='/usr/share/fonts/noto/NotoSansCanadianAboriginal-Light.ttf', name='Noto Sans Canadian Aboriginal', style='normal', variant='normal', weight=300, stretch='normal', size='scalable')) = 10.145
2025-08-06 14:44:19,942 - DEBUG - findfont: score(FontEntry(fname='/usr/share/fonts/noto/NotoSansKannada-Bold.ttf', name='Noto Sans Kannada', style='normal', variant='normal', weight=700, stretch='normal', size='scalable')) = 10.335
2025-08-06 14:44:19,942 - DEBUG - findfont: score(FontEntry(fname='/usr/share/fonts/noto/NotoSansMeeteiMayek-Light.ttf', name='Noto Sans Meetei Mayek', style='normal', variant='normal', weight=300, stretch='normal', size='scalable')) = 10.145
2025-08-06 14:44:19,942 - DEBUG - findfont: score(FontEntry(fname='/usr/share/fonts/noto/NotoSansCanadianAboriginal-Bold.ttf', name='Noto Sans Canadian Aboriginal', style='normal', variant='normal', weight=700, stretch='normal', size='scalable')) = 10.335
2025-08-06 14:44:19,942 - DEBUG - findfont: score(FontEntry(fname='/usr/share/fonts/noto/NotoSerifGrantha-Regular.ttf', name='Noto Serif Grantha', style='normal', variant='normal', weight=400, stretch='normal', size='scalable')) = 10.05
2025-08-06 14:44:19,943 - DEBUG - findfont: score(FontEntry(fname='/usr/share/fonts/noto/NotoSerifGurmukhi-Light.ttf', name='Noto Serif Gurmukhi', style='normal', variant='normal', weight=300, stretch='normal', size='scalable')) = 10.145
2025-08-06 14:44:19,943 - DEBUG - findfont: score(FontEntry(fname='/usr/share/fonts/noto/NotoSansLisu-Medium.ttf', name='Noto Sans Lisu', style='normal', variant='normal', weight=500, stretch='normal', size='scalable')) = 10.145
2025-08-06 14:44:19,943 - DEBUG - findfont: score(FontEntry(fname='/usr/share/fonts/noto/NotoSerifDevanagari-Regular.ttf', name='Noto Serif Devanagari', style='normal', variant='normal', weight=400, stretch='normal', size='scalable')) = 10.05
2025-08-06 14:44:19,943 - DEBUG - findfont: score(FontEntry(fname='/usr/share/fonts/TTF/DejaVuSansMono.ttf', name='DejaVu Sans Mono', style='normal', variant='normal', weight=400, stretch='normal', size='scalable')) = 10.05
2025-08-06 14:44:19,943 - DEBUG - findfont: score(FontEntry(fname='/usr/share/fonts/noto/NotoSerifBengali-Medium.ttf', name='Noto Serif Bengali', style='normal', variant='normal', weight=500, stretch='normal', size='scalable')) = 10.145
2025-08-06 14:44:19,943 - DEBUG - findfont: score(FontEntry(fname='/usr/share/fonts/noto/NotoSansIndicSiyaqNumbers-Regular.ttf', name='Noto Sans Indic Siyaq Numbers', style='normal', variant='normal', weight=400, stretch='normal', size='scalable')) = 10.05
2025-08-06 14:44:19,943 - DEBUG - findfont: score(FontEntry(fname='/usr/share/fonts/noto/NotoSansVai-Regular.ttf', name='Noto Sans Vai', style='normal', variant='normal', weight=400, stretch='normal', size='scalable')) = 10.05
2025-08-06 14:44:19,943 - DEBUG - findfont: score(FontEntry(fname='/usr/share/fonts/noto/NotoSansBamum-Bold.ttf', name='Noto Sans Bamum', style='normal', variant='normal', weight=700, stretch='normal', size='scalable')) = 10.335
2025-08-06 14:44:19,943 - DEBUG - findfont: score(FontEntry(fname='/usr/share/fonts/noto/NotoSansTirhuta-Regular.ttf', name='Noto Sans Tirhuta', style='normal', variant='normal', weight=400, stretch='normal', size='scalable')) = 10.05
2025-08-06 14:44:19,943 - DEBUG - findfont: score(FontEntry(fname='/usr/share/fonts/noto/NotoSansGujarati-Bold.ttf', name='Noto Sans Gujarati', style='normal', variant='normal', weight=700, stretch='normal', size='scalable')) = 10.335
2025-08-06 14:44:19,943 - DEBUG - findfont: score(FontEntry(fname='/usr/share/fonts/noto/NotoSansKhmer-Black.ttf', name='Noto Sans Khmer', style='normal', variant='normal', weight=900, stretch='normal', size='scalable')) = 10.525
2025-08-06 14:44:19,943 - DEBUG - findfont: score(FontEntry(fname='/usr/share/fonts/noto/NotoSansOldTurkic-Regular.ttf', name='Noto Sans Old Turkic', style='normal', variant='normal', weight=400, stretch='normal', size='scalable')) = 10.05
2025-08-06 14:44:19,943 - DEBUG - findfont: score(FontEntry(fname='/usr/share/fonts/noto/NotoSansDuployan-Bold.ttf', name='Noto Sans Duployan', style='normal', variant='normal', weight=700, stretch='normal', size='scalable')) = 10.335
2025-08-06 14:44:19,943 - DEBUG - findfont: score(FontEntry(fname='/usr/share/fonts/noto/NotoSansGujaratiUI-Regular.ttf', name='Noto Sans Gujarati UI', style='normal', variant='normal', weight=400, stretch='normal', size='scalable')) = 10.05
2025-08-06 14:44:19,943 - DEBUG - findfont: score(FontEntry(fname='/usr/share/fonts/noto/NotoSansKannada-Black.ttf', name='Noto Sans Kannada', style='normal', variant='normal', weight=900, stretch='normal', size='scalable')) = 10.525
2025-08-06 14:44:19,943 - DEBUG - findfont: score(FontEntry(fname='/usr/share/fonts/noto/NotoSansCham-Regular.ttf', name='Noto Sans Cham', style='normal', variant='normal', weight=400, stretch='normal', size='scalable')) = 10.05
2025-08-06 14:44:19,943 - DEBUG - findfont: score(FontEntry(fname='/usr/share/fonts/gnu-free/FreeSerifItalic.otf', name='FreeSerif', style='italic', variant='normal', weight=400, stretch='normal', size='scalable')) = 11.05
2025-08-06 14:44:19,943 - DEBUG - findfont: score(FontEntry(fname='/usr/share/fonts/gnu-free/FreeMonoOblique.otf', name='FreeMono', style='oblique', variant='normal', weight=400, stretch='normal', size='scalable')) = 11.05
2025-08-06 14:44:19,943 - DEBUG - findfont: score(FontEntry(fname='/usr/share/fonts/noto/NotoSansTelugu-Black.ttf', name='Noto Sans Telugu', style='normal', variant='normal', weight=900, stretch='normal', size='scalable')) = 10.525
2025-08-06 14:44:19,943 - DEBUG - findfont: score(FontEntry(fname='/usr/share/fonts/noto/NotoRashiHebrew-Black.ttf', name='Noto Rashi Hebrew', style='normal', variant='normal', weight=900, stretch='normal', size='scalable')) = 10.525
2025-08-06 14:44:19,943 - DEBUG - findfont: score(FontEntry(fname='/usr/share/fonts/noto/NotoSansTamil-Thin.ttf', name='Noto Sans Tamil', style='normal', variant='normal', weight=100, stretch='normal', size='scalable')) = 10.335
2025-08-06 14:44:19,943 - DEBUG - findfont: score(FontEntry(fname='/usr/share/fonts/noto/NotoSerifNPHmong-Bold.ttf', name='Noto Serif NP Hmong', style='normal', variant='normal', weight=700, stretch='normal', size='scalable')) = 10.335
2025-08-06 14:44:19,943 - DEBUG - findfont: score(FontEntry(fname='/usr/share/fonts/noto/NotoSansThaana-Thin.ttf', name='Noto Sans Thaana', style='normal', variant='normal', weight=100, stretch='normal', size='scalable')) = 10.335
2025-08-06 14:44:19,943 - DEBUG - findfont: score(FontEntry(fname='/usr/share/fonts/noto/NotoSansInscriptionalParthian-Regular.ttf', name='Noto Sans Inscriptional Parthian', style='normal', variant='normal', weight=400, stretch='normal', size='scalable')) = 10.05
2025-08-06 14:44:19,943 - DEBUG - findfont: score(FontEntry(fname='/usr/share/fonts/noto/NotoSerifTelugu-Bold.ttf', name='Noto Serif Telugu', style='normal', variant='normal', weight=700, stretch='normal', size='scalable')) = 10.335
2025-08-06 14:44:19,943 - DEBUG - findfont: score(FontEntry(fname='/usr/share/fonts/noto/NotoSerif-Black.ttf', name='Noto Serif', style='normal', variant='normal', weight=900, stretch='normal', size='scalable')) = 10.525
2025-08-06 14:44:19,943 - DEBUG - findfont: score(FontEntry(fname='/usr/share/fonts/noto/NotoSerifTibetan-Regular.ttf', name='Noto Serif Tibetan', style='normal', variant='normal', weight=400, stretch='normal', size='scalable')) = 10.05
2025-08-06 14:44:19,943 - DEBUG - findfont: score(FontEntry(fname='/usr/share/fonts/noto/NotoSansSyriac-Regular.ttf', name='Noto Sans Syriac', style='normal', variant='normal', weight=400, stretch='normal', size='scalable')) = 10.05
2025-08-06 14:44:19,943 - DEBUG - findfont: score(FontEntry(fname='/usr/share/fonts/gsfonts/URWBookman-LightItalic.otf', name='URW Bookman', style='italic', variant='normal', weight=300, stretch='normal', size='scalable')) = 11.145
2025-08-06 14:44:19,944 - DEBUG - findfont: score(FontEntry(fname='/usr/share/fonts/noto/NotoSansSinhala-Regular.ttf', name='Noto Sans Sinhala', style='normal', variant='normal', weight=400, stretch='normal', size='scalable')) = 10.05
2025-08-06 14:44:19,944 - DEBUG - findfont: score(FontEntry(fname='/usr/share/fonts/noto/NotoSansJavanese-Regular.ttf', name='Noto Sans Javanese', style='normal', variant='normal', weight=400, stretch='normal', size='scalable')) = 10.05
2025-08-06 14:44:19,944 - DEBUG - findfont: score(FontEntry(fname='/usr/share/fonts/noto/NotoSansSinhalaUI-Light.ttf', name='Noto Sans Sinhala UI', style='normal', variant='normal', weight=300, stretch='normal', size='scalable')) = 10.145
2025-08-06 14:44:19,944 - DEBUG - findfont: score(FontEntry(fname='/usr/share/fonts/noto/NotoSansGurmukhi-Bold.ttf', name='Noto Sans Gurmukhi', style='normal', variant='normal', weight=700, stretch='normal', size='scalable')) = 10.335
2025-08-06 14:44:19,944 - DEBUG - findfont: score(FontEntry(fname='/usr/share/fonts/noto/NotoSansMyanmar-Regular.ttf', name='Noto Sans Myanmar', style='normal', variant='normal', weight=400, stretch='normal', size='scalable')) = 10.05
2025-08-06 14:44:19,944 - DEBUG - findfont: score(FontEntry(fname='/usr/share/fonts/noto/NotoSansShavian-Regular.ttf', name='Noto Sans Shavian', style='normal', variant='normal', weight=400, stretch='normal', size='scalable')) = 10.05
2025-08-06 14:44:19,944 - DEBUG - findfont: score(FontEntry(fname='/usr/share/fonts/gsfonts/P052-Italic.otf', name='P052', style='italic', variant='normal', weight=400, stretch='normal', size='scalable')) = 11.05
2025-08-06 14:44:19,944 - DEBUG - findfont: score(FontEntry(fname='/usr/share/fonts/noto/NotoSerifTamil-MediumItalic.ttf', name='Noto Serif Tamil', style='italic', variant='normal', weight=500, stretch='normal', size='scalable')) = 11.145
2025-08-06 14:44:19,944 - DEBUG - findfont: score(FontEntry(fname='/usr/share/fonts/noto/NotoSansSharada-Regular.ttf', name='Noto Sans Sharada', style='normal', variant='normal', weight=400, stretch='normal', size='scalable')) = 10.05
2025-08-06 14:44:19,944 - DEBUG - findfont: score(FontEntry(fname='/usr/share/fonts/noto/NotoSansHebrew-Black.ttf', name='Noto Sans Hebrew', style='normal', variant='normal', weight=900, stretch='normal', size='scalable')) = 10.525
2025-08-06 14:44:19,944 - DEBUG - findfont: score(FontEntry(fname='/usr/share/fonts/gsfonts/Z003-MediumItalic.otf', name='Z003', style='italic', variant='normal', weight=500, stretch='normal', size='scalable')) = 11.145
2025-08-06 14:44:19,944 - DEBUG - findfont: score(FontEntry(fname='/usr/share/fonts/noto/NotoSansNagMundari-Bold.ttf', name='Noto Sans Nag Mundari', style='normal', variant='normal', weight=700, stretch='normal', size='scalable')) = 10.335
2025-08-06 14:44:19,944 - DEBUG - findfont: score(FontEntry(fname='/usr/share/fonts/noto/NotoSansHanifiRohingya-Bold.ttf', name='Noto Sans Hanifi Rohingya', style='normal', variant='normal', weight=700, stretch='normal', size='scalable')) = 10.335
2025-08-06 14:44:19,944 - DEBUG - findfont: score(FontEntry(fname='/usr/share/fonts/noto/NotoSansSoraSompeng-Regular.ttf', name='Noto Sans Sora Sompeng', style='normal', variant='normal', weight=400, stretch='normal', size='scalable')) = 10.05
2025-08-06 14:44:19,944 - DEBUG - findfont: score(FontEntry(fname='/usr/share/fonts/noto/NotoSansTelugu-Thin.ttf', name='Noto Sans Telugu', style='normal', variant='normal', weight=100, stretch='normal', size='scalable')) = 10.335
2025-08-06 14:44:19,944 - DEBUG - findfont: score(FontEntry(fname='/usr/share/fonts/noto/NotoSerifTibetan-Bold.ttf', name='Noto Serif Tibetan', style='normal', variant='normal', weight=700, stretch='normal', size='scalable')) = 10.335
2025-08-06 14:44:19,944 - DEBUG - findfont: score(FontEntry(fname='/usr/share/fonts/noto/NotoSansGujarati-Black.ttf', name='Noto Sans Gujarati', style='normal', variant='normal', weight=900, stretch='normal', size='scalable')) = 10.525
2025-08-06 14:44:19,944 - DEBUG - findfont: score(FontEntry(fname='/usr/share/fonts/noto/NotoSansMiao-Regular.ttf', name='Noto Sans Miao', style='normal', variant='normal', weight=400, stretch='normal', size='scalable')) = 10.05
2025-08-06 14:44:19,944 - DEBUG - findfont: score(FontEntry(fname='/usr/share/fonts/noto/NotoSansTelugu-Light.ttf', name='Noto Sans Telugu', style='normal', variant='normal', weight=300, stretch='normal', size='scalable')) = 10.145
2025-08-06 14:44:19,944 - DEBUG - findfont: score(FontEntry(fname='/usr/share/fonts/noto/NotoSerifOriya-Bold.ttf', name='Noto Serif Oriya', style='normal', variant='normal', weight=700, stretch='normal', size='scalable')) = 10.335
2025-08-06 14:44:19,944 - DEBUG - findfont: score(FontEntry(fname='/usr/share/fonts/noto/NotoSansOriya-Regular.ttf', name='Noto Sans Oriya', style='normal', variant='normal', weight=400, stretch='normal', size='scalable')) = 10.05
2025-08-06 14:44:19,944 - DEBUG - findfont: score(FontEntry(fname='/usr/share/fonts/noto/NotoSansThaana-Light.ttf', name='Noto Sans Thaana', style='normal', variant='normal', weight=300, stretch='normal', size='scalable')) = 10.145
2025-08-06 14:44:19,944 - DEBUG - findfont: score(FontEntry(fname='/usr/share/fonts/noto/NotoSansGurmukhi-Black.ttf', name='Noto Sans Gurmukhi', style='normal', variant='normal', weight=900, stretch='normal', size='scalable')) = 10.525
2025-08-06 14:44:19,944 - DEBUG - findfont: score(FontEntry(fname='/usr/share/fonts/noto/NotoSerifEthiopic-Light.ttf', name='Noto Serif Ethiopic', style='normal', variant='normal', weight=300, stretch='normal', size='scalable')) = 10.145
2025-08-06 14:44:19,944 - DEBUG - findfont: score(FontEntry(fname='/usr/share/fonts/noto/NotoSansCham-Thin.ttf', name='Noto Sans Cham', style='normal', variant='normal', weight=100, stretch='normal', size='scalable')) = 10.335
2025-08-06 14:44:19,944 - DEBUG - findfont: score(FontEntry(fname='/usr/share/fonts/noto/NotoSerifEthiopic-Medium.ttf', name='Noto Serif Ethiopic', style='normal', variant='normal', weight=500, stretch='normal', size='scalable')) = 10.145
2025-08-06 14:44:19,944 - DEBUG - findfont: score(FontEntry(fname='/usr/share/fonts/noto/NotoZnamennyMusicalNotation-Regular.ttf', name='Noto Znamenny Musical Notation', style='normal', variant='normal', weight=400, stretch='normal', size='scalable')) = 10.05
2025-08-06 14:44:19,944 - DEBUG - findfont: score(FontEntry(fname='/usr/share/fonts/noto/NotoSansSoraSompeng-Medium.ttf', name='Noto Sans Sora Sompeng', style='normal', variant='normal', weight=500, stretch='normal', size='scalable')) = 10.145
2025-08-06 14:44:19,944 - DEBUG - findfont: score(FontEntry(fname='/usr/share/fonts/noto/NotoSerifKhitanSmallScript-Regular.ttf', name='Noto Serif Khitan Small Script', style='normal', variant='normal', weight=400, stretch='normal', size='scalable')) = 10.05
2025-08-06 14:44:19,945 - DEBUG - findfont: score(FontEntry(fname='/usr/share/fonts/noto/NotoSerifDisplay-Bold.ttf', name='Noto Serif Display', style='normal', variant='normal', weight=700, stretch='normal', size='scalable')) = 10.335
2025-08-06 14:44:19,945 - DEBUG - findfont: score(FontEntry(fname='/usr/share/fonts/noto/NotoSerifThai-Medium.ttf', name='Noto Serif Thai', style='normal', variant='normal', weight=500, stretch='normal', size='scalable')) = 10.145
2025-08-06 14:44:19,945 - DEBUG - findfont: score(FontEntry(fname='/usr/share/fonts/TTF/DejaVuSans-BoldOblique.ttf', name='DejaVu Sans', style='oblique', variant='normal', weight=700, stretch='normal', size='scalable')) = 3.335
2025-08-06 14:44:19,945 - DEBUG - findfont: score(FontEntry(fname='/usr/share/fonts/noto/NotoSansMayanNumerals-Regular.ttf', name='Noto Sans Mayan Numerals', style='normal', variant='normal', weight=400, stretch='normal', size='scalable')) = 10.05
2025-08-06 14:44:19,945 - DEBUG - findfont: score(FontEntry(fname='/usr/share/fonts/noto/NotoSansTaiTham-Regular.ttf', name='Noto Sans Tai Tham', style='normal', variant='normal', weight=400, stretch='normal', size='scalable')) = 10.05
2025-08-06 14:44:19,945 - DEBUG - findfont: score(FontEntry(fname='/usr/share/fonts/noto/NotoSansMyanmar-Bold.ttf', name='Noto Sans Myanmar', style='normal', variant='normal', weight=700, stretch='normal', size='scalable')) = 10.335
2025-08-06 14:44:19,945 - DEBUG - findfont: score(FontEntry(fname='/usr/share/fonts/noto/NotoSansMultani-Regular.ttf', name='Noto Sans Multani', style='normal', variant='normal', weight=400, stretch='normal', size='scalable')) = 10.05
2025-08-06 14:44:19,945 - DEBUG - findfont: score(FontEntry(fname='/usr/share/fonts/noto/NotoSerifAhom-Regular.ttf', name='Noto Serif Ahom', style='normal', variant='normal', weight=400, stretch='normal', size='scalable')) = 10.05
2025-08-06 14:44:19,945 - DEBUG - findfont: score(FontEntry(fname='/usr/share/fonts/noto/NotoSerifKannada-Medium.ttf', name='Noto Serif Kannada', style='normal', variant='normal', weight=500, stretch='normal', size='scalable')) = 10.145
2025-08-06 14:44:19,945 - DEBUG - findfont: score(FontEntry(fname='/usr/share/fonts/gnu-free/FreeMonoBoldOblique.otf', name='FreeMono', style='oblique', variant='normal', weight=700, stretch='normal', size='scalable')) = 11.335
2025-08-06 14:44:19,945 - DEBUG - findfont: score(FontEntry(fname='/usr/share/fonts/noto/NotoSansThai-Light.ttf', name='Noto Sans Thai', style='normal', variant='normal', weight=300, stretch='normal', size='scalable')) = 10.145
2025-08-06 14:44:19,945 - DEBUG - findfont: score(FontEntry(fname='/usr/share/fonts/noto/NotoSansOldPersian-Regular.ttf', name='Noto Sans Old Persian', style='normal', variant='normal', weight=400, stretch='normal', size='scalable')) = 10.05
2025-08-06 14:44:19,945 - DEBUG - findfont: score(FontEntry(fname='/usr/share/fonts/noto/NotoSansCherokee-Regular.ttf', name='Noto Sans Cherokee', style='normal', variant='normal', weight=400, stretch='normal', size='scalable')) = 10.05
2025-08-06 14:44:19,945 - DEBUG - findfont: score(FontEntry(fname='/usr/share/fonts/noto/NotoSansSyriacEastern-Black.ttf', name='Noto Sans Syriac Eastern', style='normal', variant='normal', weight=900, stretch='normal', size='scalable')) = 10.525
2025-08-06 14:44:19,945 - DEBUG - findfont: score(FontEntry(fname='/usr/share/fonts/noto/NotoSansWancho-Regular.ttf', name='Noto Sans Wancho', style='normal', variant='normal', weight=400, stretch='normal', size='scalable')) = 10.05
2025-08-06 14:44:19,945 - DEBUG - findfont: score(FontEntry(fname='/usr/share/fonts/noto/NotoSansMalayalamUI-Medium.ttf', name='Noto Sans Malayalam UI', style='normal', variant='normal', weight=500, stretch='normal', size='scalable')) = 10.145
2025-08-06 14:44:19,945 - DEBUG - findfont: score(FontEntry(fname='/usr/share/fonts/noto/NotoSansTamil-Light.ttf', name='Noto Sans Tamil', style='normal', variant='normal', weight=300, stretch='normal', size='scalable')) = 10.145
2025-08-06 14:44:19,945 - DEBUG - findfont: score(FontEntry(fname='/usr/share/fonts/gsfonts/NimbusMonoPS-BoldItalic.otf', name='Nimbus Mono PS', style='italic', variant='normal', weight=700, stretch='normal', size='scalable')) = 11.335
2025-08-06 14:44:19,945 - DEBUG - findfont: score(FontEntry(fname='/usr/share/fonts/noto/NotoSansTamilUI-Black.ttf', name='Noto Sans Tamil UI', style='normal', variant='normal', weight=900, stretch='normal', size='scalable')) = 10.525
2025-08-06 14:44:19,945 - DEBUG - findfont: score(FontEntry(fname='/usr/share/fonts/noto/NotoSansGujarati-Regular.ttf', name='Noto Sans Gujarati', style='normal', variant='normal', weight=400, stretch='normal', size='scalable')) = 10.05
2025-08-06 14:44:19,945 - DEBUG - findfont: score(FontEntry(fname='/usr/share/fonts/noto/NotoSansArabicUI-Regular.ttf', name='Noto Sans Arabic UI', style='normal', variant='normal', weight=400, stretch='normal', size='scalable')) = 10.05
2025-08-06 14:44:19,945 - DEBUG - findfont: score(FontEntry(fname='/usr/share/fonts/noto/NotoSansNKo-Regular.ttf', name='Noto Sans NKo', style='normal', variant='normal', weight=400, stretch='normal', size='scalable')) = 10.05
2025-08-06 14:44:19,945 - DEBUG - findfont: score(FontEntry(fname='/usr/share/fonts/gnu-free/FreeSansBold.otf', name='FreeSans', style='normal', variant='normal', weight=600, stretch='normal', size='scalable')) = 10.24
2025-08-06 14:44:19,945 - DEBUG - findfont: score(FontEntry(fname='/usr/share/fonts/noto/NotoSansTifinaghAdrar-Regular.ttf', name='Noto Sans Tifinagh Adrar', style='normal', variant='normal', weight=400, stretch='normal', size='scalable')) = 10.05
2025-08-06 14:44:19,945 - DEBUG - findfont: score(FontEntry(fname='/usr/share/fonts/noto/NotoSansBamum-Medium.ttf', name='Noto Sans Bamum', style='normal', variant='normal', weight=500, stretch='normal', size='scalable')) = 10.145
2025-08-06 14:44:19,945 - DEBUG - findfont: score(FontEntry(fname='/usr/share/fonts/gnu-free/FreeSerifBold.otf', name='FreeSerif', style='normal', variant='normal', weight=700, stretch='normal', size='scalable')) = 10.335
2025-08-06 14:44:19,945 - DEBUG - findfont: score(FontEntry(fname='/usr/share/fonts/gsfonts/NimbusSansNarrow-Oblique.otf', name='Nimbus Sans Narrow', style='oblique', variant='normal', weight=400, stretch='condensed', size='scalable')) = 11.25
2025-08-06 14:44:19,945 - DEBUG - findfont: score(FontEntry(fname='/usr/share/fonts/noto/NotoSerifGujarati-Thin.ttf', name='Noto Serif Gujarati', style='normal', variant='normal', weight=100, stretch='normal', size='scalable')) = 10.335
2025-08-06 14:44:19,945 - DEBUG - findfont: score(FontEntry(fname='/usr/share/fonts/noto/NotoSansOlChiki-Bold.ttf', name='Noto Sans Ol Chiki', style='normal', variant='normal', weight=700, stretch='normal', size='scalable')) = 10.335
2025-08-06 14:44:19,946 - DEBUG - findfont: score(FontEntry(fname='/usr/share/fonts/noto/NotoSansNewTaiLue-Regular.ttf', name='Noto Sans New Tai Lue', style='normal', variant='normal', weight=400, stretch='normal', size='scalable')) = 10.05
2025-08-06 14:44:19,946 - DEBUG - findfont: Matching sans\-serif:style=normal:variant=normal:weight=normal:stretch=normal:size=12.0 to DejaVu Sans ('/home/simao/.pyenv/versions/.pcadc_venv/lib/python3.10/site-packages/matplotlib/mpl-data/fonts/ttf/DejaVuSans.ttf') with score of 2.050000.
2025-08-06 14:44:19,979 - DEBUG - findfont: Matching sans\-serif:style=normal:variant=normal:weight=normal:stretch=normal:size=11.0.
2025-08-06 14:44:19,979 - DEBUG - findfont: score(FontEntry(fname='/home/simao/.pyenv/versions/.pcadc_venv/lib/python3.10/site-packages/matplotlib/mpl-data/fonts/ttf/cmb10.ttf', name='cmb10', style='normal', variant='normal', weight=400, stretch='normal', size='scalable')) = 10.05
2025-08-06 14:44:19,979 - DEBUG - findfont: score(FontEntry(fname='/home/simao/.pyenv/versions/.pcadc_venv/lib/python3.10/site-packages/matplotlib/mpl-data/fonts/ttf/STIXSizTwoSymBol.ttf', name='STIXSizeTwoSym', style='normal', variant='normal', weight=700, stretch='normal', size='scalable')) = 10.335
2025-08-06 14:44:19,979 - DEBUG - findfont: score(FontEntry(fname='/home/simao/.pyenv/versions/.pcadc_venv/lib/python3.10/site-packages/matplotlib/mpl-data/fonts/ttf/DejaVuSerifDisplay.ttf', name='DejaVu Serif Display', style='normal', variant='normal', weight=400, stretch='normal', size='scalable')) = 10.05
2025-08-06 14:44:19,979 - DEBUG - findfont: score(FontEntry(fname='/home/simao/.pyenv/versions/.pcadc_venv/lib/python3.10/site-packages/matplotlib/mpl-data/fonts/ttf/STIXSizFourSymBol.ttf', name='STIXSizeFourSym', style='normal', variant='normal', weight=700, stretch='normal', size='scalable')) = 10.335
2025-08-06 14:44:19,979 - DEBUG - findfont: score(FontEntry(fname='/home/simao/.pyenv/versions/.pcadc_venv/lib/python3.10/site-packages/matplotlib/mpl-data/fonts/ttf/STIXGeneral.ttf', name='STIXGeneral', style='normal', variant='normal', weight=400, stretch='normal', size='scalable')) = 10.05
2025-08-06 14:44:19,979 - DEBUG - findfont: score(FontEntry(fname='/home/simao/.pyenv/versions/.pcadc_venv/lib/python3.10/site-packages/matplotlib/mpl-data/fonts/ttf/STIXSizFiveSymReg.ttf', name='STIXSizeFiveSym', style='normal', variant='normal', weight=400, stretch='normal', size='scalable')) = 10.05
2025-08-06 14:44:19,979 - DEBUG - findfont: score(FontEntry(fname='/home/simao/.pyenv/versions/.pcadc_venv/lib/python3.10/site-packages/matplotlib/mpl-data/fonts/ttf/cmsy10.ttf', name='cmsy10', style='normal', variant='normal', weight=400, stretch='normal', size='scalable')) = 10.05
2025-08-06 14:44:19,979 - DEBUG - findfont: score(FontEntry(fname='/home/simao/.pyenv/versions/.pcadc_venv/lib/python3.10/site-packages/matplotlib/mpl-data/fonts/ttf/DejaVuSerif.ttf', name='DejaVu Serif', style='normal', variant='normal', weight=400, stretch='normal', size='scalable')) = 10.05
2025-08-06 14:44:19,979 - DEBUG - findfont: score(FontEntry(fname='/home/simao/.pyenv/versions/.pcadc_venv/lib/python3.10/site-packages/matplotlib/mpl-data/fonts/ttf/STIXSizThreeSymBol.ttf', name='STIXSizeThreeSym', style='normal', variant='normal', weight=700, stretch='normal', size='scalable')) = 10.335
2025-08-06 14:44:19,980 - DEBUG - findfont: score(FontEntry(fname='/home/simao/.pyenv/versions/.pcadc_venv/lib/python3.10/site-packages/matplotlib/mpl-data/fonts/ttf/STIXGeneralBolIta.ttf', name='STIXGeneral', style='italic', variant='normal', weight=700, stretch='normal', size='scalable')) = 11.335
2025-08-06 14:44:19,980 - DEBUG - findfont: score(FontEntry(fname='/home/simao/.pyenv/versions/.pcadc_venv/lib/python3.10/site-packages/matplotlib/mpl-data/fonts/ttf/DejaVuSerif-Italic.ttf', name='DejaVu Serif', style='italic', variant='normal', weight=400, stretch='normal', size='scalable')) = 11.05
2025-08-06 14:44:19,980 - DEBUG - findfont: score(FontEntry(fname='/home/simao/.pyenv/versions/.pcadc_venv/lib/python3.10/site-packages/matplotlib/mpl-data/fonts/ttf/STIXNonUni.ttf', name='STIXNonUnicode', style='normal', variant='normal', weight=400, stretch='normal', size='scalable')) = 10.05
2025-08-06 14:44:19,980 - DEBUG - findfont: score(FontEntry(fname='/home/simao/.pyenv/versions/.pcadc_venv/lib/python3.10/site-packages/matplotlib/mpl-data/fonts/ttf/cmss10.ttf', name='cmss10', style='normal', variant='normal', weight=400, stretch='normal', size='scalable')) = 10.05
2025-08-06 14:44:19,980 - DEBUG - findfont: score(FontEntry(fname='/home/simao/.pyenv/versions/.pcadc_venv/lib/python3.10/site-packages/matplotlib/mpl-data/fonts/ttf/STIXSizTwoSymReg.ttf', name='STIXSizeTwoSym', style='normal', variant='normal', weight=400, stretch='normal', size='scalable')) = 10.05
2025-08-06 14:44:19,980 - DEBUG - findfont: score(FontEntry(fname='/home/simao/.pyenv/versions/.pcadc_venv/lib/python3.10/site-packages/matplotlib/mpl-data/fonts/ttf/cmmi10.ttf', name='cmmi10', style='normal', variant='normal', weight=400, stretch='normal', size='scalable')) = 10.05
2025-08-06 14:44:19,980 - DEBUG - findfont: score(FontEntry(fname='/home/simao/.pyenv/versions/.pcadc_venv/lib/python3.10/site-packages/matplotlib/mpl-data/fonts/ttf/DejaVuSansMono-Oblique.ttf', name='DejaVu Sans Mono', style='oblique', variant='normal', weight=400, stretch='normal', size='scalable')) = 11.05
2025-08-06 14:44:19,980 - DEBUG - findfont: score(FontEntry(fname='/home/simao/.pyenv/versions/.pcadc_venv/lib/python3.10/site-packages/matplotlib/mpl-data/fonts/ttf/DejaVuSansDisplay.ttf', name='DejaVu Sans Display', style='normal', variant='normal', weight=400, stretch='normal', size='scalable')) = 10.05
2025-08-06 14:44:19,980 - DEBUG - findfont: score(FontEntry(fname='/home/simao/.pyenv/versions/.pcadc_venv/lib/python3.10/site-packages/matplotlib/mpl-data/fonts/ttf/STIXGeneralBol.ttf', name='STIXGeneral', style='normal', variant='normal', weight=700, stretch='normal', size='scalable')) = 10.335
2025-08-06 14:44:19,980 - DEBUG - findfont: score(FontEntry(fname='/home/simao/.pyenv/versions/.pcadc_venv/lib/python3.10/site-packages/matplotlib/mpl-data/fonts/ttf/STIXNonUniIta.ttf', name='STIXNonUnicode', style='italic', variant='normal', weight=400, stretch='normal', size='scalable')) = 11.05
2025-08-06 14:44:19,980 - DEBUG - findfont: score(FontEntry(fname='/home/simao/.pyenv/versions/.pcadc_venv/lib/python3.10/site-packages/matplotlib/mpl-data/fonts/ttf/STIXGeneralItalic.ttf', name='STIXGeneral', style='italic', variant='normal', weight=400, stretch='normal', size='scalable')) = 11.05
2025-08-06 14:44:19,980 - DEBUG - findfont: score(FontEntry(fname='/home/simao/.pyenv/versions/.pcadc_venv/lib/python3.10/site-packages/matplotlib/mpl-data/fonts/ttf/STIXSizOneSymReg.ttf', name='STIXSizeOneSym', style='normal', variant='normal', weight=400, stretch='normal', size='scalable')) = 10.05
2025-08-06 14:44:19,980 - DEBUG - findfont: score(FontEntry(fname='/home/simao/.pyenv/versions/.pcadc_venv/lib/python3.10/site-packages/matplotlib/mpl-data/fonts/ttf/DejaVuSans-Oblique.ttf', name='DejaVu Sans', style='oblique', variant='normal', weight=400, stretch='normal', size='scalable')) = 3.05
2025-08-06 14:44:19,980 - DEBUG - findfont: score(FontEntry(fname='/home/simao/.pyenv/versions/.pcadc_venv/lib/python3.10/site-packages/matplotlib/mpl-data/fonts/ttf/STIXSizThreeSymReg.ttf', name='STIXSizeThreeSym', style='normal', variant='normal', weight=400, stretch='normal', size='scalable')) = 10.05
2025-08-06 14:44:19,980 - DEBUG - findfont: score(FontEntry(fname='/home/simao/.pyenv/versions/.pcadc_venv/lib/python3.10/site-packages/matplotlib/mpl-data/fonts/ttf/cmex10.ttf', name='cmex10', style='normal', variant='normal', weight=400, stretch='normal', size='scalable')) = 10.05
2025-08-06 14:44:19,980 - DEBUG - findfont: score(FontEntry(fname='/home/simao/.pyenv/versions/.pcadc_venv/lib/python3.10/site-packages/matplotlib/mpl-data/fonts/ttf/DejaVuSansMono-BoldOblique.ttf', name='DejaVu Sans Mono', style='oblique', variant='normal', weight=700, stretch='normal', size='scalable')) = 11.335
2025-08-06 14:44:19,980 - DEBUG - findfont: score(FontEntry(fname='/home/simao/.pyenv/versions/.pcadc_venv/lib/python3.10/site-packages/matplotlib/mpl-data/fonts/ttf/STIXSizOneSymBol.ttf', name='STIXSizeOneSym', style='normal', variant='normal', weight=700, stretch='normal', size='scalable')) = 10.335
2025-08-06 14:44:19,980 - DEBUG - findfont: score(FontEntry(fname='/home/simao/.pyenv/versions/.pcadc_venv/lib/python3.10/site-packages/matplotlib/mpl-data/fonts/ttf/DejaVuSerif-Bold.ttf', name='DejaVu Serif', style='normal', variant='normal', weight=700, stretch='normal', size='scalable')) = 10.335
2025-08-06 14:44:19,980 - DEBUG - findfont: score(FontEntry(fname='/home/simao/.pyenv/versions/.pcadc_venv/lib/python3.10/site-packages/matplotlib/mpl-data/fonts/ttf/DejaVuSansMono.ttf', name='DejaVu Sans Mono', style='normal', variant='normal', weight=400, stretch='normal', size='scalable')) = 10.05
2025-08-06 14:44:19,980 - DEBUG - findfont: score(FontEntry(fname='/home/simao/.pyenv/versions/.pcadc_venv/lib/python3.10/site-packages/matplotlib/mpl-data/fonts/ttf/cmr10.ttf', name='cmr10', style='normal', variant='normal', weight=400, stretch='normal', size='scalable')) = 10.05
2025-08-06 14:44:19,980 - DEBUG - findfont: score(FontEntry(fname='/home/simao/.pyenv/versions/.pcadc_venv/lib/python3.10/site-packages/matplotlib/mpl-data/fonts/ttf/STIXNonUniBol.ttf', name='STIXNonUnicode', style='normal', variant='normal', weight=700, stretch='normal', size='scalable')) = 10.335
2025-08-06 14:44:19,980 - DEBUG - findfont: score(FontEntry(fname='/home/simao/.pyenv/versions/.pcadc_venv/lib/python3.10/site-packages/matplotlib/mpl-data/fonts/ttf/DejaVuSerif-BoldItalic.ttf', name='DejaVu Serif', style='italic', variant='normal', weight=700, stretch='normal', size='scalable')) = 11.335
2025-08-06 14:44:19,980 - DEBUG - findfont: score(FontEntry(fname='/home/simao/.pyenv/versions/.pcadc_venv/lib/python3.10/site-packages/matplotlib/mpl-data/fonts/ttf/STIXNonUniBolIta.ttf', name='STIXNonUnicode', style='italic', variant='normal', weight=700, stretch='normal', size='scalable')) = 11.335
2025-08-06 14:44:19,980 - DEBUG - findfont: score(FontEntry(fname='/home/simao/.pyenv/versions/.pcadc_venv/lib/python3.10/site-packages/matplotlib/mpl-data/fonts/ttf/cmtt10.ttf', name='cmtt10', style='normal', variant='normal', weight=400, stretch='normal', size='scalable')) = 10.05
2025-08-06 14:44:19,980 - DEBUG - findfont: score(FontEntry(fname='/home/simao/.pyenv/versions/.pcadc_venv/lib/python3.10/site-packages/matplotlib/mpl-data/fonts/ttf/STIXSizFourSymReg.ttf', name='STIXSizeFourSym', style='normal', variant='normal', weight=400, stretch='normal', size='scalable')) = 10.05
2025-08-06 14:44:19,980 - DEBUG - findfont: score(FontEntry(fname='/home/simao/.pyenv/versions/.pcadc_venv/lib/python3.10/site-packages/matplotlib/mpl-data/fonts/ttf/DejaVuSansMono-Bold.ttf', name='DejaVu Sans Mono', style='normal', variant='normal', weight=700, stretch='normal', size='scalable')) = 10.335
2025-08-06 14:44:19,980 - DEBUG - findfont: score(FontEntry(fname='/home/simao/.pyenv/versions/.pcadc_venv/lib/python3.10/site-packages/matplotlib/mpl-data/fonts/ttf/DejaVuSans-BoldOblique.ttf', name='DejaVu Sans', style='oblique', variant='normal', weight=700, stretch='normal', size='scalable')) = 3.335
2025-08-06 14:44:19,981 - DEBUG - findfont: score(FontEntry(fname='/home/simao/.pyenv/versions/.pcadc_venv/lib/python3.10/site-packages/matplotlib/mpl-data/fonts/ttf/DejaVuSans.ttf', name='DejaVu Sans', style='normal', variant='normal', weight=400, stretch='normal', size='scalable')) = 2.05
2025-08-06 14:44:19,981 - DEBUG - findfont: score(FontEntry(fname='/home/simao/.pyenv/versions/.pcadc_venv/lib/python3.10/site-packages/matplotlib/mpl-data/fonts/ttf/DejaVuSans-Bold.ttf', name='DejaVu Sans', style='normal', variant='normal', weight=700, stretch='normal', size='scalable')) = 2.335
2025-08-06 14:44:19,981 - DEBUG - findfont: score(FontEntry(fname='/usr/share/fonts/noto/NotoSerifGeorgian-Thin.ttf', name='Noto Serif Georgian', style='normal', variant='normal', weight=100, stretch='normal', size='scalable')) = 10.335
2025-08-06 14:44:19,981 - DEBUG - findfont: score(FontEntry(fname='/usr/share/fonts/noto/NotoSerifGeorgian-Medium.ttf', name='Noto Serif Georgian', style='normal', variant='normal', weight=500, stretch='normal', size='scalable')) = 10.145
2025-08-06 14:44:19,981 - DEBUG - findfont: score(FontEntry(fname='/usr/share/fonts/noto/NotoSansGurmukhiUI-Thin.ttf', name='Noto Sans Gurmukhi UI', style='normal', variant='normal', weight=100, stretch='normal', size='scalable')) = 10.335
2025-08-06 14:44:19,981 - DEBUG - findfont: score(FontEntry(fname='/usr/share/fonts/noto/NotoSerifTamil-BoldItalic.ttf', name='Noto Serif Tamil', style='italic', variant='normal', weight=700, stretch='normal', size='scalable')) = 11.335
2025-08-06 14:44:19,981 - DEBUG - findfont: score(FontEntry(fname='/usr/share/fonts/noto/NotoSansTifinaghAhaggar-Regular.ttf', name='Noto Sans Tifinagh Ahaggar', style='normal', variant='normal', weight=400, stretch='normal', size='scalable')) = 10.05
2025-08-06 14:44:19,981 - DEBUG - findfont: score(FontEntry(fname='/usr/share/fonts/noto/NotoSerifMyanmar-Light.ttf', name='Noto Serif Myanmar', style='normal', variant='normal', weight=300, stretch='normal', size='scalable')) = 10.145
2025-08-06 14:44:19,981 - DEBUG - findfont: score(FontEntry(fname='/usr/share/fonts/noto/NotoSansGurmukhiUI-Black.ttf', name='Noto Sans Gurmukhi UI', style='normal', variant='normal', weight=900, stretch='normal', size='scalable')) = 10.525
2025-08-06 14:44:19,981 - DEBUG - findfont: score(FontEntry(fname='/usr/share/fonts/noto/NotoKufiArabic-Black.ttf', name='Noto Kufi Arabic', style='normal', variant='normal', weight=900, stretch='normal', size='scalable')) = 10.525
2025-08-06 14:44:19,981 - DEBUG - findfont: score(FontEntry(fname='/usr/share/fonts/noto/NotoSansKawi-Bold.ttf', name='Noto Sans Kawi', style='normal', variant='normal', weight=700, stretch='normal', size='scalable')) = 10.335
2025-08-06 14:44:19,981 - DEBUG - findfont: score(FontEntry(fname='/usr/share/fonts/gsfonts/URWBookman-Light.otf', name='URW Bookman', style='normal', variant='normal', weight=300, stretch='normal', size='scalable')) = 10.145
2025-08-06 14:44:19,981 - DEBUG - findfont: score(FontEntry(fname='/usr/share/fonts/noto/NotoSerifDisplay-LightItalic.ttf', name='Noto Serif Display', style='italic', variant='normal', weight=300, stretch='normal', size='scalable')) = 11.145
2025-08-06 14:44:19,981 - DEBUG - findfont: score(FontEntry(fname='/usr/share/fonts/noto/NotoSansMalayalamUI-Black.ttf', name='Noto Sans Malayalam UI', style='normal', variant='normal', weight=900, stretch='normal', size='scalable')) = 10.525
2025-08-06 14:44:19,981 - DEBUG - findfont: score(FontEntry(fname='/usr/share/fonts/noto/NotoSansCyproMinoan-Regular.ttf', name='Noto Sans Cypro Minoan', style='normal', variant='normal', weight=400, stretch='normal', size='scalable')) = 10.05
2025-08-06 14:44:19,981 - DEBUG - findfont: score(FontEntry(fname='/usr/share/fonts/noto/NotoSansKannadaUI-Bold.ttf', name='Noto Sans Kannada UI', style='normal', variant='normal', weight=700, stretch='normal', size='scalable')) = 10.335
2025-08-06 14:44:19,981 - DEBUG - findfont: score(FontEntry(fname='/usr/share/fonts/noto/NotoSerifTamil-Regular.ttf', name='Noto Serif Tamil', style='normal', variant='normal', weight=400, stretch='normal', size='scalable')) = 10.05
2025-08-06 14:44:19,981 - DEBUG - findfont: score(FontEntry(fname='/usr/share/fonts/noto/NotoSansMalayalamUI-Thin.ttf', name='Noto Sans Malayalam UI', style='normal', variant='normal', weight=100, stretch='normal', size='scalable')) = 10.335
2025-08-06 14:44:19,981 - DEBUG - findfont: score(FontEntry(fname='/usr/share/fonts/noto/NotoSansCanadianAboriginal-Thin.ttf', name='Noto Sans Canadian Aboriginal', style='normal', variant='normal', weight=100, stretch='normal', size='scalable')) = 10.335
2025-08-06 14:44:19,981 - DEBUG - findfont: score(FontEntry(fname='/usr/share/fonts/gnu-free/FreeSansOblique.otf', name='FreeSans', style='oblique', variant='normal', weight=400, stretch='normal', size='scalable')) = 11.05
2025-08-06 14:44:19,981 - DEBUG - findfont: score(FontEntry(fname='/usr/share/fonts/noto/NotoSansHebrew-Bold.ttf', name='Noto Sans Hebrew', style='normal', variant='normal', weight=700, stretch='normal', size='scalable')) = 10.335
2025-08-06 14:44:19,981 - DEBUG - findfont: score(FontEntry(fname='/usr/share/fonts/noto/NotoTraditionalNushu-Bold.ttf', name='Noto Traditional Nushu', style='normal', variant='normal', weight=700, stretch='normal', size='scalable')) = 10.335
2025-08-06 14:44:19,981 - DEBUG - findfont: score(FontEntry(fname='/usr/share/fonts/gsfonts/URWGothic-DemiOblique.otf', name='URW Gothic', style='oblique', variant='normal', weight=600, stretch='normal', size='scalable')) = 11.24
2025-08-06 14:44:19,981 - DEBUG - findfont: score(FontEntry(fname='/usr/share/fonts/noto/NotoSansOldItalic-Regular.ttf', name='Noto Sans Old Italic', style='italic', variant='normal', weight=400, stretch='normal', size='scalable')) = 11.05
2025-08-06 14:44:19,981 - DEBUG - findfont: score(FontEntry(fname='/usr/share/fonts/noto/NotoNaskhArabic-Regular.ttf', name='Noto Naskh Arabic', style='normal', variant='normal', weight=400, stretch='normal', size='scalable')) = 10.05
2025-08-06 14:44:19,981 - DEBUG - findfont: score(FontEntry(fname='/usr/share/fonts/noto/NotoSansSunuwar-Regular.ttf', name='Noto Sans Sunuwar', style='normal', variant='normal', weight=400, stretch='normal', size='scalable')) = 10.05
2025-08-06 14:44:19,981 - DEBUG - findfont: score(FontEntry(fname='/usr/share/fonts/TTF/DejaVuSans-Bold.ttf', name='DejaVu Sans', style='normal', variant='normal', weight=700, stretch='normal', size='scalable')) = 2.335
2025-08-06 14:44:19,981 - DEBUG - findfont: score(FontEntry(fname='/usr/share/fonts/noto/NotoSansEthiopic-Black.ttf', name='Noto Sans Ethiopic', style='normal', variant='normal', weight=900, stretch='normal', size='scalable')) = 10.525
2025-08-06 14:44:19,982 - DEBUG - findfont: score(FontEntry(fname='/usr/share/fonts/noto/NotoSansArmenian-Thin.ttf', name='Noto Sans Armenian', style='normal', variant='normal', weight=100, stretch='normal', size='scalable')) = 10.335
2025-08-06 14:44:19,982 - DEBUG - findfont: score(FontEntry(fname='/usr/share/fonts/TTF/DejaVuMathTeXGyre.ttf', name='DejaVu Math TeX Gyre', style='normal', variant='normal', weight=400, stretch='normal', size='scalable')) = 10.05
2025-08-06 14:44:19,982 - DEBUG - findfont: score(FontEntry(fname='/usr/share/fonts/noto/NotoSansDevanagariUI-Medium.ttf', name='Noto Sans Devanagari UI', style='normal', variant='normal', weight=500, stretch='normal', size='scalable')) = 10.145
2025-08-06 14:44:19,982 - DEBUG - findfont: score(FontEntry(fname='/usr/share/fonts/noto/NotoSansSinhala-Bold.ttf', name='Noto Sans Sinhala', style='normal', variant='normal', weight=700, stretch='normal', size='scalable')) = 10.335
2025-08-06 14:44:19,982 - DEBUG - findfont: score(FontEntry(fname='/usr/share/fonts/noto/NotoSansThaiLooped-Bold.ttf', name='Noto Sans Thai Looped', style='normal', variant='normal', weight=700, stretch='normal', size='scalable')) = 10.335
2025-08-06 14:44:19,982 - DEBUG - findfont: score(FontEntry(fname='/usr/share/fonts/TTF/DejaVuSerifCondensed-Italic.ttf', name='DejaVu Serif', style='italic', variant='normal', weight=400, stretch='condensed', size='scalable')) = 11.25
2025-08-06 14:44:19,982 - DEBUG - findfont: score(FontEntry(fname='/usr/share/fonts/noto/NotoSansSyriacWestern-Regular.ttf', name='Noto Sans Syriac Western', style='normal', variant='normal', weight=400, stretch='normal', size='scalable')) = 10.05
2025-08-06 14:44:19,982 - DEBUG - findfont: score(FontEntry(fname='/usr/share/fonts/gsfonts/NimbusSans-Regular.otf', name='Nimbus Sans', style='normal', variant='normal', weight=400, stretch='normal', size='scalable')) = 10.05
2025-08-06 14:44:19,982 - DEBUG - findfont: score(FontEntry(fname='/usr/share/fonts/noto/NotoSansElymaic-Regular.ttf', name='Noto Sans Elymaic', style='normal', variant='normal', weight=400, stretch='normal', size='scalable')) = 10.05
2025-08-06 14:44:19,982 - DEBUG - findfont: score(FontEntry(fname='/usr/share/fonts/noto/NotoSerifOttomanSiyaq-Regular.ttf', name='Noto Serif Ottoman Siyaq', style='normal', variant='normal', weight=400, stretch='normal', size='scalable')) = 10.05
2025-08-06 14:44:19,982 - DEBUG - findfont: score(FontEntry(fname='/usr/share/fonts/TTF/Hack-BoldItalic.ttf', name='Hack', style='italic', variant='normal', weight=700, stretch='normal', size='scalable')) = 11.335
2025-08-06 14:44:19,982 - DEBUG - findfont: score(FontEntry(fname='/usr/share/fonts/Adwaita/AdwaitaMono-BoldItalic.ttf', name='Adwaita Mono', style='italic', variant='normal', weight=700, stretch='normal', size='scalable')) = 11.335
2025-08-06 14:44:19,982 - DEBUG - findfont: score(FontEntry(fname='/usr/share/fonts/noto/NotoSansCherokee-Medium.ttf', name='Noto Sans Cherokee', style='normal', variant='normal', weight=500, stretch='normal', size='scalable')) = 10.145
2025-08-06 14:44:19,982 - DEBUG - findfont: score(FontEntry(fname='/usr/share/fonts/gsfonts/NimbusRoman-Regular.otf', name='Nimbus Roman', style='normal', variant='normal', weight=400, stretch='normal', size='scalable')) = 10.05
2025-08-06 14:44:19,982 - DEBUG - findfont: score(FontEntry(fname='/usr/share/fonts/noto/NotoSansSymbols-Light.ttf', name='Noto Sans Symbols', style='normal', variant='normal', weight=300, stretch='normal', size='scalable')) = 10.145
2025-08-06 14:44:19,982 - DEBUG - findfont: score(FontEntry(fname='/usr/share/fonts/noto/NotoSansHanunoo-Regular.ttf', name='Noto Sans Hanunoo', style='normal', variant='normal', weight=400, stretch='normal', size='scalable')) = 10.05
2025-08-06 14:44:19,982 - DEBUG - findfont: score(FontEntry(fname='/usr/share/fonts/noto/NotoSansOgham-Regular.ttf', name='Noto Sans Ogham', style='normal', variant='normal', weight=400, stretch='normal', size='scalable')) = 10.05
2025-08-06 14:44:19,982 - DEBUG - findfont: score(FontEntry(fname='/usr/share/fonts/noto/NotoSansSamaritan-Regular.ttf', name='Noto Sans Samaritan', style='normal', variant='normal', weight=400, stretch='normal', size='scalable')) = 10.05
2025-08-06 14:44:19,982 - DEBUG - findfont: score(FontEntry(fname='/usr/share/fonts/TTF/DejaVuSerif.ttf', name='DejaVu Serif', style='normal', variant='normal', weight=400, stretch='normal', size='scalable')) = 10.05
2025-08-06 14:44:19,982 - DEBUG - findfont: score(FontEntry(fname='/usr/share/fonts/noto/NotoSansBengaliUI-Regular.ttf', name='Noto Sans Bengali UI', style='normal', variant='normal', weight=400, stretch='normal', size='scalable')) = 10.05
2025-08-06 14:44:19,982 - DEBUG - findfont: score(FontEntry(fname='/usr/share/fonts/noto/NotoNaskhArabic-Medium.ttf', name='Noto Naskh Arabic', style='normal', variant='normal', weight=500, stretch='normal', size='scalable')) = 10.145
2025-08-06 14:44:19,982 - DEBUG - findfont: score(FontEntry(fname='/usr/share/fonts/noto/NotoSansBengali-Thin.ttf', name='Noto Sans Bengali', style='normal', variant='normal', weight=100, stretch='normal', size='scalable')) = 10.335
2025-08-06 14:44:19,982 - DEBUG - findfont: score(FontEntry(fname='/usr/share/fonts/noto/NotoSansKannadaUI-Regular.ttf', name='Noto Sans Kannada UI', style='normal', variant='normal', weight=400, stretch='normal', size='scalable')) = 10.05
2025-08-06 14:44:19,982 - DEBUG - findfont: score(FontEntry(fname='/usr/share/fonts/noto/NotoSansLaoLooped-Medium.ttf', name='Noto Sans Lao Looped', style='normal', variant='normal', weight=500, stretch='normal', size='scalable')) = 10.145
2025-08-06 14:44:19,982 - DEBUG - findfont: score(FontEntry(fname='/usr/share/fonts/noto/NotoSansArabic-Medium.ttf', name='Noto Sans Arabic', style='normal', variant='normal', weight=500, stretch='normal', size='scalable')) = 10.145
2025-08-06 14:44:19,982 - DEBUG - findfont: score(FontEntry(fname='/usr/share/fonts/noto/NotoSerifArmenian-Thin.ttf', name='Noto Serif Armenian', style='normal', variant='normal', weight=100, stretch='normal', size='scalable')) = 10.335
2025-08-06 14:44:19,982 - DEBUG - findfont: score(FontEntry(fname='/usr/share/fonts/Adwaita/AdwaitaMono-Italic.ttf', name='Adwaita Mono', style='italic', variant='normal', weight=400, stretch='normal', size='scalable')) = 11.05
2025-08-06 14:44:19,982 - DEBUG - findfont: score(FontEntry(fname='/usr/share/fonts/noto/NotoSansManichaean-Regular.ttf', name='Noto Sans Manichaean', style='normal', variant='normal', weight=400, stretch='normal', size='scalable')) = 10.05
2025-08-06 14:44:19,982 - DEBUG - findfont: score(FontEntry(fname='/usr/share/fonts/noto/NotoSansTifinaghAgrawImazighen-Regular.ttf', name='Noto Sans Tifinagh Agraw Imazighen', style='normal', variant='normal', weight=400, stretch='normal', size='scalable')) = 10.05
2025-08-06 14:44:19,983 - DEBUG - findfont: score(FontEntry(fname='/usr/share/fonts/noto/NotoSansBengaliUI-Thin.ttf', name='Noto Sans Bengali UI', style='normal', variant='normal', weight=100, stretch='normal', size='scalable')) = 10.335
2025-08-06 14:44:19,983 - DEBUG - findfont: score(FontEntry(fname='/usr/share/fonts/gnu-free/FreeSerif.otf', name='FreeSerif', style='normal', variant='normal', weight=400, stretch='normal', size='scalable')) = 10.05
2025-08-06 14:44:19,983 - DEBUG - findfont: score(FontEntry(fname='/usr/share/fonts/noto/NotoSansGunjalaGondi-Bold.ttf', name='Noto Sans Gunjala Gondi', style='normal', variant='normal', weight=700, stretch='normal', size='scalable')) = 10.335
2025-08-06 14:44:19,983 - DEBUG - findfont: score(FontEntry(fname='/usr/share/fonts/noto/NotoSansSundanese-Regular.ttf', name='Noto Sans Sundanese', style='normal', variant='normal', weight=400, stretch='normal', size='scalable')) = 10.05
2025-08-06 14:44:19,983 - DEBUG - findfont: score(FontEntry(fname='/usr/share/fonts/noto/NotoSansTangsa-Bold.ttf', name='Noto Sans Tangsa', style='normal', variant='normal', weight=700, stretch='normal', size='scalable')) = 10.335
2025-08-06 14:44:19,983 - DEBUG - findfont: score(FontEntry(fname='/usr/share/fonts/noto/NotoSansKayahLi-Medium.ttf', name='Noto Sans Kayah Li', style='normal', variant='normal', weight=500, stretch='normal', size='scalable')) = 10.145
2025-08-06 14:44:19,983 - DEBUG - findfont: score(FontEntry(fname='/usr/share/fonts/noto/NotoSansMalayalamUI-Bold.ttf', name='Noto Sans Malayalam UI', style='normal', variant='normal', weight=700, stretch='normal', size='scalable')) = 10.335
2025-08-06 14:44:19,983 - DEBUG - findfont: score(FontEntry(fname='/usr/share/fonts/noto/NotoSansBengali-Medium.ttf', name='Noto Sans Bengali', style='normal', variant='normal', weight=500, stretch='normal', size='scalable')) = 10.145
2025-08-06 14:44:19,983 - DEBUG - findfont: score(FontEntry(fname='/usr/share/fonts/noto/NotoSerifKhmer-Bold.ttf', name='Noto Serif Khmer', style='normal', variant='normal', weight=700, stretch='normal', size='scalable')) = 10.335
2025-08-06 14:44:19,983 - DEBUG - findfont: score(FontEntry(fname='/usr/share/fonts/noto/NotoSansEthiopic-Light.ttf', name='Noto Sans Ethiopic', style='normal', variant='normal', weight=300, stretch='normal', size='scalable')) = 10.145
2025-08-06 14:44:19,983 - DEBUG - findfont: score(FontEntry(fname='/usr/share/fonts/noto/NotoSansHanifiRohingya-Regular.ttf', name='Noto Sans Hanifi Rohingya', style='normal', variant='normal', weight=400, stretch='normal', size='scalable')) = 10.05
2025-08-06 14:44:19,983 - DEBUG - findfont: score(FontEntry(fname='/usr/share/fonts/noto/NotoSansTaiTham-Bold.ttf', name='Noto Sans Tai Tham', style='normal', variant='normal', weight=700, stretch='normal', size='scalable')) = 10.335
2025-08-06 14:44:19,983 - DEBUG - findfont: score(FontEntry(fname='/usr/share/fonts/noto/NotoSerifBengali-Light.ttf', name='Noto Serif Bengali', style='normal', variant='normal', weight=300, stretch='normal', size='scalable')) = 10.145
2025-08-06 14:44:19,983 - DEBUG - findfont: score(FontEntry(fname='/usr/share/fonts/TTF/DejaVuSans.ttf', name='DejaVu Sans', style='normal', variant='normal', weight=400, stretch='normal', size='scalable')) = 2.05
2025-08-06 14:44:19,983 - DEBUG - findfont: score(FontEntry(fname='/usr/share/fonts/noto/NotoSansKawi-Regular.ttf', name='Noto Sans Kawi', style='normal', variant='normal', weight=400, stretch='normal', size='scalable')) = 10.05
2025-08-06 14:44:19,983 - DEBUG - findfont: score(FontEntry(fname='/usr/share/fonts/noto/NotoSansKannadaUI-Light.ttf', name='Noto Sans Kannada UI', style='normal', variant='normal', weight=300, stretch='normal', size='scalable')) = 10.145
2025-08-06 14:44:19,983 - DEBUG - findfont: score(FontEntry(fname='/usr/share/fonts/noto/NotoSerifVithkuqi-Regular.ttf', name='Noto Serif Vithkuqi', style='normal', variant='normal', weight=400, stretch='normal', size='scalable')) = 10.05
2025-08-06 14:44:19,983 - DEBUG - findfont: score(FontEntry(fname='/usr/share/fonts/gsfonts/NimbusRoman-Bold.otf', name='Nimbus Roman', style='normal', variant='normal', weight=700, stretch='normal', size='scalable')) = 10.335
2025-08-06 14:44:19,983 - DEBUG - findfont: score(FontEntry(fname='/usr/share/fonts/noto/NotoSansCypriot-Regular.ttf', name='Noto Sans Cypriot', style='normal', variant='normal', weight=400, stretch='normal', size='scalable')) = 10.05
2025-08-06 14:44:19,983 - DEBUG - findfont: score(FontEntry(fname='/usr/share/fonts/noto/NotoSansGujaratiUI-Black.ttf', name='Noto Sans Gujarati UI', style='normal', variant='normal', weight=900, stretch='normal', size='scalable')) = 10.525
2025-08-06 14:44:19,983 - DEBUG - findfont: score(FontEntry(fname='/usr/share/fonts/noto/NotoSansAdlamUnjoined-Bold.ttf', name='Noto Sans Adlam Unjoined', style='normal', variant='normal', weight=700, stretch='normal', size='scalable')) = 10.335
2025-08-06 14:44:19,983 - DEBUG - findfont: score(FontEntry(fname='/usr/share/fonts/gsfonts/NimbusSans-Bold.otf', name='Nimbus Sans', style='normal', variant='normal', weight=700, stretch='normal', size='scalable')) = 10.335
2025-08-06 14:44:19,983 - DEBUG - findfont: score(FontEntry(fname='/usr/share/fonts/noto/NotoSerifDisplay-Regular.ttf', name='Noto Serif Display', style='normal', variant='normal', weight=400, stretch='normal', size='scalable')) = 10.05
2025-08-06 14:44:19,983 - DEBUG - findfont: score(FontEntry(fname='/usr/share/fonts/noto/NotoSansKhmer-Medium.ttf', name='Noto Sans Khmer', style='normal', variant='normal', weight=500, stretch='normal', size='scalable')) = 10.145
2025-08-06 14:44:19,983 - DEBUG - findfont: score(FontEntry(fname='/usr/share/fonts/noto/NotoSerifGurmukhi-Regular.ttf', name='Noto Serif Gurmukhi', style='normal', variant='normal', weight=400, stretch='normal', size='scalable')) = 10.05
2025-08-06 14:44:19,983 - DEBUG - findfont: score(FontEntry(fname='/usr/share/fonts/kanjistrokeorders/KanjiStrokeOrders.ttf', name='KanjiStrokeOrders', style='normal', variant='normal', weight=500, stretch='normal', size='scalable')) = 10.145
2025-08-06 14:44:19,983 - DEBUG - findfont: score(FontEntry(fname='/usr/share/fonts/noto/NotoSansModi-Regular.ttf', name='Noto Sans Modi', style='normal', variant='normal', weight=400, stretch='normal', size='scalable')) = 10.05
2025-08-06 14:44:19,983 - DEBUG - findfont: score(FontEntry(fname='/usr/share/fonts/noto/NotoSansPahawhHmong-Regular.ttf', name='Noto Sans Pahawh Hmong', style='normal', variant='normal', weight=400, stretch='normal', size='scalable')) = 10.05
2025-08-06 14:44:19,984 - DEBUG - findfont: score(FontEntry(fname='/usr/share/fonts/noto/NotoSerifDevanagari-Bold.ttf', name='Noto Serif Devanagari', style='normal', variant='normal', weight=700, stretch='normal', size='scalable')) = 10.335
2025-08-06 14:44:19,984 - DEBUG - findfont: score(FontEntry(fname='/usr/share/fonts/noto/NotoSansInscriptionalPahlavi-Regular.ttf', name='Noto Sans Inscriptional Pahlavi', style='normal', variant='normal', weight=400, stretch='normal', size='scalable')) = 10.05
2025-08-06 14:44:19,984 - DEBUG - findfont: score(FontEntry(fname='/usr/share/fonts/noto/NotoNaskhArabicUI-Bold.ttf', name='Noto Naskh Arabic UI', style='normal', variant='normal', weight=700, stretch='normal', size='scalable')) = 10.335
2025-08-06 14:44:19,984 - DEBUG - findfont: score(FontEntry(fname='/usr/share/fonts/noto/NotoSansPhoenician-Regular.ttf', name='Noto Sans Phoenician', style='normal', variant='normal', weight=400, stretch='normal', size='scalable')) = 10.05
2025-08-06 14:44:19,984 - DEBUG - findfont: score(FontEntry(fname='/usr/share/fonts/noto/NotoSansOlChiki-Medium.ttf', name='Noto Sans Ol Chiki', style='normal', variant='normal', weight=500, stretch='normal', size='scalable')) = 10.145
2025-08-06 14:44:19,984 - DEBUG - findfont: score(FontEntry(fname='/usr/share/fonts/noto/NotoSerifTibetan-Light.ttf', name='Noto Serif Tibetan', style='normal', variant='normal', weight=300, stretch='normal', size='scalable')) = 10.145
2025-08-06 14:44:19,984 - DEBUG - findfont: score(FontEntry(fname='/usr/share/fonts/gnu-free/FreeMonoBold.otf', name='FreeMono', style='normal', variant='normal', weight=700, stretch='normal', size='scalable')) = 10.335
2025-08-06 14:44:19,984 - DEBUG - findfont: score(FontEntry(fname='/usr/share/fonts/gsfonts/URWGothic-Book.otf', name='URW Gothic', style='normal', variant='normal', weight=400, stretch='normal', size='scalable')) = 10.05
2025-08-06 14:44:19,984 - DEBUG - findfont: score(FontEntry(fname='/usr/share/fonts/noto/NotoSansWarangCiti-Regular.ttf', name='Noto Sans Warang Citi', style='normal', variant='normal', weight=400, stretch='normal', size='scalable')) = 10.05
2025-08-06 14:44:19,984 - DEBUG - findfont: score(FontEntry(fname='/usr/share/fonts/noto/NotoSansMalayalam-Light.ttf', name='Noto Sans Malayalam', style='normal', variant='normal', weight=300, stretch='normal', size='scalable')) = 10.145
2025-08-06 14:44:19,984 - DEBUG - findfont: score(FontEntry(fname='/usr/share/fonts/noto/NotoSerifTelugu-Medium.ttf', name='Noto Serif Telugu', style='normal', variant='normal', weight=500, stretch='normal', size='scalable')) = 10.145
2025-08-06 14:44:19,984 - DEBUG - findfont: score(FontEntry(fname='/usr/share/fonts/noto/NotoSansTelugu-Regular.ttf', name='Noto Sans Telugu', style='normal', variant='normal', weight=400, stretch='normal', size='scalable')) = 10.05
2025-08-06 14:44:19,984 - DEBUG - findfont: score(FontEntry(fname='/usr/share/fonts/noto/NotoSansMalayalam-Regular.ttf', name='Noto Sans Malayalam', style='normal', variant='normal', weight=400, stretch='normal', size='scalable')) = 10.05
2025-08-06 14:44:19,984 - DEBUG - findfont: score(FontEntry(fname='/usr/share/fonts/noto/NotoSerifEthiopic-Bold.ttf', name='Noto Serif Ethiopic', style='normal', variant='normal', weight=700, stretch='normal', size='scalable')) = 10.335
2025-08-06 14:44:19,984 - DEBUG - findfont: score(FontEntry(fname='/usr/share/fonts/noto/NotoSansBalinese-Regular.ttf', name='Noto Sans Balinese', style='normal', variant='normal', weight=400, stretch='normal', size='scalable')) = 10.05
2025-08-06 14:44:19,984 - DEBUG - findfont: score(FontEntry(fname='/usr/share/fonts/noto/NotoTraditionalNushu-Light.ttf', name='Noto Traditional Nushu', style='normal', variant='normal', weight=300, stretch='normal', size='scalable')) = 10.145
2025-08-06 14:44:19,984 - DEBUG - findfont: score(FontEntry(fname='/usr/share/fonts/noto/NotoSansTifinaghGhat-Regular.ttf', name='Noto Sans Tifinagh Ghat', style='normal', variant='normal', weight=400, stretch='normal', size='scalable')) = 10.05
2025-08-06 14:44:19,984 - DEBUG - findfont: score(FontEntry(fname='/usr/share/fonts/noto/NotoSansArabicUI-Black.ttf', name='Noto Sans Arabic UI', style='normal', variant='normal', weight=900, stretch='normal', size='scalable')) = 10.525
2025-08-06 14:44:19,984 - DEBUG - findfont: score(FontEntry(fname='/usr/share/fonts/noto/NotoSansAdlam-Regular.ttf', name='Noto Sans Adlam', style='normal', variant='normal', weight=400, stretch='normal', size='scalable')) = 10.05
2025-08-06 14:44:19,984 - DEBUG - findfont: score(FontEntry(fname='/usr/share/fonts/noto/NotoSansTangsa-Regular.ttf', name='Noto Sans Tangsa', style='normal', variant='normal', weight=400, stretch='normal', size='scalable')) = 10.05
2025-08-06 14:44:19,984 - DEBUG - findfont: score(FontEntry(fname='/usr/share/fonts/noto/NotoSerifMakasar-Regular.ttf', name='Noto Serif Makasar', style='normal', variant='normal', weight=400, stretch='normal', size='scalable')) = 10.05
2025-08-06 14:44:19,984 - DEBUG - findfont: score(FontEntry(fname='/usr/share/fonts/noto/NotoSansKayahLi-Regular.ttf', name='Noto Sans Kayah Li', style='normal', variant='normal', weight=400, stretch='normal', size='scalable')) = 10.05
2025-08-06 14:44:19,984 - DEBUG - findfont: score(FontEntry(fname='/usr/share/fonts/noto/NotoSansNKoUnjoined-Regular.ttf', name='Noto Sans NKo Unjoined', style='normal', variant='normal', weight=400, stretch='normal', size='scalable')) = 10.05
2025-08-06 14:44:19,984 - DEBUG - findfont: score(FontEntry(fname='/usr/share/fonts/noto/NotoSansKannada-Medium.ttf', name='Noto Sans Kannada', style='normal', variant='normal', weight=500, stretch='normal', size='scalable')) = 10.145
2025-08-06 14:44:19,984 - DEBUG - findfont: score(FontEntry(fname='/usr/share/fonts/noto/NotoNaskhArabicUI-Medium.ttf', name='Noto Naskh Arabic UI', style='normal', variant='normal', weight=500, stretch='normal', size='scalable')) = 10.145
2025-08-06 14:44:19,984 - DEBUG - findfont: score(FontEntry(fname='/usr/share/fonts/noto/NotoSerifHebrew-Light.ttf', name='Noto Serif Hebrew', style='normal', variant='normal', weight=300, stretch='normal', size='scalable')) = 10.145
2025-08-06 14:44:19,984 - DEBUG - findfont: score(FontEntry(fname='/usr/share/fonts/noto/NotoSerifGurmukhi-Black.ttf', name='Noto Serif Gurmukhi', style='normal', variant='normal', weight=900, stretch='normal', size='scalable')) = 10.525
2025-08-06 14:44:19,984 - DEBUG - findfont: score(FontEntry(fname='/usr/share/fonts/noto/NotoSansEthiopic-Medium.ttf', name='Noto Sans Ethiopic', style='normal', variant='normal', weight=500, stretch='normal', size='scalable')) = 10.145
2025-08-06 14:44:19,984 - DEBUG - findfont: score(FontEntry(fname='/usr/share/fonts/noto/NotoSansSinhala-Light.ttf', name='Noto Sans Sinhala', style='normal', variant='normal', weight=300, stretch='normal', size='scalable')) = 10.145
2025-08-06 14:44:19,985 - DEBUG - findfont: score(FontEntry(fname='/usr/share/fonts/TTF/DejaVuSansCondensed.ttf', name='DejaVu Sans', style='normal', variant='normal', weight=400, stretch='condensed', size='scalable')) = 2.25
2025-08-06 14:44:19,985 - DEBUG - findfont: score(FontEntry(fname='/usr/share/fonts/noto/NotoSerifGurmukhi-Bold.ttf', name='Noto Serif Gurmukhi', style='normal', variant='normal', weight=700, stretch='normal', size='scalable')) = 10.335
2025-08-06 14:44:19,985 - DEBUG - findfont: score(FontEntry(fname='/usr/share/fonts/noto/NotoSansElbasan-Regular.ttf', name='Noto Sans Elbasan', style='normal', variant='normal', weight=400, stretch='normal', size='scalable')) = 10.05
2025-08-06 14:44:19,985 - DEBUG - findfont: score(FontEntry(fname='/usr/share/fonts/noto/NotoSerifTamil-Light.ttf', name='Noto Serif Tamil', style='normal', variant='normal', weight=300, stretch='normal', size='scalable')) = 10.145
2025-08-06 14:44:19,985 - DEBUG - findfont: score(FontEntry(fname='/usr/share/fonts/noto/NotoSansPsalterPahlavi-Regular.ttf', name='Noto Sans Psalter Pahlavi', style='normal', variant='normal', weight=400, stretch='normal', size='scalable')) = 10.05
2025-08-06 14:44:19,985 - DEBUG - findfont: score(FontEntry(fname='/usr/share/fonts/noto/NotoSansOsmanya-Regular.ttf', name='Noto Sans Osmanya', style='normal', variant='normal', weight=400, stretch='normal', size='scalable')) = 10.05
2025-08-06 14:44:19,985 - DEBUG - findfont: score(FontEntry(fname='/usr/share/fonts/noto/NotoSerifHebrew-Black.ttf', name='Noto Serif Hebrew', style='normal', variant='normal', weight=900, stretch='normal', size='scalable')) = 10.525
2025-08-06 14:44:19,985 - DEBUG - findfont: score(FontEntry(fname='/usr/share/fonts/noto/NotoRashiHebrew-Medium.ttf', name='Noto Rashi Hebrew', style='normal', variant='normal', weight=500, stretch='normal', size='scalable')) = 10.145
2025-08-06 14:44:19,985 - DEBUG - findfont: score(FontEntry(fname='/usr/share/fonts/noto/NotoSansMeeteiMayek-Black.ttf', name='Noto Sans Meetei Mayek', style='normal', variant='normal', weight=900, stretch='normal', size='scalable')) = 10.525
2025-08-06 14:44:19,985 - DEBUG - findfont: score(FontEntry(fname='/usr/share/fonts/noto/NotoSerifTest-Regular.ttf', name='Noto Serif Test', style='normal', variant='normal', weight=400, stretch='normal', size='scalable')) = 10.05
2025-08-06 14:44:19,985 - DEBUG - findfont: score(FontEntry(fname='/usr/share/fonts/noto/NotoSansCham-Black.ttf', name='Noto Sans Cham', style='normal', variant='normal', weight=900, stretch='normal', size='scalable')) = 10.525
2025-08-06 14:44:19,985 - DEBUG - findfont: score(FontEntry(fname='/usr/share/fonts/noto/NotoSansZanabazarSquare-Regular.ttf', name='Noto Sans Zanabazar Square', style='normal', variant='normal', weight=400, stretch='normal', size='scalable')) = 10.05
2025-08-06 14:44:19,985 - DEBUG - findfont: score(FontEntry(fname='/usr/share/fonts/Adwaita/AdwaitaMono-Bold.ttf', name='Adwaita Mono', style='normal', variant='normal', weight=700, stretch='normal', size='scalable')) = 10.335
2025-08-06 14:44:19,985 - DEBUG - findfont: score(FontEntry(fname='/usr/share/fonts/noto/NotoSerifKhmer-Regular.ttf', name='Noto Serif Khmer', style='normal', variant='normal', weight=400, stretch='normal', size='scalable')) = 10.05
2025-08-06 14:44:19,985 - DEBUG - findfont: score(FontEntry(fname='/usr/share/fonts/noto/NotoSansThai-Medium.ttf', name='Noto Sans Thai', style='normal', variant='normal', weight=500, stretch='normal', size='scalable')) = 10.145
2025-08-06 14:44:19,985 - DEBUG - findfont: score(FontEntry(fname='/usr/share/fonts/noto/NotoSerifDisplay-ThinItalic.ttf', name='Noto Serif Display', style='italic', variant='normal', weight=100, stretch='normal', size='scalable')) = 11.335
2025-08-06 14:44:19,985 - DEBUG - findfont: score(FontEntry(fname='/usr/share/fonts/noto/NotoSansBengaliUI-Black.ttf', name='Noto Sans Bengali UI', style='normal', variant='normal', weight=900, stretch='normal', size='scalable')) = 10.525
2025-08-06 14:44:19,985 - DEBUG - findfont: score(FontEntry(fname='/usr/share/fonts/noto/NotoSansRejang-Regular.ttf', name='Noto Sans Rejang', style='normal', variant='normal', weight=400, stretch='normal', size='scalable')) = 10.05
2025-08-06 14:44:19,985 - DEBUG - findfont: score(FontEntry(fname='/usr/share/fonts/noto/NotoSansMyanmar-Light.ttf', name='Noto Sans Myanmar', style='normal', variant='normal', weight=300, stretch='normal', size='scalable')) = 10.145
2025-08-06 14:44:19,985 - DEBUG - findfont: score(FontEntry(fname='/usr/share/fonts/noto/NotoSerifArmenian-Black.ttf', name='Noto Serif Armenian', style='normal', variant='normal', weight=900, stretch='normal', size='scalable')) = 10.525
2025-08-06 14:44:19,985 - DEBUG - findfont: score(FontEntry(fname='/usr/share/fonts/noto/NotoSerifGeorgian-Light.ttf', name='Noto Serif Georgian', style='normal', variant='normal', weight=300, stretch='normal', size='scalable')) = 10.145
2025-08-06 14:44:19,985 - DEBUG - findfont: score(FontEntry(fname='/usr/share/fonts/TTF/DejaVuSansMono-BoldOblique.ttf', name='DejaVu Sans Mono', style='oblique', variant='normal', weight=700, stretch='normal', size='scalable')) = 11.335
2025-08-06 14:44:19,985 - DEBUG - findfont: score(FontEntry(fname='/usr/share/fonts/noto/NotoSansBengaliUI-Bold.ttf', name='Noto Sans Bengali UI', style='normal', variant='normal', weight=700, stretch='normal', size='scalable')) = 10.335
2025-08-06 14:44:19,985 - DEBUG - findfont: score(FontEntry(fname='/usr/share/fonts/noto/NotoSansGujaratiUI-Thin.ttf', name='Noto Sans Gujarati UI', style='normal', variant='normal', weight=100, stretch='normal', size='scalable')) = 10.335
2025-08-06 14:44:19,985 - DEBUG - findfont: score(FontEntry(fname='/usr/share/fonts/noto/NotoSansSyriac-Black.ttf', name='Noto Sans Syriac', style='normal', variant='normal', weight=900, stretch='normal', size='scalable')) = 10.525
2025-08-06 14:44:19,985 - DEBUG - findfont: score(FontEntry(fname='/usr/share/fonts/noto/NotoSansTeluguUI-Bold.ttf', name='Noto Sans Telugu UI', style='normal', variant='normal', weight=700, stretch='normal', size='scalable')) = 10.335
2025-08-06 14:44:19,985 - DEBUG - findfont: score(FontEntry(fname='/usr/share/fonts/noto/NotoNaskhArabic-Bold.ttf', name='Noto Naskh Arabic', style='normal', variant='normal', weight=700, stretch='normal', size='scalable')) = 10.335
2025-08-06 14:44:19,985 - DEBUG - findfont: score(FontEntry(fname='/usr/share/fonts/noto/NotoSerifYezidi-Bold.ttf', name='Noto Serif Yezidi', style='normal', variant='normal', weight=700, stretch='normal', size='scalable')) = 10.335
2025-08-06 14:44:19,986 - DEBUG - findfont: score(FontEntry(fname='/usr/share/fonts/noto/NotoSansMalayalam-Medium.ttf', name='Noto Sans Malayalam', style='normal', variant='normal', weight=500, stretch='normal', size='scalable')) = 10.145
2025-08-06 14:44:19,986 - DEBUG - findfont: score(FontEntry(fname='/usr/share/fonts/noto/NotoSerifSinhala-Medium.ttf', name='Noto Serif Sinhala', style='normal', variant='normal', weight=500, stretch='normal', size='scalable')) = 10.145
2025-08-06 14:44:19,986 - DEBUG - findfont: score(FontEntry(fname='/usr/share/fonts/noto/NotoSansThai-Black.ttf', name='Noto Sans Thai', style='normal', variant='normal', weight=900, stretch='normal', size='scalable')) = 10.525
2025-08-06 14:44:19,986 - DEBUG - findfont: score(FontEntry(fname='/usr/share/fonts/noto/NotoSerifKannada-Bold.ttf', name='Noto Serif Kannada', style='normal', variant='normal', weight=700, stretch='normal', size='scalable')) = 10.335
2025-08-06 14:44:19,986 - DEBUG - findfont: score(FontEntry(fname='/usr/share/fonts/TTF/DejaVuSansMono-Oblique.ttf', name='DejaVu Sans Mono', style='oblique', variant='normal', weight=400, stretch='normal', size='scalable')) = 11.05
2025-08-06 14:44:19,986 - DEBUG - findfont: score(FontEntry(fname='/usr/share/fonts/noto/NotoSansTamil-Black.ttf', name='Noto Sans Tamil', style='normal', variant='normal', weight=900, stretch='normal', size='scalable')) = 10.525
2025-08-06 14:44:19,986 - DEBUG - findfont: score(FontEntry(fname='/usr/share/fonts/noto/NotoSansTifinaghRhissaIxa-Regular.ttf', name='Noto Sans Tifinagh Rhissa Ixa', style='normal', variant='normal', weight=400, stretch='normal', size='scalable')) = 10.05
2025-08-06 14:44:19,986 - DEBUG - findfont: score(FontEntry(fname='/usr/share/fonts/noto/NotoSansTamil-Bold.ttf', name='Noto Sans Tamil', style='normal', variant='normal', weight=700, stretch='normal', size='scalable')) = 10.335
2025-08-06 14:44:19,986 - DEBUG - findfont: score(FontEntry(fname='/usr/share/fonts/noto/NotoSansCanadianAboriginal-Medium.ttf', name='Noto Sans Canadian Aboriginal', style='normal', variant='normal', weight=500, stretch='normal', size='scalable')) = 10.145
2025-08-06 14:44:19,986 - DEBUG - findfont: score(FontEntry(fname='/usr/share/fonts/noto/NotoRashiHebrew-Regular.ttf', name='Noto Rashi Hebrew', style='normal', variant='normal', weight=400, stretch='normal', size='scalable')) = 10.05
2025-08-06 14:44:19,986 - DEBUG - findfont: score(FontEntry(fname='/usr/share/fonts/noto/NotoSerifKhmer-Light.ttf', name='Noto Serif Khmer', style='normal', variant='normal', weight=300, stretch='normal', size='scalable')) = 10.145
2025-08-06 14:44:19,986 - DEBUG - findfont: score(FontEntry(fname='/usr/share/fonts/TTF/DejaVuSerif-BoldItalic.ttf', name='DejaVu Serif', style='italic', variant='normal', weight=700, stretch='normal', size='scalable')) = 11.335
2025-08-06 14:44:19,986 - DEBUG - findfont: score(FontEntry(fname='/usr/share/fonts/noto/NotoSansKannada-Thin.ttf', name='Noto Sans Kannada', style='normal', variant='normal', weight=100, stretch='normal', size='scalable')) = 10.335
2025-08-06 14:44:19,986 - DEBUG - findfont: score(FontEntry(fname='/usr/share/fonts/noto/NotoSansMandaic-Regular.ttf', name='Noto Sans Mandaic', style='normal', variant='normal', weight=400, stretch='normal', size='scalable')) = 10.05
2025-08-06 14:44:19,986 - DEBUG - findfont: score(FontEntry(fname='/usr/share/fonts/TTF/DejaVuSansMono-Bold.ttf', name='DejaVu Sans Mono', style='normal', variant='normal', weight=700, stretch='normal', size='scalable')) = 10.335
2025-08-06 14:44:19,986 - DEBUG - findfont: score(FontEntry(fname='/usr/share/fonts/noto/NotoSansGujarati-Medium.ttf', name='Noto Sans Gujarati', style='normal', variant='normal', weight=500, stretch='normal', size='scalable')) = 10.145
2025-08-06 14:44:19,986 - DEBUG - findfont: score(FontEntry(fname='/usr/share/fonts/noto/NotoSansSymbols-Medium.ttf', name='Noto Sans Symbols', style='normal', variant='normal', weight=500, stretch='normal', size='scalable')) = 10.145
2025-08-06 14:44:19,986 - DEBUG - findfont: score(FontEntry(fname='/usr/share/fonts/noto/NotoSansPauCinHau-Regular.ttf', name='Noto Sans Pau Cin Hau', style='normal', variant='normal', weight=400, stretch='normal', size='scalable')) = 10.05
2025-08-06 14:44:19,986 - DEBUG - findfont: score(FontEntry(fname='/usr/share/fonts/noto/NotoSerifVithkuqi-Medium.ttf', name='Noto Serif Vithkuqi', style='normal', variant='normal', weight=500, stretch='normal', size='scalable')) = 10.145
2025-08-06 14:44:19,986 - DEBUG - findfont: score(FontEntry(fname='/usr/share/fonts/noto/NotoSansArmenian-Regular.ttf', name='Noto Sans Armenian', style='normal', variant='normal', weight=400, stretch='normal', size='scalable')) = 10.05
2025-08-06 14:44:19,986 - DEBUG - findfont: score(FontEntry(fname='/usr/share/fonts/noto/NotoSerifTest-Bold.ttf', name='Noto Serif Test', style='normal', variant='normal', weight=700, stretch='normal', size='scalable')) = 10.335
2025-08-06 14:44:19,986 - DEBUG - findfont: score(FontEntry(fname='/usr/share/fonts/noto/NotoSerifTelugu-Light.ttf', name='Noto Serif Telugu', style='normal', variant='normal', weight=300, stretch='normal', size='scalable')) = 10.145
2025-08-06 14:44:19,986 - DEBUG - findfont: score(FontEntry(fname='/usr/share/fonts/noto/NotoSansGunjalaGondi-Medium.ttf', name='Noto Sans Gunjala Gondi', style='normal', variant='normal', weight=500, stretch='normal', size='scalable')) = 10.145
2025-08-06 14:44:19,986 - DEBUG - findfont: score(FontEntry(fname='/usr/share/fonts/noto/NotoSansArabicUI-Bold.ttf', name='Noto Sans Arabic UI', style='normal', variant='normal', weight=700, stretch='normal', size='scalable')) = 10.335
2025-08-06 14:44:19,986 - DEBUG - findfont: score(FontEntry(fname='/usr/share/fonts/noto/NotoSansNandinagari-Regular.ttf', name='Noto Sans Nandinagari', style='normal', variant='normal', weight=400, stretch='normal', size='scalable')) = 10.05
2025-08-06 14:44:19,986 - DEBUG - findfont: score(FontEntry(fname='/usr/share/fonts/noto/NotoSansSyriacWestern-Black.ttf', name='Noto Sans Syriac Western', style='normal', variant='normal', weight=900, stretch='normal', size='scalable')) = 10.525
2025-08-06 14:44:19,986 - DEBUG - findfont: score(FontEntry(fname='/usr/share/fonts/noto/NotoSansDevanagari-Medium.ttf', name='Noto Sans Devanagari', style='normal', variant='normal', weight=500, stretch='normal', size='scalable')) = 10.145
2025-08-06 14:44:19,986 - DEBUG - findfont: score(FontEntry(fname='/usr/share/fonts/gsfonts/StandardSymbolsPS.otf', name='Standard Symbols PS', style='normal', variant='normal', weight=400, stretch='normal', size='scalable')) = 10.05
2025-08-06 14:44:19,987 - DEBUG - findfont: score(FontEntry(fname='/usr/share/fonts/noto/NotoSansLaoLooped-Thin.ttf', name='Noto Sans Lao Looped', style='normal', variant='normal', weight=100, stretch='normal', size='scalable')) = 10.335
2025-08-06 14:44:19,987 - DEBUG - findfont: score(FontEntry(fname='/usr/share/fonts/noto/NotoSansPhagsPa-Regular.ttf', name='Noto Sans PhagsPa', style='normal', variant='normal', weight=400, stretch='normal', size='scalable')) = 10.05
2025-08-06 14:44:19,987 - DEBUG - findfont: score(FontEntry(fname='/usr/share/fonts/noto/NotoSansVithkuqi-Medium.ttf', name='Noto Sans Vithkuqi', style='normal', variant='normal', weight=500, stretch='normal', size='scalable')) = 10.145
2025-08-06 14:44:19,987 - DEBUG - findfont: score(FontEntry(fname='/usr/share/fonts/noto/NotoSansMalayalam-Thin.ttf', name='Noto Sans Malayalam', style='normal', variant='normal', weight=100, stretch='normal', size='scalable')) = 10.335
2025-08-06 14:44:19,987 - DEBUG - findfont: score(FontEntry(fname='/usr/share/fonts/noto/NotoSansThaiLooped-Black.ttf', name='Noto Sans Thai Looped', style='normal', variant='normal', weight=900, stretch='normal', size='scalable')) = 10.525
2025-08-06 14:44:19,987 - DEBUG - findfont: score(FontEntry(fname='/usr/share/fonts/noto/NotoSerifLao-Light.ttf', name='Noto Serif Lao', style='normal', variant='normal', weight=300, stretch='normal', size='scalable')) = 10.145
2025-08-06 14:44:19,987 - DEBUG - findfont: score(FontEntry(fname='/usr/share/fonts/noto/NotoSansTamil-Medium.ttf', name='Noto Sans Tamil', style='normal', variant='normal', weight=500, stretch='normal', size='scalable')) = 10.145
2025-08-06 14:44:19,987 - DEBUG - findfont: score(FontEntry(fname='/usr/share/fonts/noto/NotoSerifDevanagari-Medium.ttf', name='Noto Serif Devanagari', style='normal', variant='normal', weight=500, stretch='normal', size='scalable')) = 10.145
2025-08-06 14:44:19,987 - DEBUG - findfont: score(FontEntry(fname='/usr/share/fonts/noto/NotoSansNewTaiLue-Bold.ttf', name='Noto Sans New Tai Lue', style='normal', variant='normal', weight=700, stretch='normal', size='scalable')) = 10.335
2025-08-06 14:44:19,987 - DEBUG - findfont: score(FontEntry(fname='/usr/share/fonts/noto/NotoSansDevanagari-Light.ttf', name='Noto Sans Devanagari', style='normal', variant='normal', weight=300, stretch='normal', size='scalable')) = 10.145
2025-08-06 14:44:19,987 - DEBUG - findfont: score(FontEntry(fname='/usr/share/fonts/noto/NotoSansMeroitic-Regular.ttf', name='Noto Sans Meroitic', style='normal', variant='normal', weight=400, stretch='normal', size='scalable')) = 10.05
2025-08-06 14:44:19,987 - DEBUG - findfont: score(FontEntry(fname='/usr/share/fonts/noto/NotoSansMalayalamUI-Regular.ttf', name='Noto Sans Malayalam UI', style='normal', variant='normal', weight=400, stretch='normal', size='scalable')) = 10.05
2025-08-06 14:44:19,987 - DEBUG - findfont: score(FontEntry(fname='/usr/share/fonts/noto/NotoRashiHebrew-Bold.ttf', name='Noto Rashi Hebrew', style='normal', variant='normal', weight=700, stretch='normal', size='scalable')) = 10.335
2025-08-06 14:44:19,987 - DEBUG - findfont: score(FontEntry(fname='/usr/share/fonts/noto/NotoSansUgaritic-Regular.ttf', name='Noto Sans Ugaritic', style='normal', variant='normal', weight=400, stretch='normal', size='scalable')) = 10.05
2025-08-06 14:44:19,987 - DEBUG - findfont: score(FontEntry(fname='/usr/share/fonts/noto/NotoSerifThai-Thin.ttf', name='Noto Serif Thai', style='normal', variant='normal', weight=100, stretch='normal', size='scalable')) = 10.335
2025-08-06 14:44:19,987 - DEBUG - findfont: score(FontEntry(fname='/usr/share/fonts/noto/NotoSansMendeKikakui-Regular.ttf', name='Noto Sans Mende Kikakui', style='normal', variant='normal', weight=400, stretch='normal', size='scalable')) = 10.05
2025-08-06 14:44:19,987 - DEBUG - findfont: score(FontEntry(fname='/usr/share/fonts/noto/NotoSerifDisplay-BoldItalic.ttf', name='Noto Serif Display', style='italic', variant='normal', weight=700, stretch='normal', size='scalable')) = 11.335
2025-08-06 14:44:19,987 - DEBUG - findfont: score(FontEntry(fname='/usr/share/fonts/noto/NotoSerifOriya-Regular.ttf', name='Noto Serif Oriya', style='normal', variant='normal', weight=400, stretch='normal', size='scalable')) = 10.05
2025-08-06 14:44:19,987 - DEBUG - findfont: score(FontEntry(fname='/usr/share/fonts/gsfonts/NimbusSansNarrow-Regular.otf', name='Nimbus Sans Narrow', style='normal', variant='normal', weight=400, stretch='condensed', size='scalable')) = 10.25
2025-08-06 14:44:19,987 - DEBUG - findfont: score(FontEntry(fname='/usr/share/fonts/noto/NotoSansBengali-Bold.ttf', name='Noto Sans Bengali', style='normal', variant='normal', weight=700, stretch='normal', size='scalable')) = 10.335
2025-08-06 14:44:19,987 - DEBUG - findfont: score(FontEntry(fname='/usr/share/fonts/noto/NotoSansGurmukhi-Medium.ttf', name='Noto Sans Gurmukhi', style='normal', variant='normal', weight=500, stretch='normal', size='scalable')) = 10.145
2025-08-06 14:44:19,987 - DEBUG - findfont: score(FontEntry(fname='/usr/share/fonts/noto/NotoSans-Bold.ttf', name='Noto Sans', style='normal', variant='normal', weight=700, stretch='normal', size='scalable')) = 10.335
2025-08-06 14:44:19,987 - DEBUG - findfont: score(FontEntry(fname='/usr/share/fonts/noto/NotoSansThai-Regular.ttf', name='Noto Sans Thai', style='normal', variant='normal', weight=400, stretch='normal', size='scalable')) = 10.05
2025-08-06 14:44:19,987 - DEBUG - findfont: score(FontEntry(fname='/usr/share/fonts/noto/NotoSansSundanese-Medium.ttf', name='Noto Sans Sundanese', style='normal', variant='normal', weight=500, stretch='normal', size='scalable')) = 10.145
2025-08-06 14:44:19,987 - DEBUG - findfont: score(FontEntry(fname='/usr/share/fonts/noto/NotoSansMongolian-Regular.ttf', name='Noto Sans Mongolian', style='normal', variant='normal', weight=400, stretch='normal', size='scalable')) = 10.05
2025-08-06 14:44:19,987 - DEBUG - findfont: score(FontEntry(fname='/usr/share/fonts/noto/NotoSerifGurmukhi-Medium.ttf', name='Noto Serif Gurmukhi', style='normal', variant='normal', weight=500, stretch='normal', size='scalable')) = 10.145
2025-08-06 14:44:19,987 - DEBUG - findfont: score(FontEntry(fname='/usr/share/fonts/noto/NotoSerifVithkuqi-Bold.ttf', name='Noto Serif Vithkuqi', style='normal', variant='normal', weight=700, stretch='normal', size='scalable')) = 10.335
2025-08-06 14:44:19,987 - DEBUG - findfont: score(FontEntry(fname='/usr/share/fonts/noto/NotoSansSinhalaUI-Medium.ttf', name='Noto Sans Sinhala UI', style='normal', variant='normal', weight=500, stretch='normal', size='scalable')) = 10.145
2025-08-06 14:44:19,987 - DEBUG - findfont: score(FontEntry(fname='/usr/share/fonts/noto/NotoSerif-Regular.ttf', name='Noto Serif', style='normal', variant='normal', weight=400, stretch='normal', size='scalable')) = 10.05
2025-08-06 14:44:19,988 - DEBUG - findfont: score(FontEntry(fname='/usr/share/fonts/noto/NotoSansNushu-Regular.ttf', name='Noto Sans Nushu', style='normal', variant='normal', weight=400, stretch='normal', size='scalable')) = 10.05
2025-08-06 14:44:19,988 - DEBUG - findfont: score(FontEntry(fname='/usr/share/fonts/noto/NotoSansMono-Light.ttf', name='Noto Sans Mono', style='normal', variant='normal', weight=300, stretch='normal', size='scalable')) = 10.145
2025-08-06 14:44:19,988 - DEBUG - findfont: score(FontEntry(fname='/usr/share/fonts/noto/NotoSansKannada-Regular.ttf', name='Noto Sans Kannada', style='normal', variant='normal', weight=400, stretch='normal', size='scalable')) = 10.05
2025-08-06 14:44:19,988 - DEBUG - findfont: score(FontEntry(fname='/usr/share/fonts/noto/NotoSansLydian-Regular.ttf', name='Noto Sans Lydian', style='normal', variant='normal', weight=400, stretch='normal', size='scalable')) = 10.05
2025-08-06 14:44:19,988 - DEBUG - findfont: score(FontEntry(fname='/usr/share/fonts/noto/NotoSerifDisplay-Italic.ttf', name='Noto Serif Display', style='italic', variant='normal', weight=400, stretch='normal', size='scalable')) = 11.05
2025-08-06 14:44:19,988 - DEBUG - findfont: score(FontEntry(fname='/usr/share/fonts/noto/NotoSerifArmenian-Light.ttf', name='Noto Serif Armenian', style='normal', variant='normal', weight=300, stretch='normal', size='scalable')) = 10.145
2025-08-06 14:44:19,988 - DEBUG - findfont: score(FontEntry(fname='/usr/share/fonts/noto/NotoSerifThai-Black.ttf', name='Noto Serif Thai', style='normal', variant='normal', weight=900, stretch='normal', size='scalable')) = 10.525
2025-08-06 14:44:19,988 - DEBUG - findfont: score(FontEntry(fname='/usr/share/fonts/noto/NotoSansLinearB-Regular.ttf', name='Noto Sans Linear B', style='normal', variant='normal', weight=400, stretch='normal', size='scalable')) = 10.05
2025-08-06 14:44:19,988 - DEBUG - findfont: score(FontEntry(fname='/usr/share/fonts/noto/NotoSansArabic-Regular.ttf', name='Noto Sans Arabic', style='normal', variant='normal', weight=400, stretch='normal', size='scalable')) = 10.05
2025-08-06 14:44:19,988 - DEBUG - findfont: score(FontEntry(fname='/usr/share/fonts/noto/NotoSerifMyanmar-Medium.ttf', name='Noto Serif Myanmar', style='normal', variant='normal', weight=500, stretch='normal', size='scalable')) = 10.145
2025-08-06 14:44:19,988 - DEBUG - findfont: score(FontEntry(fname='/usr/share/fonts/noto/NotoSansSinhala-Black.ttf', name='Noto Sans Sinhala', style='normal', variant='normal', weight=900, stretch='normal', size='scalable')) = 10.525
2025-08-06 14:44:19,988 - DEBUG - findfont: score(FontEntry(fname='/usr/share/fonts/noto/NotoSansRunic-Regular.ttf', name='Noto Sans Runic', style='normal', variant='normal', weight=400, stretch='normal', size='scalable')) = 10.05
2025-08-06 14:44:19,988 - DEBUG - findfont: score(FontEntry(fname='/usr/share/fonts/gsfonts/NimbusRoman-BoldItalic.otf', name='Nimbus Roman', style='italic', variant='normal', weight=700, stretch='normal', size='scalable')) = 11.335
2025-08-06 14:44:19,988 - DEBUG - findfont: score(FontEntry(fname='/usr/share/fonts/TTF/DejaVuSans-Oblique.ttf', name='DejaVu Sans', style='oblique', variant='normal', weight=400, stretch='normal', size='scalable')) = 3.05
2025-08-06 14:44:19,988 - DEBUG - findfont: score(FontEntry(fname='/usr/share/fonts/noto/NotoSansGurmukhiUI-Light.ttf', name='Noto Sans Gurmukhi UI', style='normal', variant='normal', weight=300, stretch='normal', size='scalable')) = 10.145
2025-08-06 14:44:19,988 - DEBUG - findfont: score(FontEntry(fname='/usr/share/fonts/noto/NotoSansTeluguUI-Thin.ttf', name='Noto Sans Telugu UI', style='normal', variant='normal', weight=100, stretch='normal', size='scalable')) = 10.335
2025-08-06 14:44:19,988 - DEBUG - findfont: score(FontEntry(fname='/usr/share/fonts/noto/NotoSerifDevanagari-Light.ttf', name='Noto Serif Devanagari', style='normal', variant='normal', weight=300, stretch='normal', size='scalable')) = 10.145
2025-08-06 14:44:19,988 - DEBUG - findfont: score(FontEntry(fname='/usr/share/fonts/noto/NotoSerifEthiopic-Thin.ttf', name='Noto Serif Ethiopic', style='normal', variant='normal', weight=100, stretch='normal', size='scalable')) = 10.335
2025-08-06 14:44:19,988 - DEBUG - findfont: score(FontEntry(fname='/usr/share/fonts/noto/NotoSansImperialAramaic-Regular.ttf', name='Noto Sans Imperial Aramaic', style='normal', variant='normal', weight=400, stretch='normal', size='scalable')) = 10.05
2025-08-06 14:44:19,988 - DEBUG - findfont: score(FontEntry(fname='/usr/share/fonts/noto/NotoSerifThai-Bold.ttf', name='Noto Serif Thai', style='normal', variant='normal', weight=700, stretch='normal', size='scalable')) = 10.335
2025-08-06 14:44:19,988 - DEBUG - findfont: score(FontEntry(fname='/usr/share/fonts/noto/NotoSerifMyanmar-Regular.ttf', name='Noto Serif Myanmar', style='normal', variant='normal', weight=400, stretch='normal', size='scalable')) = 10.05
2025-08-06 14:44:19,988 - DEBUG - findfont: score(FontEntry(fname='/usr/share/fonts/noto/NotoSansOldPermic-Regular.ttf', name='Noto Sans Old Permic', style='normal', variant='normal', weight=400, stretch='normal', size='scalable')) = 10.05
2025-08-06 14:44:19,988 - DEBUG - findfont: score(FontEntry(fname='/usr/share/fonts/noto/NotoSerifTelugu-Thin.ttf', name='Noto Serif Telugu', style='normal', variant='normal', weight=100, stretch='normal', size='scalable')) = 10.335
2025-08-06 14:44:19,988 - DEBUG - findfont: score(FontEntry(fname='/usr/share/fonts/gsfonts/P052-Bold.otf', name='P052', style='normal', variant='normal', weight=700, stretch='normal', size='scalable')) = 10.335
2025-08-06 14:44:19,988 - DEBUG - findfont: score(FontEntry(fname='/usr/share/fonts/noto/NotoSansKannadaUI-Medium.ttf', name='Noto Sans Kannada UI', style='normal', variant='normal', weight=500, stretch='normal', size='scalable')) = 10.145
2025-08-06 14:44:19,988 - DEBUG - findfont: score(FontEntry(fname='/usr/share/fonts/noto/NotoSerifDogra-Regular.ttf', name='Noto Serif Dogra', style='normal', variant='normal', weight=400, stretch='normal', size='scalable')) = 10.05
2025-08-06 14:44:19,988 - DEBUG - findfont: score(FontEntry(fname='/usr/share/fonts/noto/NotoSansMono-Black.ttf', name='Noto Sans Mono', style='normal', variant='normal', weight=900, stretch='normal', size='scalable')) = 10.525
2025-08-06 14:44:19,988 - DEBUG - findfont: score(FontEntry(fname='/usr/share/fonts/noto/NotoSansLaoLooped-Black.ttf', name='Noto Sans Lao Looped', style='normal', variant='normal', weight=900, stretch='normal', size='scalable')) = 10.525
2025-08-06 14:44:19,988 - DEBUG - findfont: score(FontEntry(fname='/usr/share/fonts/noto/NotoSansLao-Bold.ttf', name='Noto Sans Lao', style='normal', variant='normal', weight=700, stretch='normal', size='scalable')) = 10.335
2025-08-06 14:44:19,989 - DEBUG - findfont: score(FontEntry(fname='/usr/share/fonts/noto/NotoSansGurmukhiUI-Bold.ttf', name='Noto Sans Gurmukhi UI', style='normal', variant='normal', weight=700, stretch='normal', size='scalable')) = 10.335
2025-08-06 14:44:19,989 - DEBUG - findfont: score(FontEntry(fname='/usr/share/fonts/noto/NotoSerifTamil-Thin.ttf', name='Noto Serif Tamil', style='normal', variant='normal', weight=100, stretch='normal', size='scalable')) = 10.335
2025-08-06 14:44:19,989 - DEBUG - findfont: score(FontEntry(fname='/usr/share/fonts/noto/NotoSansTest-Regular.ttf', name='Noto Sans Test', style='normal', variant='normal', weight=400, stretch='normal', size='scalable')) = 10.05
2025-08-06 14:44:19,989 - DEBUG - findfont: score(FontEntry(fname='/usr/share/fonts/noto/NotoSerifYezidi-Regular.ttf', name='Noto Serif Yezidi', style='normal', variant='normal', weight=400, stretch='normal', size='scalable')) = 10.05
2025-08-06 14:44:19,989 - DEBUG - findfont: score(FontEntry(fname='/usr/share/fonts/noto/NotoSansBamum-Regular.ttf', name='Noto Sans Bamum', style='normal', variant='normal', weight=400, stretch='normal', size='scalable')) = 10.05
2025-08-06 14:44:19,989 - DEBUG - findfont: score(FontEntry(fname='/usr/share/fonts/noto/NotoSans-BlackItalic.ttf', name='Noto Sans', style='italic', variant='normal', weight=900, stretch='normal', size='scalable')) = 11.525
2025-08-06 14:44:19,989 - DEBUG - findfont: score(FontEntry(fname='/usr/share/fonts/noto/NotoSansArabicUI-Light.ttf', name='Noto Sans Arabic UI', style='normal', variant='normal', weight=300, stretch='normal', size='scalable')) = 10.145
2025-08-06 14:44:19,989 - DEBUG - findfont: score(FontEntry(fname='/usr/share/fonts/noto/NotoKufiArabic-Medium.ttf', name='Noto Kufi Arabic', style='normal', variant='normal', weight=500, stretch='normal', size='scalable')) = 10.145
2025-08-06 14:44:19,989 - DEBUG - findfont: score(FontEntry(fname='/usr/share/fonts/noto/NotoSansDevanagariUI-Bold.ttf', name='Noto Sans Devanagari UI', style='normal', variant='normal', weight=700, stretch='normal', size='scalable')) = 10.335
2025-08-06 14:44:19,989 - DEBUG - findfont: score(FontEntry(fname='/usr/share/fonts/noto/NotoSansKannadaUI-Thin.ttf', name='Noto Sans Kannada UI', style='normal', variant='normal', weight=100, stretch='normal', size='scalable')) = 10.335
2025-08-06 14:44:19,989 - DEBUG - findfont: score(FontEntry(fname='/usr/share/fonts/noto/NotoSansBuhid-Regular.ttf', name='Noto Sans Buhid', style='normal', variant='normal', weight=400, stretch='normal', size='scalable')) = 10.05
2025-08-06 14:44:19,989 - DEBUG - findfont: score(FontEntry(fname='/usr/share/fonts/noto/NotoSansOldNorthArabian-Regular.ttf', name='Noto Sans Old North Arabian', style='normal', variant='normal', weight=400, stretch='normal', size='scalable')) = 10.05
2025-08-06 14:44:19,989 - DEBUG - findfont: score(FontEntry(fname='/usr/share/fonts/noto/NotoSansSoyombo-Regular.ttf', name='Noto Sans Soyombo', style='normal', variant='normal', weight=400, stretch='normal', size='scalable')) = 10.05
2025-08-06 14:44:19,989 - DEBUG - findfont: score(FontEntry(fname='/usr/share/fonts/noto/NotoSansMarchen-Regular.ttf', name='Noto Sans Marchen', style='normal', variant='normal', weight=400, stretch='normal', size='scalable')) = 10.05
2025-08-06 14:44:19,989 - DEBUG - findfont: score(FontEntry(fname='/usr/share/fonts/noto/NotoSansSinhalaUI-Bold.ttf', name='Noto Sans Sinhala UI', style='normal', variant='normal', weight=700, stretch='normal', size='scalable')) = 10.335
2025-08-06 14:44:19,989 - DEBUG - findfont: score(FontEntry(fname='/usr/share/fonts/noto/NotoSerifHebrew-Thin.ttf', name='Noto Serif Hebrew', style='normal', variant='normal', weight=100, stretch='normal', size='scalable')) = 10.335
2025-08-06 14:44:19,989 - DEBUG - findfont: score(FontEntry(fname='/usr/share/fonts/noto/NotoSerifToto-Bold.ttf', name='Noto Serif Toto', style='normal', variant='normal', weight=700, stretch='normal', size='scalable')) = 10.335
2025-08-06 14:44:19,989 - DEBUG - findfont: score(FontEntry(fname='/usr/share/fonts/noto/NotoSansLao-Light.ttf', name='Noto Sans Lao', style='normal', variant='normal', weight=300, stretch='normal', size='scalable')) = 10.145
2025-08-06 14:44:19,989 - DEBUG - findfont: score(FontEntry(fname='/usr/share/fonts/noto/NotoSansCherokee-Light.ttf', name='Noto Sans Cherokee', style='normal', variant='normal', weight=300, stretch='normal', size='scalable')) = 10.145
2025-08-06 14:44:19,989 - DEBUG - findfont: score(FontEntry(fname='/usr/share/fonts/gsfonts/C059-Roman.otf', name='C059', style='normal', variant='normal', weight=400, stretch='normal', size='scalable')) = 10.05
2025-08-06 14:44:19,989 - DEBUG - findfont: score(FontEntry(fname='/usr/share/fonts/noto/NotoSansGujaratiUI-Light.ttf', name='Noto Sans Gujarati UI', style='normal', variant='normal', weight=300, stretch='normal', size='scalable')) = 10.145
2025-08-06 14:44:19,989 - DEBUG - findfont: score(FontEntry(fname='/usr/share/fonts/noto/NotoSansTangsa-Medium.ttf', name='Noto Sans Tangsa', style='normal', variant='normal', weight=500, stretch='normal', size='scalable')) = 10.145
2025-08-06 14:44:19,989 - DEBUG - findfont: score(FontEntry(fname='/usr/share/fonts/noto/NotoKufiArabic-Bold.ttf', name='Noto Kufi Arabic', style='normal', variant='normal', weight=700, stretch='normal', size='scalable')) = 10.335
2025-08-06 14:44:19,989 - DEBUG - findfont: score(FontEntry(fname='/usr/share/fonts/noto/NotoSansBassaVah-Regular.ttf', name='Noto Sans Bassa Vah', style='normal', variant='normal', weight=400, stretch='normal', size='scalable')) = 10.05
2025-08-06 14:44:19,989 - DEBUG - findfont: score(FontEntry(fname='/usr/share/fonts/noto/NotoSansKhmer-Light.ttf', name='Noto Sans Khmer', style='normal', variant='normal', weight=300, stretch='normal', size='scalable')) = 10.145
2025-08-06 14:44:19,989 - DEBUG - findfont: score(FontEntry(fname='/usr/share/fonts/noto/NotoSansMath-Regular.ttf', name='Noto Sans Math', style='normal', variant='normal', weight=400, stretch='normal', size='scalable')) = 10.05
2025-08-06 14:44:19,989 - DEBUG - findfont: score(FontEntry(fname='/usr/share/fonts/noto/NotoSerif-MediumItalic.ttf', name='Noto Serif', style='italic', variant='normal', weight=500, stretch='normal', size='scalable')) = 11.145
2025-08-06 14:44:19,989 - DEBUG - findfont: score(FontEntry(fname='/usr/share/fonts/noto/NotoSansAnatolianHieroglyphs-Regular.ttf', name='Noto Sans Anatolian Hieroglyphs', style='normal', variant='normal', weight=400, stretch='normal', size='scalable')) = 10.05
2025-08-06 14:44:19,990 - DEBUG - findfont: score(FontEntry(fname='/usr/share/fonts/noto/NotoSansSymbols-Bold.ttf', name='Noto Sans Symbols', style='normal', variant='normal', weight=700, stretch='normal', size='scalable')) = 10.335
2025-08-06 14:44:19,990 - DEBUG - findfont: score(FontEntry(fname='/usr/share/fonts/noto/NotoSerifTamil-Italic.ttf', name='Noto Serif Tamil', style='italic', variant='normal', weight=400, stretch='normal', size='scalable')) = 11.05
2025-08-06 14:44:19,990 - DEBUG - findfont: score(FontEntry(fname='/usr/share/fonts/gsfonts/NimbusSans-BoldItalic.otf', name='Nimbus Sans', style='italic', variant='normal', weight=700, stretch='normal', size='scalable')) = 11.335
2025-08-06 14:44:19,990 - DEBUG - findfont: score(FontEntry(fname='/usr/share/fonts/noto/NotoSansGeorgian-Regular.ttf', name='Noto Sans Georgian', style='normal', variant='normal', weight=400, stretch='normal', size='scalable')) = 10.05
2025-08-06 14:44:19,990 - DEBUG - findfont: score(FontEntry(fname='/usr/share/fonts/noto/NotoSerifLao-Black.ttf', name='Noto Serif Lao', style='normal', variant='normal', weight=900, stretch='normal', size='scalable')) = 10.525
2025-08-06 14:44:19,990 - DEBUG - findfont: score(FontEntry(fname='/usr/share/fonts/noto/NotoSansArmenian-Light.ttf', name='Noto Sans Armenian', style='normal', variant='normal', weight=300, stretch='normal', size='scalable')) = 10.145
2025-08-06 14:44:19,990 - DEBUG - findfont: score(FontEntry(fname='/usr/share/fonts/noto/NotoSansMro-Regular.ttf', name='Noto Sans Mro', style='normal', variant='normal', weight=400, stretch='normal', size='scalable')) = 10.05
2025-08-06 14:44:19,990 - DEBUG - findfont: score(FontEntry(fname='/usr/share/fonts/noto/NotoSansSymbols-Black.ttf', name='Noto Sans Symbols', style='normal', variant='normal', weight=900, stretch='normal', size='scalable')) = 10.525
2025-08-06 14:44:19,990 - DEBUG - findfont: score(FontEntry(fname='/usr/share/fonts/noto/NotoSansHebrew-Light.ttf', name='Noto Sans Hebrew', style='normal', variant='normal', weight=300, stretch='normal', size='scalable')) = 10.145
2025-08-06 14:44:19,990 - DEBUG - findfont: score(FontEntry(fname='/usr/share/fonts/TTF/DejaVuSansCondensed-Bold.ttf', name='DejaVu Sans', style='normal', variant='normal', weight=700, stretch='condensed', size='scalable')) = 2.535
2025-08-06 14:44:19,990 - DEBUG - findfont: score(FontEntry(fname='/usr/share/fonts/noto/NotoSansGeorgian-Thin.ttf', name='Noto Sans Georgian', style='normal', variant='normal', weight=100, stretch='normal', size='scalable')) = 10.335
2025-08-06 14:44:19,990 - DEBUG - findfont: score(FontEntry(fname='/usr/share/fonts/noto/NotoKufiArabic-Light.ttf', name='Noto Kufi Arabic', style='normal', variant='normal', weight=300, stretch='normal', size='scalable')) = 10.145
2025-08-06 14:44:19,990 - DEBUG - findfont: score(FontEntry(fname='/usr/share/fonts/noto/NotoFangsongKSSVertical-Regular.ttf', name='Noto Fangsong KSS Vertical', style='normal', variant='normal', weight=400, stretch='normal', size='scalable')) = 10.05
2025-08-06 14:44:19,990 - DEBUG - findfont: score(FontEntry(fname='/usr/share/fonts/noto/NotoSerifGeorgian-Bold.ttf', name='Noto Serif Georgian', style='normal', variant='normal', weight=700, stretch='normal', size='scalable')) = 10.335
2025-08-06 14:44:19,990 - DEBUG - findfont: score(FontEntry(fname='/usr/share/fonts/noto/NotoSansCanadianAboriginal-Black.ttf', name='Noto Sans Canadian Aboriginal', style='normal', variant='normal', weight=900, stretch='normal', size='scalable')) = 10.525
2025-08-06 14:44:19,990 - DEBUG - findfont: score(FontEntry(fname='/usr/share/fonts/noto/NotoSerifTamil-Black.ttf', name='Noto Serif Tamil', style='normal', variant='normal', weight=900, stretch='normal', size='scalable')) = 10.525
2025-08-06 14:44:19,990 - DEBUG - findfont: score(FontEntry(fname='/usr/share/fonts/noto/NotoSansBalinese-Medium.ttf', name='Noto Sans Balinese', style='normal', variant='normal', weight=500, stretch='normal', size='scalable')) = 10.145
2025-08-06 14:44:19,990 - DEBUG - findfont: score(FontEntry(fname='/usr/share/fonts/noto/NotoSerifTamil-Medium.ttf', name='Noto Serif Tamil', style='normal', variant='normal', weight=500, stretch='normal', size='scalable')) = 10.145
2025-08-06 14:44:19,990 - DEBUG - findfont: score(FontEntry(fname='/usr/share/fonts/noto/NotoSansLepcha-Regular.ttf', name='Noto Sans Lepcha', style='normal', variant='normal', weight=400, stretch='normal', size='scalable')) = 10.05
2025-08-06 14:44:19,990 - DEBUG - findfont: score(FontEntry(fname='/usr/share/fonts/noto/NotoSansDevanagariUI-Light.ttf', name='Noto Sans Devanagari UI', style='normal', variant='normal', weight=300, stretch='normal', size='scalable')) = 10.145
2025-08-06 14:44:19,990 - DEBUG - findfont: score(FontEntry(fname='/usr/share/fonts/noto/NotoSansTifinaghAir-Regular.ttf', name='Noto Sans Tifinagh Air', style='normal', variant='normal', weight=400, stretch='normal', size='scalable')) = 10.05
2025-08-06 14:44:19,990 - DEBUG - findfont: score(FontEntry(fname='/usr/share/fonts/noto/NotoSansBengali-Light.ttf', name='Noto Sans Bengali', style='normal', variant='normal', weight=300, stretch='normal', size='scalable')) = 10.145
2025-08-06 14:44:19,990 - DEBUG - findfont: score(FontEntry(fname='/usr/share/fonts/noto/NotoSerifTamil-ThinItalic.ttf', name='Noto Serif Tamil', style='italic', variant='normal', weight=100, stretch='normal', size='scalable')) = 11.335
2025-08-06 14:44:19,990 - DEBUG - findfont: score(FontEntry(fname='/usr/share/fonts/noto/NotoSansPalmyrene-Regular.ttf', name='Noto Sans Palmyrene', style='normal', variant='normal', weight=400, stretch='normal', size='scalable')) = 10.05
2025-08-06 14:44:19,990 - DEBUG - findfont: score(FontEntry(fname='/usr/share/fonts/noto/NotoSansThai-Thin.ttf', name='Noto Sans Thai', style='normal', variant='normal', weight=100, stretch='normal', size='scalable')) = 10.335
2025-08-06 14:44:19,990 - DEBUG - findfont: score(FontEntry(fname='/usr/share/fonts/noto/NotoSansSyriacEastern-Thin.ttf', name='Noto Sans Syriac Eastern', style='normal', variant='normal', weight=100, stretch='normal', size='scalable')) = 10.335
2025-08-06 14:44:19,990 - DEBUG - findfont: score(FontEntry(fname='/usr/share/fonts/noto/NotoSansMasaramGondi-Regular.ttf', name='Noto Sans Masaram Gondi', style='normal', variant='normal', weight=400, stretch='normal', size='scalable')) = 10.05
2025-08-06 14:44:19,990 - DEBUG - findfont: score(FontEntry(fname='/usr/share/fonts/noto/NotoSerifGujarati-Medium.ttf', name='Noto Serif Gujarati', style='normal', variant='normal', weight=500, stretch='normal', size='scalable')) = 10.145
2025-08-06 14:44:19,990 - DEBUG - findfont: score(FontEntry(fname='/usr/share/fonts/gnu-free/FreeSerifBoldItalic.otf', name='FreeSerif', style='italic', variant='normal', weight=700, stretch='normal', size='scalable')) = 11.335
2025-08-06 14:44:19,991 - DEBUG - findfont: score(FontEntry(fname='/usr/share/fonts/noto/NotoSansBrahmi-Regular.ttf', name='Noto Sans Brahmi', style='normal', variant='normal', weight=400, stretch='normal', size='scalable')) = 10.05
2025-08-06 14:44:19,991 - DEBUG - findfont: score(FontEntry(fname='/usr/share/fonts/gnu-free/FreeMono.otf', name='FreeMono', style='normal', variant='normal', weight=400, stretch='normal', size='scalable')) = 10.05
2025-08-06 14:44:19,991 - DEBUG - findfont: score(FontEntry(fname='/usr/share/fonts/noto/NotoSansKhmer-Regular.ttf', name='Noto Sans Khmer', style='normal', variant='normal', weight=400, stretch='normal', size='scalable')) = 10.05
2025-08-06 14:44:19,991 - DEBUG - findfont: score(FontEntry(fname='/usr/share/fonts/noto/NotoSansTamilUI-Thin.ttf', name='Noto Sans Tamil UI', style='normal', variant='normal', weight=100, stretch='normal', size='scalable')) = 10.335
2025-08-06 14:44:19,991 - DEBUG - findfont: score(FontEntry(fname='/usr/share/fonts/noto/NotoSansCherokee-Bold.ttf', name='Noto Sans Cherokee', style='normal', variant='normal', weight=700, stretch='normal', size='scalable')) = 10.335
2025-08-06 14:44:19,991 - DEBUG - findfont: score(FontEntry(fname='/usr/share/fonts/Adwaita/AdwaitaSans-Regular.ttf', name='Adwaita Sans', style='normal', variant='normal', weight=400, stretch='normal', size='scalable')) = 10.05
2025-08-06 14:44:19,991 - DEBUG - findfont: score(FontEntry(fname='/usr/share/fonts/noto/NotoSans-LightItalic.ttf', name='Noto Sans', style='italic', variant='normal', weight=300, stretch='normal', size='scalable')) = 11.145
2025-08-06 14:44:19,991 - DEBUG - findfont: score(FontEntry(fname='/usr/share/fonts/noto/NotoSans-Black.ttf', name='Noto Sans', style='normal', variant='normal', weight=900, stretch='normal', size='scalable')) = 10.525
2025-08-06 14:44:19,991 - DEBUG - findfont: score(FontEntry(fname='/usr/share/fonts/noto/NotoSerifBengali-Regular.ttf', name='Noto Serif Bengali', style='normal', variant='normal', weight=400, stretch='normal', size='scalable')) = 10.05
2025-08-06 14:44:19,991 - DEBUG - findfont: score(FontEntry(fname='/usr/share/fonts/noto/NotoSansMyanmar-Black.ttf', name='Noto Sans Myanmar', style='normal', variant='normal', weight=900, stretch='normal', size='scalable')) = 10.525
2025-08-06 14:44:19,991 - DEBUG - findfont: score(FontEntry(fname='/usr/share/fonts/noto/NotoSerifMalayalam-Bold.ttf', name='Noto Serif Malayalam', style='normal', variant='normal', weight=700, stretch='normal', size='scalable')) = 10.335
2025-08-06 14:44:19,991 - DEBUG - findfont: score(FontEntry(fname='/usr/share/fonts/gsfonts/P052-BoldItalic.otf', name='P052', style='italic', variant='normal', weight=700, stretch='normal', size='scalable')) = 11.335
2025-08-06 14:44:19,991 - DEBUG - findfont: score(FontEntry(fname='/usr/share/fonts/noto/NotoSansGurmukhiUI-Regular.ttf', name='Noto Sans Gurmukhi UI', style='normal', variant='normal', weight=400, stretch='normal', size='scalable')) = 10.05
2025-08-06 14:44:19,991 - DEBUG - findfont: score(FontEntry(fname='/usr/share/fonts/noto/NotoSerifKannada-Regular.ttf', name='Noto Serif Kannada', style='normal', variant='normal', weight=400, stretch='normal', size='scalable')) = 10.05
2025-08-06 14:44:19,991 - DEBUG - findfont: score(FontEntry(fname='/usr/share/fonts/noto/NotoSansTifinagh-Regular.ttf', name='Noto Sans Tifinagh', style='normal', variant='normal', weight=400, stretch='normal', size='scalable')) = 10.05
2025-08-06 14:44:19,991 - DEBUG - findfont: score(FontEntry(fname='/usr/share/fonts/noto/NotoSerifArmenian-Bold.ttf', name='Noto Serif Armenian', style='normal', variant='normal', weight=700, stretch='normal', size='scalable')) = 10.335
2025-08-06 14:44:19,991 - DEBUG - findfont: score(FontEntry(fname='/usr/share/fonts/noto/NotoSansBengaliUI-Medium.ttf', name='Noto Sans Bengali UI', style='normal', variant='normal', weight=500, stretch='normal', size='scalable')) = 10.145
2025-08-06 14:44:19,991 - DEBUG - findfont: score(FontEntry(fname='/usr/share/fonts/noto/NotoSansArabic-Black.ttf', name='Noto Sans Arabic', style='normal', variant='normal', weight=900, stretch='normal', size='scalable')) = 10.525
2025-08-06 14:44:19,991 - DEBUG - findfont: score(FontEntry(fname='/usr/share/fonts/noto/NotoSansGujaratiUI-Medium.ttf', name='Noto Sans Gujarati UI', style='normal', variant='normal', weight=500, stretch='normal', size='scalable')) = 10.145
2025-08-06 14:44:19,991 - DEBUG - findfont: score(FontEntry(fname='/usr/share/fonts/noto/NotoSerifGeorgian-Regular.ttf', name='Noto Serif Georgian', style='normal', variant='normal', weight=400, stretch='normal', size='scalable')) = 10.05
2025-08-06 14:44:19,991 - DEBUG - findfont: score(FontEntry(fname='/usr/share/fonts/noto/NotoSansEthiopic-Regular.ttf', name='Noto Sans Ethiopic', style='normal', variant='normal', weight=400, stretch='normal', size='scalable')) = 10.05
2025-08-06 14:44:19,991 - DEBUG - findfont: score(FontEntry(fname='/usr/share/fonts/noto/NotoSerifKhmer-Medium.ttf', name='Noto Serif Khmer', style='normal', variant='normal', weight=500, stretch='normal', size='scalable')) = 10.145
2025-08-06 14:44:19,991 - DEBUG - findfont: score(FontEntry(fname='/usr/share/fonts/gsfonts/C059-BdIta.otf', name='C059', style='italic', variant='normal', weight=700, stretch='normal', size='scalable')) = 11.335
2025-08-06 14:44:19,991 - DEBUG - findfont: score(FontEntry(fname='/usr/share/fonts/noto/NotoSerifBengali-Bold.ttf', name='Noto Serif Bengali', style='normal', variant='normal', weight=700, stretch='normal', size='scalable')) = 10.335
2025-08-06 14:44:19,991 - DEBUG - findfont: score(FontEntry(fname='/usr/share/fonts/noto/NotoSansSymbols-Regular.ttf', name='Noto Sans Symbols', style='normal', variant='normal', weight=400, stretch='normal', size='scalable')) = 10.05
2025-08-06 14:44:19,991 - DEBUG - findfont: score(FontEntry(fname='/usr/share/fonts/noto/NotoSansOlChiki-Regular.ttf', name='Noto Sans Ol Chiki', style='normal', variant='normal', weight=400, stretch='normal', size='scalable')) = 10.05
2025-08-06 14:44:19,991 - DEBUG - findfont: score(FontEntry(fname='/usr/share/fonts/noto/NotoSansCherokee-Thin.ttf', name='Noto Sans Cherokee', style='normal', variant='normal', weight=100, stretch='normal', size='scalable')) = 10.335
2025-08-06 14:44:19,991 - DEBUG - findfont: score(FontEntry(fname='/usr/share/fonts/noto/NotoSerifMalayalam-Regular.ttf', name='Noto Serif Malayalam', style='normal', variant='normal', weight=400, stretch='normal', size='scalable')) = 10.05
2025-08-06 14:44:19,991 - DEBUG - findfont: score(FontEntry(fname='/usr/share/fonts/noto/NotoSansSyriacEastern-Regular.ttf', name='Noto Sans Syriac Eastern', style='normal', variant='normal', weight=400, stretch='normal', size='scalable')) = 10.05
2025-08-06 14:44:19,991 - DEBUG - findfont: score(FontEntry(fname='/usr/share/fonts/gsfonts/C059-Italic.otf', name='C059', style='italic', variant='normal', weight=400, stretch='normal', size='scalable')) = 11.05
2025-08-06 14:44:19,992 - DEBUG - findfont: score(FontEntry(fname='/usr/share/fonts/noto/NotoSansLaoLooped-Regular.ttf', name='Noto Sans Lao Looped', style='normal', variant='normal', weight=400, stretch='normal', size='scalable')) = 10.05
2025-08-06 14:44:19,992 - DEBUG - findfont: score(FontEntry(fname='/usr/share/fonts/noto/NotoSerifDisplay-Medium.ttf', name='Noto Serif Display', style='normal', variant='normal', weight=500, stretch='normal', size='scalable')) = 10.145
2025-08-06 14:44:19,992 - DEBUG - findfont: score(FontEntry(fname='/usr/share/fonts/noto/NotoSerifOriya-Medium.ttf', name='Noto Serif Oriya', style='normal', variant='normal', weight=500, stretch='normal', size='scalable')) = 10.145
2025-08-06 14:44:19,992 - DEBUG - findfont: score(FontEntry(fname='/usr/share/fonts/noto/NotoSansMedefaidrin-Regular.ttf', name='Noto Sans Medefaidrin', style='normal', variant='normal', weight=400, stretch='normal', size='scalable')) = 10.05
2025-08-06 14:44:19,992 - DEBUG - findfont: score(FontEntry(fname='/usr/share/fonts/noto/NotoSerifDisplay-Thin.ttf', name='Noto Serif Display', style='normal', variant='normal', weight=100, stretch='normal', size='scalable')) = 10.335
2025-08-06 14:44:19,992 - DEBUG - findfont: score(FontEntry(fname='/usr/share/fonts/gsfonts/NimbusMonoPS-Italic.otf', name='Nimbus Mono PS', style='italic', variant='normal', weight=400, stretch='normal', size='scalable')) = 11.05
2025-08-06 14:44:19,992 - DEBUG - findfont: score(FontEntry(fname='/usr/share/fonts/noto/NotoSansGeorgian-Black.ttf', name='Noto Sans Georgian', style='normal', variant='normal', weight=900, stretch='normal', size='scalable')) = 10.525
2025-08-06 14:44:19,992 - DEBUG - findfont: score(FontEntry(fname='/usr/share/fonts/noto/NotoSerifDisplay-Black.ttf', name='Noto Serif Display', style='normal', variant='normal', weight=900, stretch='normal', size='scalable')) = 10.525
2025-08-06 14:44:19,992 - DEBUG - findfont: score(FontEntry(fname='/usr/share/fonts/noto/NotoSansMono-Thin.ttf', name='Noto Sans Mono', style='normal', variant='normal', weight=100, stretch='normal', size='scalable')) = 10.335
2025-08-06 14:44:19,992 - DEBUG - findfont: score(FontEntry(fname='/usr/share/fonts/noto/NotoSerif-ThinItalic.ttf', name='Noto Serif', style='italic', variant='normal', weight=100, stretch='normal', size='scalable')) = 11.335
2025-08-06 14:44:19,992 - DEBUG - findfont: score(FontEntry(fname='/usr/share/fonts/noto/NotoSans-MediumItalic.ttf', name='Noto Sans', style='italic', variant='normal', weight=500, stretch='normal', size='scalable')) = 11.145
2025-08-06 14:44:19,992 - DEBUG - findfont: score(FontEntry(fname='/usr/share/fonts/TTF/DejaVuSerifCondensed-BoldItalic.ttf', name='DejaVu Serif', style='italic', variant='normal', weight=700, stretch='condensed', size='scalable')) = 11.535
2025-08-06 14:44:19,992 - DEBUG - findfont: score(FontEntry(fname='/usr/share/fonts/noto/NotoSansThaana-Regular.ttf', name='Noto Sans Thaana', style='normal', variant='normal', weight=400, stretch='normal', size='scalable')) = 10.05
2025-08-06 14:44:19,992 - DEBUG - findfont: score(FontEntry(fname='/usr/share/fonts/noto/NotoSerifTelugu-Black.ttf', name='Noto Serif Telugu', style='normal', variant='normal', weight=900, stretch='normal', size='scalable')) = 10.525
2025-08-06 14:44:19,992 - DEBUG - findfont: score(FontEntry(fname='/usr/share/fonts/noto/NotoSansTeluguUI-Regular.ttf', name='Noto Sans Telugu UI', style='normal', variant='normal', weight=400, stretch='normal', size='scalable')) = 10.05
2025-08-06 14:44:19,992 - DEBUG - findfont: score(FontEntry(fname='/usr/share/fonts/noto/NotoSerifDisplay-MediumItalic.ttf', name='Noto Serif Display', style='italic', variant='normal', weight=500, stretch='normal', size='scalable')) = 11.145
2025-08-06 14:44:19,992 - DEBUG - findfont: score(FontEntry(fname='/usr/share/fonts/gsfonts/URWBookman-Demi.otf', name='URW Bookman', style='normal', variant='normal', weight=600, stretch='normal', size='scalable')) = 10.24
2025-08-06 14:44:19,992 - DEBUG - findfont: score(FontEntry(fname='/usr/share/fonts/noto/NotoSansMeeteiMayek-Thin.ttf', name='Noto Sans Meetei Mayek', style='normal', variant='normal', weight=100, stretch='normal', size='scalable')) = 10.335
2025-08-06 14:44:19,992 - DEBUG - findfont: score(FontEntry(fname='/usr/share/fonts/noto/NotoSansDevanagariUI-Thin.ttf', name='Noto Sans Devanagari UI', style='normal', variant='normal', weight=100, stretch='normal', size='scalable')) = 10.335
2025-08-06 14:44:19,992 - DEBUG - findfont: score(FontEntry(fname='/usr/share/fonts/noto/NotoSansLinearA-Regular.ttf', name='Noto Sans Linear A', style='normal', variant='normal', weight=400, stretch='normal', size='scalable')) = 10.05
2025-08-06 14:44:19,992 - DEBUG - findfont: score(FontEntry(fname='/usr/share/fonts/noto/NotoSerifSinhala-Black.ttf', name='Noto Serif Sinhala', style='normal', variant='normal', weight=900, stretch='normal', size='scalable')) = 10.525
2025-08-06 14:44:19,992 - DEBUG - findfont: score(FontEntry(fname='/usr/share/fonts/noto/NotoSansSyriac-Thin.ttf', name='Noto Sans Syriac', style='normal', variant='normal', weight=100, stretch='normal', size='scalable')) = 10.335
2025-08-06 14:44:19,992 - DEBUG - findfont: score(FontEntry(fname='/usr/share/fonts/noto/NotoSansOldHungarian-Regular.ttf', name='Noto Sans Old Hungarian', style='normal', variant='normal', weight=400, stretch='normal', size='scalable')) = 10.05
2025-08-06 14:44:19,992 - DEBUG - findfont: score(FontEntry(fname='/usr/share/fonts/noto/NotoSerifHebrew-Regular.ttf', name='Noto Serif Hebrew', style='normal', variant='normal', weight=400, stretch='normal', size='scalable')) = 10.05
2025-08-06 14:44:19,992 - DEBUG - findfont: score(FontEntry(fname='/usr/share/fonts/noto/NotoSansOriya-Thin.ttf', name='Noto Sans Oriya', style='normal', variant='normal', weight=100, stretch='normal', size='scalable')) = 10.335
2025-08-06 14:44:19,992 - DEBUG - findfont: score(FontEntry(fname='/usr/share/fonts/noto/NotoSansThaiLooped-Light.ttf', name='Noto Sans Thai Looped', style='normal', variant='normal', weight=300, stretch='normal', size='scalable')) = 10.145
2025-08-06 14:44:19,992 - DEBUG - findfont: score(FontEntry(fname='/usr/share/fonts/noto/NotoMusic-Regular.ttf', name='Noto Music', style='normal', variant='normal', weight=400, stretch='normal', size='scalable')) = 10.05
2025-08-06 14:44:19,992 - DEBUG - findfont: score(FontEntry(fname='/usr/share/fonts/noto/NotoSansGujarati-Thin.ttf', name='Noto Sans Gujarati', style='normal', variant='normal', weight=100, stretch='normal', size='scalable')) = 10.335
2025-08-06 14:44:19,992 - DEBUG - findfont: score(FontEntry(fname='/usr/share/fonts/gsfonts/NimbusSans-Italic.otf', name='Nimbus Sans', style='italic', variant='normal', weight=400, stretch='normal', size='scalable')) = 11.05
2025-08-06 14:44:19,992 - DEBUG - findfont: score(FontEntry(fname='/usr/share/fonts/noto/NotoSansAvestan-Regular.ttf', name='Noto Sans Avestan', style='normal', variant='normal', weight=400, stretch='normal', size='scalable')) = 10.05
2025-08-06 14:44:19,993 - DEBUG - findfont: score(FontEntry(fname='/usr/share/fonts/noto/NotoNastaliqUrdu-Bold.ttf', name='Noto Nastaliq Urdu', style='normal', variant='normal', weight=700, stretch='normal', size='scalable')) = 10.335
2025-08-06 14:44:19,993 - DEBUG - findfont: score(FontEntry(fname='/usr/share/fonts/noto/NotoSerifMalayalam-Light.ttf', name='Noto Serif Malayalam', style='normal', variant='normal', weight=300, stretch='normal', size='scalable')) = 10.145
2025-08-06 14:44:19,993 - DEBUG - findfont: score(FontEntry(fname='/usr/share/fonts/noto/NotoSansKaithi-Regular.ttf', name='Noto Sans Kaithi', style='normal', variant='normal', weight=400, stretch='normal', size='scalable')) = 10.05
2025-08-06 14:44:19,993 - DEBUG - findfont: score(FontEntry(fname='/usr/share/fonts/TTF/Hack-Italic.ttf', name='Hack', style='italic', variant='normal', weight=400, stretch='normal', size='scalable')) = 11.05
2025-08-06 14:44:19,993 - DEBUG - findfont: score(FontEntry(fname='/usr/share/fonts/noto/NotoSerifGujarati-Regular.ttf', name='Noto Serif Gujarati', style='normal', variant='normal', weight=400, stretch='normal', size='scalable')) = 10.05
2025-08-06 14:44:19,993 - DEBUG - findfont: score(FontEntry(fname='/usr/share/fonts/noto/NotoSansSyriacWestern-Thin.ttf', name='Noto Sans Syriac Western', style='normal', variant='normal', weight=100, stretch='normal', size='scalable')) = 10.335
2025-08-06 14:44:19,993 - DEBUG - findfont: score(FontEntry(fname='/usr/share/fonts/noto/NotoSerif-Italic.ttf', name='Noto Serif', style='italic', variant='normal', weight=400, stretch='normal', size='scalable')) = 11.05
2025-08-06 14:44:19,993 - DEBUG - findfont: score(FontEntry(fname='/usr/share/fonts/noto/NotoSansKayahLi-Bold.ttf', name='Noto Sans Kayah Li', style='normal', variant='normal', weight=700, stretch='normal', size='scalable')) = 10.335
2025-08-06 14:44:19,993 - DEBUG - findfont: score(FontEntry(fname='/usr/share/fonts/noto/NotoSansMalayalam-Bold.ttf', name='Noto Sans Malayalam', style='normal', variant='normal', weight=700, stretch='normal', size='scalable')) = 10.335
2025-08-06 14:44:19,993 - DEBUG - findfont: score(FontEntry(fname='/usr/share/fonts/noto/NotoSansTeluguUI-Black.ttf', name='Noto Sans Telugu UI', style='normal', variant='normal', weight=900, stretch='normal', size='scalable')) = 10.525
2025-08-06 14:44:19,993 - DEBUG - findfont: score(FontEntry(fname='/usr/share/fonts/noto/NotoSansSymbols2-Regular.ttf', name='Noto Sans Symbols 2', style='normal', variant='normal', weight=400, stretch='normal', size='scalable')) = 10.05
2025-08-06 14:44:19,993 - DEBUG - findfont: score(FontEntry(fname='/usr/share/fonts/noto/NotoSansNabataean-Regular.ttf', name='Noto Sans Nabataean', style='normal', variant='normal', weight=400, stretch='normal', size='scalable')) = 10.05
2025-08-06 14:44:19,993 - DEBUG - findfont: score(FontEntry(fname='/usr/share/fonts/noto/NotoSansArmenian-Black.ttf', name='Noto Sans Armenian', style='normal', variant='normal', weight=900, stretch='normal', size='scalable')) = 10.525
2025-08-06 14:44:19,993 - DEBUG - findfont: score(FontEntry(fname='/usr/share/fonts/noto/NotoSansLaoLooped-Light.ttf', name='Noto Sans Lao Looped', style='normal', variant='normal', weight=300, stretch='normal', size='scalable')) = 10.145
2025-08-06 14:44:19,993 - DEBUG - findfont: score(FontEntry(fname='/usr/share/fonts/noto/NotoSerifTibetan-Thin.ttf', name='Noto Serif Tibetan', style='normal', variant='normal', weight=100, stretch='normal', size='scalable')) = 10.335
2025-08-06 14:44:19,993 - DEBUG - findfont: score(FontEntry(fname='/usr/share/fonts/noto/NotoSansThai-Bold.ttf', name='Noto Sans Thai', style='normal', variant='normal', weight=700, stretch='normal', size='scalable')) = 10.335
2025-08-06 14:44:19,993 - DEBUG - findfont: score(FontEntry(fname='/usr/share/fonts/noto/NotoSansLaoLooped-Bold.ttf', name='Noto Sans Lao Looped', style='normal', variant='normal', weight=700, stretch='normal', size='scalable')) = 10.335
2025-08-06 14:44:19,993 - DEBUG - findfont: score(FontEntry(fname='/usr/share/fonts/noto/NotoSerif-Light.ttf', name='Noto Serif', style='normal', variant='normal', weight=300, stretch='normal', size='scalable')) = 10.145
2025-08-06 14:44:19,993 - DEBUG - findfont: score(FontEntry(fname='/usr/share/fonts/noto/NotoSansTamilUI-Medium.ttf', name='Noto Sans Tamil UI', style='normal', variant='normal', weight=500, stretch='normal', size='scalable')) = 10.145
2025-08-06 14:44:19,993 - DEBUG - findfont: score(FontEntry(fname='/usr/share/fonts/noto/NotoSerifToto-Medium.ttf', name='Noto Serif Toto', style='normal', variant='normal', weight=500, stretch='normal', size='scalable')) = 10.145
2025-08-06 14:44:19,993 - DEBUG - findfont: score(FontEntry(fname='/usr/share/fonts/noto/NotoSansArmenian-Bold.ttf', name='Noto Sans Armenian', style='normal', variant='normal', weight=700, stretch='normal', size='scalable')) = 10.335
2025-08-06 14:44:19,993 - DEBUG - findfont: score(FontEntry(fname='/usr/share/fonts/noto/NotoSansGeorgian-Medium.ttf', name='Noto Sans Georgian', style='normal', variant='normal', weight=500, stretch='normal', size='scalable')) = 10.145
2025-08-06 14:44:19,993 - DEBUG - findfont: score(FontEntry(fname='/usr/share/fonts/noto/NotoSansNewa-Regular.ttf', name='Noto Sans Newa', style='normal', variant='normal', weight=400, stretch='normal', size='scalable')) = 10.05
2025-08-06 14:44:19,993 - DEBUG - findfont: score(FontEntry(fname='/usr/share/fonts/noto/NotoSansSogdian-Regular.ttf', name='Noto Sans Sogdian', style='normal', variant='normal', weight=400, stretch='normal', size='scalable')) = 10.05
2025-08-06 14:44:19,993 - DEBUG - findfont: score(FontEntry(fname='/usr/share/fonts/noto/NotoSansLao-Black.ttf', name='Noto Sans Lao', style='normal', variant='normal', weight=900, stretch='normal', size='scalable')) = 10.525
2025-08-06 14:44:19,993 - DEBUG - findfont: score(FontEntry(fname='/usr/share/fonts/noto/NotoSansLycian-Regular.ttf', name='Noto Sans Lycian', style='normal', variant='normal', weight=400, stretch='normal', size='scalable')) = 10.05
2025-08-06 14:44:19,993 - DEBUG - findfont: score(FontEntry(fname='/usr/share/fonts/noto/NotoSansCherokee-Black.ttf', name='Noto Sans Cherokee', style='normal', variant='normal', weight=900, stretch='normal', size='scalable')) = 10.525
2025-08-06 14:44:19,993 - DEBUG - findfont: score(FontEntry(fname='/usr/share/fonts/noto/NotoSansBalinese-Bold.ttf', name='Noto Sans Balinese', style='normal', variant='normal', weight=700, stretch='normal', size='scalable')) = 10.335
2025-08-06 14:44:19,993 - DEBUG - findfont: score(FontEntry(fname='/usr/share/fonts/noto/NotoNaskhArabicUI-Regular.ttf', name='Noto Naskh Arabic UI', style='normal', variant='normal', weight=400, stretch='normal', size='scalable')) = 10.05
2025-08-06 14:44:19,993 - DEBUG - findfont: score(FontEntry(fname='/usr/share/fonts/noto/NotoSansMono-Medium.ttf', name='Noto Sans Mono', style='normal', variant='normal', weight=500, stretch='normal', size='scalable')) = 10.145
2025-08-06 14:44:19,994 - DEBUG - findfont: score(FontEntry(fname='/usr/share/fonts/noto/NotoSansOldSogdian-Regular.ttf', name='Noto Sans Old Sogdian', style='normal', variant='normal', weight=400, stretch='normal', size='scalable')) = 10.05
2025-08-06 14:44:19,994 - DEBUG - findfont: score(FontEntry(fname='/usr/share/fonts/noto/NotoSansThaiLooped-Medium.ttf', name='Noto Sans Thai Looped', style='normal', variant='normal', weight=500, stretch='normal', size='scalable')) = 10.145
2025-08-06 14:44:19,994 - DEBUG - findfont: score(FontEntry(fname='/usr/share/fonts/noto/NotoSansGothic-Regular.ttf', name='Noto Sans Gothic', style='normal', variant='normal', weight=400, stretch='normal', size='scalable')) = 10.05
2025-08-06 14:44:19,994 - DEBUG - findfont: score(FontEntry(fname='/usr/share/fonts/noto/NotoSansGurmukhi-Regular.ttf', name='Noto Sans Gurmukhi', style='normal', variant='normal', weight=400, stretch='normal', size='scalable')) = 10.05
2025-08-06 14:44:19,994 - DEBUG - findfont: score(FontEntry(fname='/usr/share/fonts/TTF/Hack-Regular.ttf', name='Hack', style='normal', variant='normal', weight=400, stretch='normal', size='scalable')) = 10.05
2025-08-06 14:44:19,994 - DEBUG - findfont: score(FontEntry(fname='/usr/share/fonts/noto/NotoSans-Medium.ttf', name='Noto Sans', style='normal', variant='normal', weight=500, stretch='normal', size='scalable')) = 10.145
2025-08-06 14:44:19,994 - DEBUG - findfont: score(FontEntry(fname='/usr/share/fonts/TTF/DejaVuSans-ExtraLight.ttf', name='DejaVu Sans', style='normal', variant='normal', weight=200, stretch='normal', size='scalable')) = 2.24
2025-08-06 14:44:19,994 - DEBUG - findfont: score(FontEntry(fname='/usr/share/fonts/noto/NotoSansBhaiksuki-Regular.ttf', name='Noto Sans Bhaiksuki', style='normal', variant='normal', weight=400, stretch='normal', size='scalable')) = 10.05
2025-08-06 14:44:19,994 - DEBUG - findfont: score(FontEntry(fname='/usr/share/fonts/noto/NotoSerifBalinese-Regular.ttf', name='Noto Serif Balinese', style='normal', variant='normal', weight=400, stretch='normal', size='scalable')) = 10.05
2025-08-06 14:44:19,994 - DEBUG - findfont: score(FontEntry(fname='/usr/share/fonts/gsfonts/NimbusMonoPS-Bold.otf', name='Nimbus Mono PS', style='normal', variant='normal', weight=700, stretch='normal', size='scalable')) = 10.335
2025-08-06 14:44:19,994 - DEBUG - findfont: score(FontEntry(fname='/usr/share/fonts/noto/NotoSerifNPHmong-Regular.ttf', name='Noto Serif NP Hmong', style='normal', variant='normal', weight=400, stretch='normal', size='scalable')) = 10.05
2025-08-06 14:44:19,994 - DEBUG - findfont: score(FontEntry(fname='/usr/share/fonts/noto/NotoSerifKhojki-Regular.ttf', name='Noto Serif Khojki', style='normal', variant='normal', weight=400, stretch='normal', size='scalable')) = 10.05
2025-08-06 14:44:19,994 - DEBUG - findfont: score(FontEntry(fname='/usr/share/fonts/noto/NotoSansAdlam-Bold.ttf', name='Noto Sans Adlam', style='normal', variant='normal', weight=700, stretch='normal', size='scalable')) = 10.335
2025-08-06 14:44:19,994 - DEBUG - findfont: score(FontEntry(fname='/usr/share/fonts/noto/NotoSansMono-Regular.ttf', name='Noto Sans Mono', style='normal', variant='normal', weight=400, stretch='normal', size='scalable')) = 10.05
2025-08-06 14:44:19,994 - DEBUG - findfont: score(FontEntry(fname='/usr/share/fonts/noto/NotoKufiArabic-Regular.ttf', name='Noto Kufi Arabic', style='normal', variant='normal', weight=400, stretch='normal', size='scalable')) = 10.05
2025-08-06 14:44:19,994 - DEBUG - findfont: score(FontEntry(fname='/usr/share/fonts/noto/NotoSansLisu-Regular.ttf', name='Noto Sans Lisu', style='normal', variant='normal', weight=400, stretch='normal', size='scalable')) = 10.05
2025-08-06 14:44:19,994 - DEBUG - findfont: score(FontEntry(fname='/usr/share/fonts/noto/NotoSerifLao-Thin.ttf', name='Noto Serif Lao', style='normal', variant='normal', weight=100, stretch='normal', size='scalable')) = 10.335
2025-08-06 14:44:19,994 - DEBUG - findfont: score(FontEntry(fname='/usr/share/fonts/noto/NotoSerifBengali-Thin.ttf', name='Noto Serif Bengali', style='normal', variant='normal', weight=100, stretch='normal', size='scalable')) = 10.335
2025-08-06 14:44:19,994 - DEBUG - findfont: score(FontEntry(fname='/usr/share/fonts/noto/NotoSerifSinhala-Light.ttf', name='Noto Serif Sinhala', style='normal', variant='normal', weight=300, stretch='normal', size='scalable')) = 10.145
2025-08-06 14:44:19,994 - DEBUG - findfont: score(FontEntry(fname='/usr/share/fonts/noto/NotoSansCoptic-Regular.ttf', name='Noto Sans Coptic', style='normal', variant='normal', weight=400, stretch='normal', size='scalable')) = 10.05
2025-08-06 14:44:19,994 - DEBUG - findfont: score(FontEntry(fname='/usr/share/fonts/noto/NotoSansTamilUI-Light.ttf', name='Noto Sans Tamil UI', style='normal', variant='normal', weight=300, stretch='normal', size='scalable')) = 10.145
2025-08-06 14:44:19,994 - DEBUG - findfont: score(FontEntry(fname='/usr/share/fonts/noto/NotoSerifTamil-Bold.ttf', name='Noto Serif Tamil', style='normal', variant='normal', weight=700, stretch='normal', size='scalable')) = 10.335
2025-08-06 14:44:19,994 - DEBUG - findfont: score(FontEntry(fname='/usr/share/fonts/noto/NotoSansHebrew-Regular.ttf', name='Noto Sans Hebrew', style='normal', variant='normal', weight=400, stretch='normal', size='scalable')) = 10.05
2025-08-06 14:44:19,994 - DEBUG - findfont: score(FontEntry(fname='/usr/share/fonts/TTF/DejaVuSerifCondensed.ttf', name='DejaVu Serif', style='normal', variant='normal', weight=400, stretch='condensed', size='scalable')) = 10.25
2025-08-06 14:44:19,994 - DEBUG - findfont: score(FontEntry(fname='/usr/share/fonts/gsfonts/P052-Roman.otf', name='P052', style='normal', variant='normal', weight=400, stretch='normal', size='scalable')) = 10.05
2025-08-06 14:44:19,994 - DEBUG - findfont: score(FontEntry(fname='/usr/share/fonts/noto/NotoSerifKannada-Black.ttf', name='Noto Serif Kannada', style='normal', variant='normal', weight=900, stretch='normal', size='scalable')) = 10.525
2025-08-06 14:44:19,994 - DEBUG - findfont: score(FontEntry(fname='/usr/share/fonts/noto/NotoSerifDevanagari-Thin.ttf', name='Noto Serif Devanagari', style='normal', variant='normal', weight=100, stretch='normal', size='scalable')) = 10.335
2025-08-06 14:44:19,994 - DEBUG - findfont: score(FontEntry(fname='/usr/share/fonts/TTF/DejaVuSerif-Bold.ttf', name='DejaVu Serif', style='normal', variant='normal', weight=700, stretch='normal', size='scalable')) = 10.335
2025-08-06 14:44:19,994 - DEBUG - findfont: score(FontEntry(fname='/usr/share/fonts/noto/NotoSansDevanagariUI-Black.ttf', name='Noto Sans Devanagari UI', style='normal', variant='normal', weight=900, stretch='normal', size='scalable')) = 10.525
2025-08-06 14:44:19,994 - DEBUG - findfont: score(FontEntry(fname='/usr/share/fonts/noto/NotoSansMono-Bold.ttf', name='Noto Sans Mono', style='normal', variant='normal', weight=700, stretch='normal', size='scalable')) = 10.335
2025-08-06 14:44:19,995 - DEBUG - findfont: score(FontEntry(fname='/usr/share/fonts/noto/NotoSerifKannada-Light.ttf', name='Noto Serif Kannada', style='normal', variant='normal', weight=300, stretch='normal', size='scalable')) = 10.145
2025-08-06 14:44:19,995 - DEBUG - findfont: score(FontEntry(fname='/usr/share/fonts/noto/NotoSansTamilUI-Bold.ttf', name='Noto Sans Tamil UI', style='normal', variant='normal', weight=700, stretch='normal', size='scalable')) = 10.335
2025-08-06 14:44:19,995 - DEBUG - findfont: score(FontEntry(fname='/usr/share/fonts/noto/NotoFangsongKSSRotated-Regular.ttf', name='Noto Fangsong KSS Rotated', style='normal', variant='normal', weight=400, stretch='normal', size='scalable')) = 10.05
2025-08-06 14:44:19,995 - DEBUG - findfont: score(FontEntry(fname='/usr/share/fonts/noto/NotoSerifArmenian-Medium.ttf', name='Noto Serif Armenian', style='normal', variant='normal', weight=500, stretch='normal', size='scalable')) = 10.145
2025-08-06 14:44:19,995 - DEBUG - findfont: score(FontEntry(fname='/usr/share/fonts/noto/NotoSansTelugu-Bold.ttf', name='Noto Sans Telugu', style='normal', variant='normal', weight=700, stretch='normal', size='scalable')) = 10.335
2025-08-06 14:44:19,995 - DEBUG - findfont: score(FontEntry(fname='/usr/share/fonts/noto/NotoSerif-Thin.ttf', name='Noto Serif', style='normal', variant='normal', weight=100, stretch='normal', size='scalable')) = 10.335
2025-08-06 14:44:19,995 - DEBUG - findfont: score(FontEntry(fname='/usr/share/fonts/noto/NotoSansMedefaidrin-Medium.ttf', name='Noto Sans Medefaidrin', style='normal', variant='normal', weight=500, stretch='normal', size='scalable')) = 10.145
2025-08-06 14:44:19,995 - DEBUG - findfont: score(FontEntry(fname='/usr/share/fonts/noto/NotoSansVithkuqi-Bold.ttf', name='Noto Sans Vithkuqi', style='normal', variant='normal', weight=700, stretch='normal', size='scalable')) = 10.335
2025-08-06 14:44:19,995 - DEBUG - findfont: score(FontEntry(fname='/usr/share/fonts/noto/NotoSansSinhalaUI-Black.ttf', name='Noto Sans Sinhala UI', style='normal', variant='normal', weight=900, stretch='normal', size='scalable')) = 10.525
2025-08-06 14:44:19,995 - DEBUG - findfont: score(FontEntry(fname='/usr/share/fonts/noto/NotoSansOriya-Bold.ttf', name='Noto Sans Oriya', style='normal', variant='normal', weight=700, stretch='normal', size='scalable')) = 10.335
2025-08-06 14:44:19,995 - DEBUG - findfont: score(FontEntry(fname='/usr/share/fonts/noto/NotoSansArabic-Thin.ttf', name='Noto Sans Arabic', style='normal', variant='normal', weight=100, stretch='normal', size='scalable')) = 10.335
2025-08-06 14:44:19,995 - DEBUG - findfont: score(FontEntry(fname='/usr/share/fonts/noto/NotoSansBengali-Regular.ttf', name='Noto Sans Bengali', style='normal', variant='normal', weight=400, stretch='normal', size='scalable')) = 10.05
2025-08-06 14:44:19,995 - DEBUG - findfont: score(FontEntry(fname='/usr/share/fonts/noto/NotoSerifYezidi-Medium.ttf', name='Noto Serif Yezidi', style='normal', variant='normal', weight=500, stretch='normal', size='scalable')) = 10.145
2025-08-06 14:44:19,995 - DEBUG - findfont: score(FontEntry(fname='/usr/share/fonts/noto/NotoSansMyanmar-Medium.ttf', name='Noto Sans Myanmar', style='normal', variant='normal', weight=500, stretch='normal', size='scalable')) = 10.145
2025-08-06 14:44:19,995 - DEBUG - findfont: score(FontEntry(fname='/usr/share/fonts/noto/NotoSerifEthiopic-Regular.ttf', name='Noto Serif Ethiopic', style='normal', variant='normal', weight=400, stretch='normal', size='scalable')) = 10.05
2025-08-06 14:44:19,995 - DEBUG - findfont: score(FontEntry(fname='/usr/share/fonts/noto/NotoSerifMalayalam-Medium.ttf', name='Noto Serif Malayalam', style='normal', variant='normal', weight=500, stretch='normal', size='scalable')) = 10.145
2025-08-06 14:44:19,995 - DEBUG - findfont: score(FontEntry(fname='/usr/share/fonts/noto/NotoSansYi-Regular.ttf', name='Noto Sans Yi', style='normal', variant='normal', weight=400, stretch='normal', size='scalable')) = 10.05
2025-08-06 14:44:19,995 - DEBUG - findfont: score(FontEntry(fname='/usr/share/fonts/noto/NotoSansOsage-Regular.ttf', name='Noto Sans Osage', style='normal', variant='normal', weight=400, stretch='normal', size='scalable')) = 10.05
2025-08-06 14:44:19,995 - DEBUG - findfont: score(FontEntry(fname='/usr/share/fonts/noto/NotoSerifGurmukhi-Thin.ttf', name='Noto Serif Gurmukhi', style='normal', variant='normal', weight=100, stretch='normal', size='scalable')) = 10.335
2025-08-06 14:44:19,995 - DEBUG - findfont: score(FontEntry(fname='/usr/share/fonts/noto/NotoSansGlagolitic-Regular.ttf', name='Noto Sans Glagolitic', style='normal', variant='normal', weight=400, stretch='normal', size='scalable')) = 10.05
2025-08-06 14:44:19,995 - DEBUG - findfont: score(FontEntry(fname='/usr/share/fonts/noto/NotoSansChorasmian-Regular.ttf', name='Noto Sans Chorasmian', style='normal', variant='normal', weight=400, stretch='normal', size='scalable')) = 10.05
2025-08-06 14:44:19,995 - DEBUG - findfont: score(FontEntry(fname='/usr/share/fonts/noto/NotoSansArabic-Light.ttf', name='Noto Sans Arabic', style='normal', variant='normal', weight=300, stretch='normal', size='scalable')) = 10.145
2025-08-06 14:44:19,995 - DEBUG - findfont: score(FontEntry(fname='/usr/share/fonts/gsfonts/D050000L.otf', name='D050000L', style='normal', variant='normal', weight=400, stretch='normal', size='scalable')) = 10.05
2025-08-06 14:44:19,995 - DEBUG - findfont: score(FontEntry(fname='/usr/share/fonts/noto/NotoSansGeorgian-Light.ttf', name='Noto Sans Georgian', style='normal', variant='normal', weight=300, stretch='normal', size='scalable')) = 10.145
2025-08-06 14:44:19,995 - DEBUG - findfont: score(FontEntry(fname='/usr/share/fonts/noto/NotoSansTamilUI-Regular.ttf', name='Noto Sans Tamil UI', style='normal', variant='normal', weight=400, stretch='normal', size='scalable')) = 10.05
2025-08-06 14:44:19,995 - DEBUG - findfont: score(FontEntry(fname='/usr/share/fonts/noto/NotoSansCaucasianAlbanian-Regular.ttf', name='Noto Sans Caucasian Albanian', style='normal', variant='normal', weight=400, stretch='normal', size='scalable')) = 10.05
2025-08-06 14:44:19,995 - DEBUG - findfont: score(FontEntry(fname='/usr/share/fonts/noto/NotoSerifDisplay-BlackItalic.ttf', name='Noto Serif Display', style='italic', variant='normal', weight=900, stretch='normal', size='scalable')) = 11.525
2025-08-06 14:44:19,995 - DEBUG - findfont: score(FontEntry(fname='/usr/share/fonts/noto/NotoSansSoraSompeng-Bold.ttf', name='Noto Sans Sora Sompeng', style='normal', variant='normal', weight=700, stretch='normal', size='scalable')) = 10.335
2025-08-06 14:44:19,995 - DEBUG - findfont: score(FontEntry(fname='/usr/share/fonts/noto/NotoSansBuginese-Regular.ttf', name='Noto Sans Buginese', style='normal', variant='normal', weight=400, stretch='normal', size='scalable')) = 10.05
2025-08-06 14:44:19,995 - DEBUG - findfont: score(FontEntry(fname='/usr/share/fonts/noto/NotoSansHatran-Regular.ttf', name='Noto Sans Hatran', style='normal', variant='normal', weight=400, stretch='normal', size='scalable')) = 10.05
2025-08-06 14:44:19,996 - DEBUG - findfont: score(FontEntry(fname='/usr/share/fonts/noto/NotoSerifGujarati-Black.ttf', name='Noto Serif Gujarati', style='normal', variant='normal', weight=900, stretch='normal', size='scalable')) = 10.525
2025-08-06 14:44:19,996 - DEBUG - findfont: score(FontEntry(fname='/usr/share/fonts/noto/NotoSans-Thin.ttf', name='Noto Sans', style='normal', variant='normal', weight=100, stretch='normal', size='scalable')) = 10.335
2025-08-06 14:44:19,996 - DEBUG - findfont: score(FontEntry(fname='/usr/share/fonts/noto/NotoSansDevanagari-Black.ttf', name='Noto Sans Devanagari', style='normal', variant='normal', weight=900, stretch='normal', size='scalable')) = 10.525
2025-08-06 14:44:19,996 - DEBUG - findfont: score(FontEntry(fname='/usr/share/fonts/noto/NotoSerifHebrew-Bold.ttf', name='Noto Serif Hebrew', style='normal', variant='normal', weight=700, stretch='normal', size='scalable')) = 10.335
2025-08-06 14:44:19,996 - DEBUG - findfont: score(FontEntry(fname='/usr/share/fonts/noto/NotoSerifOldUyghur-Regular.ttf', name='Noto Serif Old Uyghur', style='normal', variant='normal', weight=400, stretch='normal', size='scalable')) = 10.05
2025-08-06 14:44:19,996 - DEBUG - findfont: score(FontEntry(fname='/usr/share/fonts/noto/NotoSerifTangut-Regular.ttf', name='Noto Serif Tangut', style='normal', variant='normal', weight=400, stretch='normal', size='scalable')) = 10.05
2025-08-06 14:44:19,996 - DEBUG - findfont: score(FontEntry(fname='/usr/share/fonts/gsfonts/URWGothic-Demi.otf', name='URW Gothic', style='normal', variant='normal', weight=600, stretch='normal', size='scalable')) = 10.24
2025-08-06 14:44:19,996 - DEBUG - findfont: score(FontEntry(fname='/usr/share/fonts/noto/NotoSansGeorgian-Bold.ttf', name='Noto Sans Georgian', style='normal', variant='normal', weight=700, stretch='normal', size='scalable')) = 10.335
2025-08-06 14:44:19,996 - DEBUG - findfont: score(FontEntry(fname='/usr/share/fonts/noto/NotoSansLao-Regular.ttf', name='Noto Sans Lao', style='normal', variant='normal', weight=400, stretch='normal', size='scalable')) = 10.05
2025-08-06 14:44:19,996 - DEBUG - findfont: score(FontEntry(fname='/usr/share/fonts/noto/NotoSerifKhojki-Bold.ttf', name='Noto Serif Khojki', style='normal', variant='normal', weight=700, stretch='normal', size='scalable')) = 10.335
2025-08-06 14:44:19,996 - DEBUG - findfont: score(FontEntry(fname='/usr/share/fonts/noto/NotoSans-Italic.ttf', name='Noto Sans', style='italic', variant='normal', weight=400, stretch='normal', size='scalable')) = 11.05
2025-08-06 14:44:19,996 - DEBUG - findfont: score(FontEntry(fname='/usr/share/fonts/noto/NotoSerifArmenian-Regular.ttf', name='Noto Serif Armenian', style='normal', variant='normal', weight=400, stretch='normal', size='scalable')) = 10.05
2025-08-06 14:44:19,996 - DEBUG - findfont: score(FontEntry(fname='/usr/share/fonts/noto/NotoSansTamil-Regular.ttf', name='Noto Sans Tamil', style='normal', variant='normal', weight=400, stretch='normal', size='scalable')) = 10.05
2025-08-06 14:44:19,996 - DEBUG - findfont: score(FontEntry(fname='/usr/share/fonts/noto/NotoSansVithkuqi-Regular.ttf', name='Noto Sans Vithkuqi', style='normal', variant='normal', weight=400, stretch='normal', size='scalable')) = 10.05
2025-08-06 14:44:19,996 - DEBUG - findfont: score(FontEntry(fname='/usr/share/fonts/noto/NotoSansTeluguUI-Light.ttf', name='Noto Sans Telugu UI', style='normal', variant='normal', weight=300, stretch='normal', size='scalable')) = 10.145
2025-08-06 14:44:19,996 - DEBUG - findfont: score(FontEntry(fname='/usr/share/fonts/noto/NotoSansArmenian-Medium.ttf', name='Noto Sans Armenian', style='normal', variant='normal', weight=500, stretch='normal', size='scalable')) = 10.145
2025-08-06 14:44:19,996 - DEBUG - findfont: score(FontEntry(fname='/usr/share/fonts/noto/NotoSansGurmukhi-Light.ttf', name='Noto Sans Gurmukhi', style='normal', variant='normal', weight=300, stretch='normal', size='scalable')) = 10.145
2025-08-06 14:44:19,996 - DEBUG - findfont: score(FontEntry(fname='/usr/share/fonts/noto/NotoSansCham-Light.ttf', name='Noto Sans Cham', style='normal', variant='normal', weight=300, stretch='normal', size='scalable')) = 10.145
2025-08-06 14:44:19,996 - DEBUG - findfont: score(FontEntry(fname='/usr/share/fonts/noto/NotoSerifThai-Light.ttf', name='Noto Serif Thai', style='normal', variant='normal', weight=300, stretch='normal', size='scalable')) = 10.145
2025-08-06 14:44:19,996 - DEBUG - findfont: score(FontEntry(fname='/usr/share/fonts/noto/NotoSansThaana-Black.ttf', name='Noto Sans Thaana', style='normal', variant='normal', weight=900, stretch='normal', size='scalable')) = 10.525
2025-08-06 14:44:19,996 - DEBUG - findfont: score(FontEntry(fname='/usr/share/fonts/noto/NotoSansDeseret-Regular.ttf', name='Noto Sans Deseret', style='normal', variant='normal', weight=400, stretch='normal', size='scalable')) = 10.05
2025-08-06 14:44:19,996 - DEBUG - findfont: score(FontEntry(fname='/usr/share/fonts/noto/NotoSerifTibetan-Medium.ttf', name='Noto Serif Tibetan', style='normal', variant='normal', weight=500, stretch='normal', size='scalable')) = 10.145
2025-08-06 14:44:19,996 - DEBUG - findfont: score(FontEntry(fname='/usr/share/fonts/noto/NotoSansTifinaghAPT-Regular.ttf', name='Noto Sans Tifinagh APT', style='normal', variant='normal', weight=400, stretch='normal', size='scalable')) = 10.05
2025-08-06 14:44:19,996 - DEBUG - findfont: score(FontEntry(fname='/usr/share/fonts/noto/NotoSerifMyanmar-Bold.ttf', name='Noto Serif Myanmar', style='normal', variant='normal', weight=700, stretch='normal', size='scalable')) = 10.335
2025-08-06 14:44:19,996 - DEBUG - findfont: score(FontEntry(fname='/usr/share/fonts/noto/NotoSansOldSouthArabian-Regular.ttf', name='Noto Sans Old South Arabian', style='normal', variant='normal', weight=400, stretch='normal', size='scalable')) = 10.05
2025-08-06 14:44:19,996 - DEBUG - findfont: score(FontEntry(fname='/usr/share/fonts/noto/NotoSansEgyptianHieroglyphs-Regular.ttf', name='Noto Sans Egyptian Hieroglyphs', style='normal', variant='normal', weight=400, stretch='normal', size='scalable')) = 10.05
2025-08-06 14:44:19,996 - DEBUG - findfont: score(FontEntry(fname='/usr/share/fonts/noto/NotoSansTagalog-Regular.ttf', name='Noto Sans Tagalog', style='normal', variant='normal', weight=400, stretch='normal', size='scalable')) = 10.05
2025-08-06 14:44:19,996 - DEBUG - findfont: score(FontEntry(fname='/usr/share/fonts/noto/NotoSansThaiLooped-Regular.ttf', name='Noto Sans Thai Looped', style='normal', variant='normal', weight=400, stretch='normal', size='scalable')) = 10.05
2025-08-06 14:44:19,996 - DEBUG - findfont: score(FontEntry(fname='/usr/share/fonts/gnu-free/FreeSansBoldOblique.otf', name='FreeSans', style='oblique', variant='normal', weight=600, stretch='normal', size='scalable')) = 11.24
2025-08-06 14:44:19,997 - DEBUG - findfont: score(FontEntry(fname='/usr/share/fonts/noto/NotoSansCham-Medium.ttf', name='Noto Sans Cham', style='normal', variant='normal', weight=500, stretch='normal', size='scalable')) = 10.145
2025-08-06 14:44:19,997 - DEBUG - findfont: score(FontEntry(fname='/usr/share/fonts/noto/NotoSansEthiopic-Thin.ttf', name='Noto Sans Ethiopic', style='normal', variant='normal', weight=100, stretch='normal', size='scalable')) = 10.335
2025-08-06 14:44:19,997 - DEBUG - findfont: score(FontEntry(fname='/usr/share/fonts/noto/NotoSansJavanese-Bold.ttf', name='Noto Sans Javanese', style='normal', variant='normal', weight=700, stretch='normal', size='scalable')) = 10.335
2025-08-06 14:44:19,997 - DEBUG - findfont: score(FontEntry(fname='/usr/share/fonts/noto/NotoSansTifinaghTawellemmet-Regular.ttf', name='Noto Sans Tifinagh Tawellemmet', style='normal', variant='normal', weight=400, stretch='normal', size='scalable')) = 10.05
2025-08-06 14:44:19,997 - DEBUG - findfont: score(FontEntry(fname='/usr/share/fonts/noto/NotoSerifTamil-LightItalic.ttf', name='Noto Serif Tamil', style='italic', variant='normal', weight=300, stretch='normal', size='scalable')) = 11.145
2025-08-06 14:44:19,997 - DEBUG - findfont: score(FontEntry(fname='/usr/share/fonts/noto/NotoSansLao-Medium.ttf', name='Noto Sans Lao', style='normal', variant='normal', weight=500, stretch='normal', size='scalable')) = 10.145
2025-08-06 14:44:19,997 - DEBUG - findfont: score(FontEntry(fname='/usr/share/fonts/noto/NotoSans-Regular.ttf', name='Noto Sans', style='normal', variant='normal', weight=400, stretch='normal', size='scalable')) = 10.05
2025-08-06 14:44:19,997 - DEBUG - findfont: score(FontEntry(fname='/usr/share/fonts/TTF/DejaVuSerif-Italic.ttf', name='DejaVu Serif', style='italic', variant='normal', weight=400, stretch='normal', size='scalable')) = 11.05
2025-08-06 14:44:19,997 - DEBUG - findfont: score(FontEntry(fname='/usr/share/fonts/noto/NotoSerifThai-Regular.ttf', name='Noto Serif Thai', style='normal', variant='normal', weight=400, stretch='normal', size='scalable')) = 10.05
2025-08-06 14:44:19,997 - DEBUG - findfont: score(FontEntry(fname='/usr/share/fonts/noto/NotoSansTagbanwa-Regular.ttf', name='Noto Sans Tagbanwa', style='normal', variant='normal', weight=400, stretch='normal', size='scalable')) = 10.05
2025-08-06 14:44:19,997 - DEBUG - findfont: score(FontEntry(fname='/usr/share/fonts/noto/NotoSansDevanagari-Bold.ttf', name='Noto Sans Devanagari', style='normal', variant='normal', weight=700, stretch='normal', size='scalable')) = 10.335
2025-08-06 14:44:19,997 - DEBUG - findfont: score(FontEntry(fname='/usr/share/fonts/noto/NotoSansSylotiNagri-Regular.ttf', name='Noto Sans Syloti Nagri', style='normal', variant='normal', weight=400, stretch='normal', size='scalable')) = 10.05
2025-08-06 14:44:19,997 - DEBUG - findfont: score(FontEntry(fname='/usr/share/fonts/noto/NotoSansSinhalaUI-Regular.ttf', name='Noto Sans Sinhala UI', style='normal', variant='normal', weight=400, stretch='normal', size='scalable')) = 10.05
2025-08-06 14:44:19,997 - DEBUG - findfont: score(FontEntry(fname='/usr/share/fonts/noto/NotoSansMeeteiMayek-Medium.ttf', name='Noto Sans Meetei Mayek', style='normal', variant='normal', weight=500, stretch='normal', size='scalable')) = 10.145
2025-08-06 14:44:19,997 - DEBUG - findfont: score(FontEntry(fname='/usr/share/fonts/TTF/DejaVuSerifCondensed-Bold.ttf', name='DejaVu Serif', style='normal', variant='normal', weight=700, stretch='condensed', size='scalable')) = 10.535
2025-08-06 14:44:19,997 - DEBUG - findfont: score(FontEntry(fname='/usr/share/fonts/noto/NotoSansSaurashtra-Regular.ttf', name='Noto Sans Saurashtra', style='normal', variant='normal', weight=400, stretch='normal', size='scalable')) = 10.05
2025-08-06 14:44:19,997 - DEBUG - findfont: score(FontEntry(fname='/usr/share/fonts/noto/NotoSansTakri-Regular.ttf', name='Noto Sans Takri', style='normal', variant='normal', weight=400, stretch='normal', size='scalable')) = 10.05
2025-08-06 14:44:19,997 - DEBUG - findfont: score(FontEntry(fname='/usr/share/fonts/noto/NotoSansSymbols-Thin.ttf', name='Noto Sans Symbols', style='normal', variant='normal', weight=100, stretch='normal', size='scalable')) = 10.335
2025-08-06 14:44:19,997 - DEBUG - findfont: score(FontEntry(fname='/usr/share/fonts/gsfonts/C059-Bold.otf', name='C059', style='normal', variant='normal', weight=700, stretch='normal', size='scalable')) = 10.335
2025-08-06 14:44:19,997 - DEBUG - findfont: score(FontEntry(fname='/usr/share/fonts/noto/NotoSansMyanmar-Thin.ttf', name='Noto Sans Myanmar', style='normal', variant='normal', weight=100, stretch='normal', size='scalable')) = 10.335
2025-08-06 14:44:19,997 - DEBUG - findfont: score(FontEntry(fname='/usr/share/fonts/noto/NotoSansArabic-Bold.ttf', name='Noto Sans Arabic', style='normal', variant='normal', weight=700, stretch='normal', size='scalable')) = 10.335
2025-08-06 14:44:19,997 - DEBUG - findfont: score(FontEntry(fname='/usr/share/fonts/noto/NotoSansThaiLooped-Thin.ttf', name='Noto Sans Thai Looped', style='normal', variant='normal', weight=100, stretch='normal', size='scalable')) = 10.335
2025-08-06 14:44:19,998 - DEBUG - findfont: score(FontEntry(fname='/usr/share/fonts/noto/NotoSerifMalayalam-Black.ttf', name='Noto Serif Malayalam', style='normal', variant='normal', weight=900, stretch='normal', size='scalable')) = 10.525
2025-08-06 14:44:19,998 - DEBUG - findfont: score(FontEntry(fname='/usr/share/fonts/noto/NotoSans-Light.ttf', name='Noto Sans', style='normal', variant='normal', weight=300, stretch='normal', size='scalable')) = 10.145
2025-08-06 14:44:19,998 - DEBUG - findfont: score(FontEntry(fname='/usr/share/fonts/noto/NotoSerifEthiopic-Black.ttf', name='Noto Serif Ethiopic', style='normal', variant='normal', weight=900, stretch='normal', size='scalable')) = 10.525
2025-08-06 14:44:19,998 - DEBUG - findfont: score(FontEntry(fname='/usr/share/fonts/noto/NotoSerif-Medium.ttf', name='Noto Serif', style='normal', variant='normal', weight=500, stretch='normal', size='scalable')) = 10.145
2025-08-06 14:44:19,998 - DEBUG - findfont: score(FontEntry(fname='/usr/share/fonts/noto/NotoSansCarian-Regular.ttf', name='Noto Sans Carian', style='normal', variant='normal', weight=400, stretch='normal', size='scalable')) = 10.05
2025-08-06 14:44:19,998 - DEBUG - findfont: score(FontEntry(fname='/usr/share/fonts/noto/NotoSansGrantha-Regular.ttf', name='Noto Sans Grantha', style='normal', variant='normal', weight=400, stretch='normal', size='scalable')) = 10.05
2025-08-06 14:44:19,998 - DEBUG - findfont: score(FontEntry(fname='/usr/share/fonts/noto/NotoSerifTibetan-Black.ttf', name='Noto Serif Tibetan', style='normal', variant='normal', weight=900, stretch='normal', size='scalable')) = 10.525
2025-08-06 14:44:19,998 - DEBUG - findfont: score(FontEntry(fname='/usr/share/fonts/noto/NotoSerifMyanmar-Thin.ttf', name='Noto Serif Myanmar', style='normal', variant='normal', weight=100, stretch='normal', size='scalable')) = 10.335
2025-08-06 14:44:19,998 - DEBUG - findfont: score(FontEntry(fname='/usr/share/fonts/noto/NotoSans-BoldItalic.ttf', name='Noto Sans', style='italic', variant='normal', weight=700, stretch='normal', size='scalable')) = 11.335
2025-08-06 14:44:19,998 - DEBUG - findfont: score(FontEntry(fname='/usr/share/fonts/noto/NotoSansCuneiform-Regular.ttf', name='Noto Sans Cuneiform', style='normal', variant='normal', weight=400, stretch='normal', size='scalable')) = 10.05
2025-08-06 14:44:19,998 - DEBUG - findfont: score(FontEntry(fname='/usr/share/fonts/noto/NotoKufiArabic-Thin.ttf', name='Noto Kufi Arabic', style='normal', variant='normal', weight=100, stretch='normal', size='scalable')) = 10.335
2025-08-06 14:44:19,998 - DEBUG - findfont: score(FontEntry(fname='/usr/share/fonts/noto/NotoSansSinhala-Thin.ttf', name='Noto Sans Sinhala', style='normal', variant='normal', weight=100, stretch='normal', size='scalable')) = 10.335
2025-08-06 14:44:19,998 - DEBUG - findfont: score(FontEntry(fname='/usr/share/fonts/noto/NotoSerifSinhala-Regular.ttf', name='Noto Serif Sinhala', style='normal', variant='normal', weight=400, stretch='normal', size='scalable')) = 10.05
2025-08-06 14:44:19,998 - DEBUG - findfont: score(FontEntry(fname='/usr/share/fonts/noto/NotoSansArabicUI-Medium.ttf', name='Noto Sans Arabic UI', style='normal', variant='normal', weight=500, stretch='normal', size='scalable')) = 10.145
2025-08-06 14:44:19,998 - DEBUG - findfont: score(FontEntry(fname='/usr/share/fonts/noto/NotoSansSinhala-Medium.ttf', name='Noto Sans Sinhala', style='normal', variant='normal', weight=500, stretch='normal', size='scalable')) = 10.145
2025-08-06 14:44:19,998 - DEBUG - findfont: score(FontEntry(fname='/usr/share/fonts/noto/NotoSansTifinaghHawad-Regular.ttf', name='Noto Sans Tifinagh Hawad', style='normal', variant='normal', weight=400, stretch='normal', size='scalable')) = 10.05
2025-08-06 14:44:19,998 - DEBUG - findfont: score(FontEntry(fname='/usr/share/fonts/noto/NotoSansSiddham-Regular.ttf', name='Noto Sans Siddham', style='normal', variant='normal', weight=400, stretch='normal', size='scalable')) = 10.05
2025-08-06 14:44:19,998 - DEBUG - findfont: score(FontEntry(fname='/usr/share/fonts/noto/NotoSansTifinaghAzawagh-Regular.ttf', name='Noto Sans Tifinagh Azawagh', style='normal', variant='normal', weight=400, stretch='normal', size='scalable')) = 10.05
2025-08-06 14:44:19,998 - DEBUG - findfont: score(FontEntry(fname='/usr/share/fonts/noto/NotoNastaliqUrdu-Regular.ttf', name='Noto Nastaliq Urdu', style='normal', variant='normal', weight=400, stretch='normal', size='scalable')) = 10.05
2025-08-06 14:44:19,998 - DEBUG - findfont: score(FontEntry(fname='/usr/share/fonts/noto/NotoSansNKoUnjoined-Bold.ttf', name='Noto Sans NKo Unjoined', style='normal', variant='normal', weight=700, stretch='normal', size='scalable')) = 10.335
2025-08-06 14:44:19,998 - DEBUG - findfont: score(FontEntry(fname='/usr/share/fonts/noto/NotoSerif-Bold.ttf', name='Noto Serif', style='normal', variant='normal', weight=700, stretch='normal', size='scalable')) = 10.335
2025-08-06 14:44:19,999 - DEBUG - findfont: score(FontEntry(fname='/usr/share/fonts/noto/NotoSansKharoshthi-Regular.ttf', name='Noto Sans Kharoshthi', style='normal', variant='normal', weight=400, stretch='normal', size='scalable')) = 10.05
2025-08-06 14:44:19,999 - DEBUG - findfont: score(FontEntry(fname='/usr/share/fonts/noto/NotoSansBengali-Black.ttf', name='Noto Sans Bengali', style='normal', variant='normal', weight=900, stretch='normal', size='scalable')) = 10.525
2025-08-06 14:44:19,999 - DEBUG - findfont: score(FontEntry(fname='/usr/share/fonts/noto/NotoSansGurmukhi-Thin.ttf', name='Noto Sans Gurmukhi', style='normal', variant='normal', weight=100, stretch='normal', size='scalable')) = 10.335
2025-08-06 14:44:19,999 - DEBUG - findfont: score(FontEntry(fname='/usr/share/fonts/noto/NotoSerifKhmer-Black.ttf', name='Noto Serif Khmer', style='normal', variant='normal', weight=900, stretch='normal', size='scalable')) = 10.525
2025-08-06 14:44:19,999 - DEBUG - findfont: score(FontEntry(fname='/usr/share/fonts/noto/NotoSansBassaVah-Bold.ttf', name='Noto Sans Bassa Vah', style='normal', variant='normal', weight=700, stretch='normal', size='scalable')) = 10.335
2025-08-06 14:44:19,999 - DEBUG - findfont: score(FontEntry(fname='/usr/share/fonts/noto/NotoSerifSinhala-Thin.ttf', name='Noto Serif Sinhala', style='normal', variant='normal', weight=100, stretch='normal', size='scalable')) = 10.335
2025-08-06 14:44:19,999 - DEBUG - findfont: score(FontEntry(fname='/usr/share/fonts/noto/NotoSansArabicUI-Thin.ttf', name='Noto Sans Arabic UI', style='normal', variant='normal', weight=100, stretch='normal', size='scalable')) = 10.335
2025-08-06 14:44:19,999 - DEBUG - findfont: score(FontEntry(fname='/usr/share/fonts/noto/NotoSansDevanagari-Regular.ttf', name='Noto Sans Devanagari', style='normal', variant='normal', weight=400, stretch='normal', size='scalable')) = 10.05
2025-08-06 14:44:19,999 - DEBUG - findfont: score(FontEntry(fname='/usr/share/fonts/noto/NotoSansDevanagari-Thin.ttf', name='Noto Sans Devanagari', style='normal', variant='normal', weight=100, stretch='normal', size='scalable')) = 10.335
2025-08-06 14:44:19,999 - DEBUG - findfont: score(FontEntry(fname='/usr/share/fonts/noto/NotoSansCanadianAboriginal-Regular.ttf', name='Noto Sans Canadian Aboriginal', style='normal', variant='normal', weight=400, stretch='normal', size='scalable')) = 10.05
2025-08-06 14:44:19,999 - DEBUG - findfont: score(FontEntry(fname='/usr/share/fonts/gsfonts/NimbusSansNarrow-BoldOblique.otf', name='Nimbus Sans Narrow', style='oblique', variant='normal', weight=700, stretch='condensed', size='scalable')) = 11.535
2025-08-06 14:44:19,999 - DEBUG - findfont: score(FontEntry(fname='/usr/share/fonts/Adwaita/AdwaitaSans-Italic.ttf', name='Adwaita Sans', style='italic', variant='normal', weight=400, stretch='normal', size='scalable')) = 11.05
2025-08-06 14:44:19,999 - DEBUG - findfont: score(FontEntry(fname='/usr/share/fonts/noto/NotoSansKannada-Light.ttf', name='Noto Sans Kannada', style='normal', variant='normal', weight=300, stretch='normal', size='scalable')) = 10.145
2025-08-06 14:44:19,999 - DEBUG - findfont: score(FontEntry(fname='/usr/share/fonts/noto/NotoSansSignWriting-Regular.ttf', name='Noto Sans SignWriting', style='normal', variant='normal', weight=400, stretch='normal', size='scalable')) = 10.05
2025-08-06 14:44:19,999 - DEBUG - findfont: score(FontEntry(fname='/usr/share/fonts/noto/NotoSansMedefaidrin-Bold.ttf', name='Noto Sans Medefaidrin', style='normal', variant='normal', weight=700, stretch='normal', size='scalable')) = 10.335
2025-08-06 14:44:19,999 - DEBUG - findfont: score(FontEntry(fname='/usr/share/fonts/noto/NotoSerif-LightItalic.ttf', name='Noto Serif', style='italic', variant='normal', weight=300, stretch='normal', size='scalable')) = 11.145
2025-08-06 14:44:19,999 - DEBUG - findfont: score(FontEntry(fname='/usr/share/fonts/noto/NotoSansHebrew-Medium.ttf', name='Noto Sans Hebrew', style='normal', variant='normal', weight=500, stretch='normal', size='scalable')) = 10.145
2025-08-06 14:44:19,999 - DEBUG - findfont: score(FontEntry(fname='/usr/share/fonts/noto/NotoSerifLao-Regular.ttf', name='Noto Serif Lao', style='normal', variant='normal', weight=400, stretch='normal', size='scalable')) = 10.05
2025-08-06 14:44:19,999 - DEBUG - findfont: score(FontEntry(fname='/usr/share/fonts/noto/NotoSansMahajani-Regular.ttf', name='Noto Sans Mahajani', style='normal', variant='normal', weight=400, stretch='normal', size='scalable')) = 10.05
2025-08-06 14:44:19,999 - DEBUG - findfont: score(FontEntry(fname='/usr/share/fonts/noto/NotoSerifDevanagari-Black.ttf', name='Noto Serif Devanagari', style='normal', variant='normal', weight=900, stretch='normal', size='scalable')) = 10.525
2025-08-06 14:44:19,999 - DEBUG - findfont: score(FontEntry(fname='/usr/share/fonts/gnu-free/FreeSans.otf', name='FreeSans', style='normal', variant='normal', weight=400, stretch='normal', size='scalable')) = 10.05
2025-08-06 14:44:20,000 - DEBUG - findfont: score(FontEntry(fname='/usr/share/fonts/noto/NotoSerifKannada-Thin.ttf', name='Noto Serif Kannada', style='normal', variant='normal', weight=100, stretch='normal', size='scalable')) = 10.335
2025-08-06 14:44:20,000 - DEBUG - findfont: score(FontEntry(fname='/usr/share/fonts/noto/NotoRashiHebrew-Thin.ttf', name='Noto Rashi Hebrew', style='normal', variant='normal', weight=100, stretch='normal', size='scalable')) = 10.335
2025-08-06 14:44:20,000 - DEBUG - findfont: score(FontEntry(fname='/usr/share/fonts/noto/NotoSansBassaVah-Medium.ttf', name='Noto Sans Bassa Vah', style='normal', variant='normal', weight=500, stretch='normal', size='scalable')) = 10.145
2025-08-06 14:44:20,000 - DEBUG - findfont: score(FontEntry(fname='/usr/share/fonts/noto/NotoSansCham-Bold.ttf', name='Noto Sans Cham', style='normal', variant='normal', weight=700, stretch='normal', size='scalable')) = 10.335
2025-08-06 14:44:20,000 - DEBUG - findfont: score(FontEntry(fname='/usr/share/fonts/noto/NotoSansOriya-Black.ttf', name='Noto Sans Oriya', style='normal', variant='normal', weight=900, stretch='normal', size='scalable')) = 10.525
2025-08-06 14:44:20,000 - DEBUG - findfont: score(FontEntry(fname='/usr/share/fonts/noto/NotoSansTeluguUI-Medium.ttf', name='Noto Sans Telugu UI', style='normal', variant='normal', weight=500, stretch='normal', size='scalable')) = 10.145
2025-08-06 14:44:20,000 - DEBUG - findfont: score(FontEntry(fname='/usr/share/fonts/noto/NotoSerif-BlackItalic.ttf', name='Noto Serif', style='italic', variant='normal', weight=900, stretch='normal', size='scalable')) = 11.525
2025-08-06 14:44:20,000 - DEBUG - findfont: score(FontEntry(fname='/usr/share/fonts/noto/NotoSansKhmer-Bold.ttf', name='Noto Sans Khmer', style='normal', variant='normal', weight=700, stretch='normal', size='scalable')) = 10.335
2025-08-06 14:44:20,000 - DEBUG - findfont: score(FontEntry(fname='/usr/share/fonts/noto/NotoSansTaiViet-Regular.ttf', name='Noto Sans Tai Viet', style='normal', variant='normal', weight=400, stretch='normal', size='scalable')) = 10.05
2025-08-06 14:44:20,000 - DEBUG - findfont: score(FontEntry(fname='/usr/share/fonts/noto/NotoRashiHebrew-Light.ttf', name='Noto Rashi Hebrew', style='normal', variant='normal', weight=300, stretch='normal', size='scalable')) = 10.145
2025-08-06 14:44:20,000 - DEBUG - findfont: score(FontEntry(fname='/usr/share/fonts/gsfonts/URWBookman-DemiItalic.otf', name='URW Bookman', style='italic', variant='normal', weight=600, stretch='normal', size='scalable')) = 11.24
2025-08-06 14:44:20,000 - DEBUG - findfont: score(FontEntry(fname='/usr/share/fonts/noto/NotoSerifMalayalam-Thin.ttf', name='Noto Serif Malayalam', style='normal', variant='normal', weight=100, stretch='normal', size='scalable')) = 10.335
2025-08-06 14:44:20,000 - DEBUG - findfont: score(FontEntry(fname='/usr/share/fonts/noto/NotoSerifSinhala-Bold.ttf', name='Noto Serif Sinhala', style='normal', variant='normal', weight=700, stretch='normal', size='scalable')) = 10.335
2025-08-06 14:44:20,000 - DEBUG - findfont: score(FontEntry(fname='/usr/share/fonts/noto/NotoSansMalayalamUI-Light.ttf', name='Noto Sans Malayalam UI', style='normal', variant='normal', weight=300, stretch='normal', size='scalable')) = 10.145
2025-08-06 14:44:20,000 - DEBUG - findfont: score(FontEntry(fname='/usr/share/fonts/noto/NotoSansEthiopic-Bold.ttf', name='Noto Sans Ethiopic', style='normal', variant='normal', weight=700, stretch='normal', size='scalable')) = 10.335
2025-08-06 14:44:20,000 - DEBUG - findfont: score(FontEntry(fname='/usr/share/fonts/noto/NotoSansHanifiRohingya-Medium.ttf', name='Noto Sans Hanifi Rohingya', style='normal', variant='normal', weight=500, stretch='normal', size='scalable')) = 10.145
2025-08-06 14:44:20,000 - DEBUG - findfont: score(FontEntry(fname='/usr/share/fonts/noto/NotoSansLimbu-Regular.ttf', name='Noto Sans Limbu', style='normal', variant='normal', weight=400, stretch='normal', size='scalable')) = 10.05
2025-08-06 14:44:20,000 - DEBUG - findfont: score(FontEntry(fname='/usr/share/fonts/noto/NotoSerifGeorgian-Black.ttf', name='Noto Serif Georgian', style='normal', variant='normal', weight=900, stretch='normal', size='scalable')) = 10.525
2025-08-06 14:44:20,000 - DEBUG - findfont: score(FontEntry(fname='/usr/share/fonts/TTF/Hack-Bold.ttf', name='Hack', style='normal', variant='normal', weight=700, stretch='normal', size='scalable')) = 10.335
2025-08-06 14:44:20,000 - DEBUG - findfont: score(FontEntry(fname='/usr/share/fonts/TTF/DejaVuSansCondensed-BoldOblique.ttf', name='DejaVu Sans', style='oblique', variant='normal', weight=700, stretch='condensed', size='scalable')) = 3.535
2025-08-06 14:44:20,000 - DEBUG - findfont: score(FontEntry(fname='/usr/share/fonts/noto/NotoSansNewTaiLue-Medium.ttf', name='Noto Sans New Tai Lue', style='normal', variant='normal', weight=500, stretch='normal', size='scalable')) = 10.145
2025-08-06 14:44:20,000 - DEBUG - findfont: score(FontEntry(fname='/usr/share/fonts/noto/NotoSansLao-Thin.ttf', name='Noto Sans Lao', style='normal', variant='normal', weight=100, stretch='normal', size='scalable')) = 10.335
2025-08-06 14:44:20,001 - DEBUG - findfont: score(FontEntry(fname='/usr/share/fonts/Adwaita/AdwaitaMono-Regular.ttf', name='Adwaita Mono', style='normal', variant='normal', weight=400, stretch='normal', size='scalable')) = 10.05
2025-08-06 14:44:20,001 - DEBUG - findfont: score(FontEntry(fname='/usr/share/fonts/noto/NotoSerifGujarati-Bold.ttf', name='Noto Serif Gujarati', style='normal', variant='normal', weight=700, stretch='normal', size='scalable')) = 10.335
2025-08-06 14:44:20,001 - DEBUG - findfont: score(FontEntry(fname='/usr/share/fonts/noto/NotoSansGunjalaGondi-Regular.ttf', name='Noto Sans Gunjala Gondi', style='normal', variant='normal', weight=400, stretch='normal', size='scalable')) = 10.05
2025-08-06 14:44:20,001 - DEBUG - findfont: score(FontEntry(fname='/usr/share/fonts/noto/NotoTraditionalNushu-Regular.ttf', name='Noto Traditional Nushu', style='normal', variant='normal', weight=400, stretch='normal', size='scalable')) = 10.05
2025-08-06 14:44:20,001 - DEBUG - findfont: score(FontEntry(fname='/usr/share/fonts/noto/NotoSansDuployan-Regular.ttf', name='Noto Sans Duployan', style='normal', variant='normal', weight=400, stretch='normal', size='scalable')) = 10.05
2025-08-06 14:44:20,001 - DEBUG - findfont: score(FontEntry(fname='/usr/share/fonts/noto/NotoSansChakma-Regular.ttf', name='Noto Sans Chakma', style='normal', variant='normal', weight=400, stretch='normal', size='scalable')) = 10.05
2025-08-06 14:44:20,001 - DEBUG - findfont: score(FontEntry(fname='/usr/share/fonts/noto/NotoSerifTelugu-Regular.ttf', name='Noto Serif Telugu', style='normal', variant='normal', weight=400, stretch='normal', size='scalable')) = 10.05
2025-08-06 14:44:20,001 - DEBUG - findfont: score(FontEntry(fname='/usr/share/fonts/noto/NotoSerifHebrew-Medium.ttf', name='Noto Serif Hebrew', style='normal', variant='normal', weight=500, stretch='normal', size='scalable')) = 10.145
2025-08-06 14:44:20,001 - DEBUG - findfont: score(FontEntry(fname='/usr/share/fonts/noto/NotoSansHebrew-Thin.ttf', name='Noto Sans Hebrew', style='normal', variant='normal', weight=100, stretch='normal', size='scalable')) = 10.335
2025-08-06 14:44:20,001 - DEBUG - findfont: score(FontEntry(fname='/usr/share/fonts/noto/NotoSansGurmukhiUI-Medium.ttf', name='Noto Sans Gurmukhi UI', style='normal', variant='normal', weight=500, stretch='normal', size='scalable')) = 10.145
2025-08-06 14:44:20,001 - DEBUG - findfont: score(FontEntry(fname='/usr/share/fonts/noto/NotoSansMeeteiMayek-Regular.ttf', name='Noto Sans Meetei Mayek', style='normal', variant='normal', weight=400, stretch='normal', size='scalable')) = 10.05
2025-08-06 14:44:20,001 - DEBUG - findfont: score(FontEntry(fname='/usr/share/fonts/noto/NotoSansKannadaUI-Black.ttf', name='Noto Sans Kannada UI', style='normal', variant='normal', weight=900, stretch='normal', size='scalable')) = 10.525
2025-08-06 14:44:20,001 - DEBUG - findfont: score(FontEntry(fname='/usr/share/fonts/noto/NotoSerifToto-Regular.ttf', name='Noto Serif Toto', style='normal', variant='normal', weight=400, stretch='normal', size='scalable')) = 10.05
2025-08-06 14:44:20,001 - DEBUG - findfont: score(FontEntry(fname='/usr/share/fonts/noto/NotoSansKhudawadi-Regular.ttf', name='Noto Sans Khudawadi', style='normal', variant='normal', weight=400, stretch='normal', size='scalable')) = 10.05
2025-08-06 14:44:20,001 - DEBUG - findfont: score(FontEntry(fname='/usr/share/fonts/noto/NotoSerifDivesAkuru-Regular.ttf', name='Noto Serif Dives Akuru', style='normal', variant='normal', weight=400, stretch='normal', size='scalable')) = 10.05
2025-08-06 14:44:20,001 - DEBUG - findfont: score(FontEntry(fname='/usr/share/fonts/noto/NotoSerifTamil-BlackItalic.ttf', name='Noto Serif Tamil', style='italic', variant='normal', weight=900, stretch='normal', size='scalable')) = 11.525
2025-08-06 14:44:20,001 - DEBUG - findfont: score(FontEntry(fname='/usr/share/fonts/noto/NotoSansGujaratiUI-Bold.ttf', name='Noto Sans Gujarati UI', style='normal', variant='normal', weight=700, stretch='normal', size='scalable')) = 10.335
2025-08-06 14:44:20,001 - DEBUG - findfont: score(FontEntry(fname='/usr/share/fonts/noto/NotoSerifDisplay-Light.ttf', name='Noto Serif Display', style='normal', variant='normal', weight=300, stretch='normal', size='scalable')) = 10.145
2025-08-06 14:44:20,001 - DEBUG - findfont: score(FontEntry(fname='/usr/share/fonts/gsfonts/NimbusMonoPS-Regular.otf', name='Nimbus Mono PS', style='normal', variant='normal', weight=400, stretch='normal', size='scalable')) = 10.05
2025-08-06 14:44:20,001 - DEBUG - findfont: score(FontEntry(fname='/usr/share/fonts/noto/NotoSansKhojki-Regular.ttf', name='Noto Sans Khojki', style='normal', variant='normal', weight=400, stretch='normal', size='scalable')) = 10.05
2025-08-06 14:44:20,001 - DEBUG - findfont: score(FontEntry(fname='/usr/share/fonts/noto/NotoSansTelugu-Medium.ttf', name='Noto Sans Telugu', style='normal', variant='normal', weight=500, stretch='normal', size='scalable')) = 10.145
2025-08-06 14:44:20,002 - DEBUG - findfont: score(FontEntry(fname='/usr/share/fonts/noto/NotoSerifGujarati-Light.ttf', name='Noto Serif Gujarati', style='normal', variant='normal', weight=300, stretch='normal', size='scalable')) = 10.145
2025-08-06 14:44:20,002 - DEBUG - findfont: score(FontEntry(fname='/usr/share/fonts/noto/NotoSerifLao-Bold.ttf', name='Noto Serif Lao', style='normal', variant='normal', weight=700, stretch='normal', size='scalable')) = 10.335
2025-08-06 14:44:20,002 - DEBUG - findfont: score(FontEntry(fname='/usr/share/fonts/noto/NotoSans-ThinItalic.ttf', name='Noto Sans', style='italic', variant='normal', weight=100, stretch='normal', size='scalable')) = 11.335
2025-08-06 14:44:20,002 - DEBUG - findfont: score(FontEntry(fname='/usr/share/fonts/noto/NotoSansGujarati-Light.ttf', name='Noto Sans Gujarati', style='normal', variant='normal', weight=300, stretch='normal', size='scalable')) = 10.145
2025-08-06 14:44:20,002 - DEBUG - findfont: score(FontEntry(fname='/usr/share/fonts/noto/NotoSansBatak-Regular.ttf', name='Noto Sans Batak', style='normal', variant='normal', weight=400, stretch='normal', size='scalable')) = 10.05
2025-08-06 14:44:20,002 - DEBUG - findfont: score(FontEntry(fname='/usr/share/fonts/noto/NotoSansBengaliUI-Light.ttf', name='Noto Sans Bengali UI', style='normal', variant='normal', weight=300, stretch='normal', size='scalable')) = 10.145
2025-08-06 14:44:20,002 - DEBUG - findfont: score(FontEntry(fname='/usr/share/fonts/noto/NotoSansTifinaghSIL-Regular.ttf', name='Noto Sans Tifinagh SIL', style='normal', variant='normal', weight=400, stretch='normal', size='scalable')) = 10.05
2025-08-06 14:44:20,002 - DEBUG - findfont: score(FontEntry(fname='/usr/share/fonts/noto/NotoSerifMyanmar-Black.ttf', name='Noto Serif Myanmar', style='normal', variant='normal', weight=900, stretch='normal', size='scalable')) = 10.525
2025-08-06 14:44:20,002 - DEBUG - findfont: score(FontEntry(fname='/usr/share/fonts/noto/NotoSansNagMundari-Regular.ttf', name='Noto Sans Nag Mundari', style='normal', variant='normal', weight=400, stretch='normal', size='scalable')) = 10.05
2025-08-06 14:44:20,002 - DEBUG - findfont: score(FontEntry(fname='/usr/share/fonts/noto/NotoSansTaiLe-Regular.ttf', name='Noto Sans Tai Le', style='normal', variant='normal', weight=400, stretch='normal', size='scalable')) = 10.05
2025-08-06 14:44:20,002 - DEBUG - findfont: score(FontEntry(fname='/usr/share/fonts/noto/NotoSerifBengali-Black.ttf', name='Noto Serif Bengali', style='normal', variant='normal', weight=900, stretch='normal', size='scalable')) = 10.525
2025-08-06 14:44:20,002 - DEBUG - findfont: score(FontEntry(fname='/usr/share/fonts/noto/NotoSerifNPHmong-Medium.ttf', name='Noto Serif NP Hmong', style='normal', variant='normal', weight=500, stretch='normal', size='scalable')) = 10.145
2025-08-06 14:44:20,002 - DEBUG - findfont: score(FontEntry(fname='/usr/share/fonts/noto/NotoSansTamilSupplement-Regular.ttf', name='Noto Sans Tamil Supplement', style='normal', variant='normal', weight=400, stretch='normal', size='scalable')) = 10.05
2025-08-06 14:44:20,002 - DEBUG - findfont: score(FontEntry(fname='/usr/share/fonts/noto/NotoSansSinhalaUI-Thin.ttf', name='Noto Sans Sinhala UI', style='normal', variant='normal', weight=100, stretch='normal', size='scalable')) = 10.335
2025-08-06 14:44:20,002 - DEBUG - findfont: score(FontEntry(fname='/usr/share/fonts/noto/NotoSansMeeteiMayek-Bold.ttf', name='Noto Sans Meetei Mayek', style='normal', variant='normal', weight=700, stretch='normal', size='scalable')) = 10.335
2025-08-06 14:44:20,002 - DEBUG - findfont: score(FontEntry(fname='/usr/share/fonts/noto/NotoSansSundanese-Bold.ttf', name='Noto Sans Sundanese', style='normal', variant='normal', weight=700, stretch='normal', size='scalable')) = 10.335
2025-08-06 14:44:20,002 - DEBUG - findfont: score(FontEntry(fname='/usr/share/fonts/noto/NotoSansTaiTham-Medium.ttf', name='Noto Sans Tai Tham', style='normal', variant='normal', weight=500, stretch='normal', size='scalable')) = 10.145
2025-08-06 14:44:20,002 - DEBUG - findfont: score(FontEntry(fname='/usr/share/fonts/gsfonts/NimbusSansNarrow-Bold.otf', name='Nimbus Sans Narrow', style='normal', variant='normal', weight=700, stretch='condensed', size='scalable')) = 10.535
2025-08-06 14:44:20,002 - DEBUG - findfont: score(FontEntry(fname='/usr/share/fonts/noto/NotoSerifKhmer-Thin.ttf', name='Noto Serif Khmer', style='normal', variant='normal', weight=100, stretch='normal', size='scalable')) = 10.335
2025-08-06 14:44:20,002 - DEBUG - findfont: score(FontEntry(fname='/usr/share/fonts/noto/NotoSerifLao-Medium.ttf', name='Noto Serif Lao', style='normal', variant='normal', weight=500, stretch='normal', size='scalable')) = 10.145
2025-08-06 14:44:20,002 - DEBUG - findfont: score(FontEntry(fname='/usr/share/fonts/noto/NotoSansThaana-Bold.ttf', name='Noto Sans Thaana', style='normal', variant='normal', weight=700, stretch='normal', size='scalable')) = 10.335
2025-08-06 14:44:20,002 - DEBUG - findfont: score(FontEntry(fname='/usr/share/fonts/gsfonts/URWGothic-BookOblique.otf', name='URW Gothic', style='oblique', variant='normal', weight=400, stretch='normal', size='scalable')) = 11.05
2025-08-06 14:44:20,003 - DEBUG - findfont: score(FontEntry(fname='/usr/share/fonts/noto/NotoSansMalayalam-Black.ttf', name='Noto Sans Malayalam', style='normal', variant='normal', weight=900, stretch='normal', size='scalable')) = 10.525
2025-08-06 14:44:20,003 - DEBUG - findfont: score(FontEntry(fname='/usr/share/fonts/TTF/DejaVuSansCondensed-Oblique.ttf', name='DejaVu Sans', style='oblique', variant='normal', weight=400, stretch='condensed', size='scalable')) = 3.25
2025-08-06 14:44:20,003 - DEBUG - findfont: score(FontEntry(fname='/usr/share/fonts/noto/NotoSerif-BoldItalic.ttf', name='Noto Serif', style='italic', variant='normal', weight=700, stretch='normal', size='scalable')) = 11.335
2025-08-06 14:44:20,003 - DEBUG - findfont: score(FontEntry(fname='/usr/share/fonts/noto/NotoSansThaana-Medium.ttf', name='Noto Sans Thaana', style='normal', variant='normal', weight=500, stretch='normal', size='scalable')) = 10.145
2025-08-06 14:44:20,003 - DEBUG - findfont: score(FontEntry(fname='/usr/share/fonts/noto/NotoSansAdlamUnjoined-Regular.ttf', name='Noto Sans Adlam Unjoined', style='normal', variant='normal', weight=400, stretch='normal', size='scalable')) = 10.05
2025-08-06 14:44:20,003 - DEBUG - findfont: score(FontEntry(fname='/usr/share/fonts/noto/NotoSansDevanagariUI-Regular.ttf', name='Noto Sans Devanagari UI', style='normal', variant='normal', weight=400, stretch='normal', size='scalable')) = 10.05
2025-08-06 14:44:20,003 - DEBUG - findfont: score(FontEntry(fname='/usr/share/fonts/noto/NotoSansLisu-Bold.ttf', name='Noto Sans Lisu', style='normal', variant='normal', weight=700, stretch='normal', size='scalable')) = 10.335
2025-08-06 14:44:20,003 - DEBUG - findfont: score(FontEntry(fname='/usr/share/fonts/gsfonts/NimbusRoman-Italic.otf', name='Nimbus Roman', style='italic', variant='normal', weight=400, stretch='normal', size='scalable')) = 11.05
2025-08-06 14:44:20,003 - DEBUG - findfont: score(FontEntry(fname='/usr/share/fonts/noto/NotoSansKhmer-Thin.ttf', name='Noto Sans Khmer', style='normal', variant='normal', weight=100, stretch='normal', size='scalable')) = 10.335
2025-08-06 14:44:20,003 - DEBUG - findfont: score(FontEntry(fname='/usr/share/fonts/noto/NotoSansCanadianAboriginal-Light.ttf', name='Noto Sans Canadian Aboriginal', style='normal', variant='normal', weight=300, stretch='normal', size='scalable')) = 10.145
2025-08-06 14:44:20,003 - DEBUG - findfont: score(FontEntry(fname='/usr/share/fonts/noto/NotoSansKannada-Bold.ttf', name='Noto Sans Kannada', style='normal', variant='normal', weight=700, stretch='normal', size='scalable')) = 10.335
2025-08-06 14:44:20,003 - DEBUG - findfont: score(FontEntry(fname='/usr/share/fonts/noto/NotoSansMeeteiMayek-Light.ttf', name='Noto Sans Meetei Mayek', style='normal', variant='normal', weight=300, stretch='normal', size='scalable')) = 10.145
2025-08-06 14:44:20,003 - DEBUG - findfont: score(FontEntry(fname='/usr/share/fonts/noto/NotoSansCanadianAboriginal-Bold.ttf', name='Noto Sans Canadian Aboriginal', style='normal', variant='normal', weight=700, stretch='normal', size='scalable')) = 10.335
2025-08-06 14:44:20,003 - DEBUG - findfont: score(FontEntry(fname='/usr/share/fonts/noto/NotoSerifGrantha-Regular.ttf', name='Noto Serif Grantha', style='normal', variant='normal', weight=400, stretch='normal', size='scalable')) = 10.05
2025-08-06 14:44:20,003 - DEBUG - findfont: score(FontEntry(fname='/usr/share/fonts/noto/NotoSerifGurmukhi-Light.ttf', name='Noto Serif Gurmukhi', style='normal', variant='normal', weight=300, stretch='normal', size='scalable')) = 10.145
2025-08-06 14:44:20,003 - DEBUG - findfont: score(FontEntry(fname='/usr/share/fonts/noto/NotoSansLisu-Medium.ttf', name='Noto Sans Lisu', style='normal', variant='normal', weight=500, stretch='normal', size='scalable')) = 10.145
2025-08-06 14:44:20,003 - DEBUG - findfont: score(FontEntry(fname='/usr/share/fonts/noto/NotoSerifDevanagari-Regular.ttf', name='Noto Serif Devanagari', style='normal', variant='normal', weight=400, stretch='normal', size='scalable')) = 10.05
2025-08-06 14:44:20,003 - DEBUG - findfont: score(FontEntry(fname='/usr/share/fonts/TTF/DejaVuSansMono.ttf', name='DejaVu Sans Mono', style='normal', variant='normal', weight=400, stretch='normal', size='scalable')) = 10.05
2025-08-06 14:44:20,003 - DEBUG - findfont: score(FontEntry(fname='/usr/share/fonts/noto/NotoSerifBengali-Medium.ttf', name='Noto Serif Bengali', style='normal', variant='normal', weight=500, stretch='normal', size='scalable')) = 10.145
2025-08-06 14:44:20,003 - DEBUG - findfont: score(FontEntry(fname='/usr/share/fonts/noto/NotoSansIndicSiyaqNumbers-Regular.ttf', name='Noto Sans Indic Siyaq Numbers', style='normal', variant='normal', weight=400, stretch='normal', size='scalable')) = 10.05
2025-08-06 14:44:20,003 - DEBUG - findfont: score(FontEntry(fname='/usr/share/fonts/noto/NotoSansVai-Regular.ttf', name='Noto Sans Vai', style='normal', variant='normal', weight=400, stretch='normal', size='scalable')) = 10.05
2025-08-06 14:44:20,004 - DEBUG - findfont: score(FontEntry(fname='/usr/share/fonts/noto/NotoSansBamum-Bold.ttf', name='Noto Sans Bamum', style='normal', variant='normal', weight=700, stretch='normal', size='scalable')) = 10.335
2025-08-06 14:44:20,004 - DEBUG - findfont: score(FontEntry(fname='/usr/share/fonts/noto/NotoSansTirhuta-Regular.ttf', name='Noto Sans Tirhuta', style='normal', variant='normal', weight=400, stretch='normal', size='scalable')) = 10.05
2025-08-06 14:44:20,004 - DEBUG - findfont: score(FontEntry(fname='/usr/share/fonts/noto/NotoSansGujarati-Bold.ttf', name='Noto Sans Gujarati', style='normal', variant='normal', weight=700, stretch='normal', size='scalable')) = 10.335
2025-08-06 14:44:20,004 - DEBUG - findfont: score(FontEntry(fname='/usr/share/fonts/noto/NotoSansKhmer-Black.ttf', name='Noto Sans Khmer', style='normal', variant='normal', weight=900, stretch='normal', size='scalable')) = 10.525
2025-08-06 14:44:20,004 - DEBUG - findfont: score(FontEntry(fname='/usr/share/fonts/noto/NotoSansOldTurkic-Regular.ttf', name='Noto Sans Old Turkic', style='normal', variant='normal', weight=400, stretch='normal', size='scalable')) = 10.05
2025-08-06 14:44:20,004 - DEBUG - findfont: score(FontEntry(fname='/usr/share/fonts/noto/NotoSansDuployan-Bold.ttf', name='Noto Sans Duployan', style='normal', variant='normal', weight=700, stretch='normal', size='scalable')) = 10.335
2025-08-06 14:44:20,004 - DEBUG - findfont: score(FontEntry(fname='/usr/share/fonts/noto/NotoSansGujaratiUI-Regular.ttf', name='Noto Sans Gujarati UI', style='normal', variant='normal', weight=400, stretch='normal', size='scalable')) = 10.05
2025-08-06 14:44:20,004 - DEBUG - findfont: score(FontEntry(fname='/usr/share/fonts/noto/NotoSansKannada-Black.ttf', name='Noto Sans Kannada', style='normal', variant='normal', weight=900, stretch='normal', size='scalable')) = 10.525
2025-08-06 14:44:20,004 - DEBUG - findfont: score(FontEntry(fname='/usr/share/fonts/noto/NotoSansCham-Regular.ttf', name='Noto Sans Cham', style='normal', variant='normal', weight=400, stretch='normal', size='scalable')) = 10.05
2025-08-06 14:44:20,004 - DEBUG - findfont: score(FontEntry(fname='/usr/share/fonts/gnu-free/FreeSerifItalic.otf', name='FreeSerif', style='italic', variant='normal', weight=400, stretch='normal', size='scalable')) = 11.05
2025-08-06 14:44:20,004 - DEBUG - findfont: score(FontEntry(fname='/usr/share/fonts/gnu-free/FreeMonoOblique.otf', name='FreeMono', style='oblique', variant='normal', weight=400, stretch='normal', size='scalable')) = 11.05
2025-08-06 14:44:20,004 - DEBUG - findfont: score(FontEntry(fname='/usr/share/fonts/noto/NotoSansTelugu-Black.ttf', name='Noto Sans Telugu', style='normal', variant='normal', weight=900, stretch='normal', size='scalable')) = 10.525
2025-08-06 14:44:20,004 - DEBUG - findfont: score(FontEntry(fname='/usr/share/fonts/noto/NotoRashiHebrew-Black.ttf', name='Noto Rashi Hebrew', style='normal', variant='normal', weight=900, stretch='normal', size='scalable')) = 10.525
2025-08-06 14:44:20,004 - DEBUG - findfont: score(FontEntry(fname='/usr/share/fonts/noto/NotoSansTamil-Thin.ttf', name='Noto Sans Tamil', style='normal', variant='normal', weight=100, stretch='normal', size='scalable')) = 10.335
2025-08-06 14:44:20,004 - DEBUG - findfont: score(FontEntry(fname='/usr/share/fonts/noto/NotoSerifNPHmong-Bold.ttf', name='Noto Serif NP Hmong', style='normal', variant='normal', weight=700, stretch='normal', size='scalable')) = 10.335
2025-08-06 14:44:20,004 - DEBUG - findfont: score(FontEntry(fname='/usr/share/fonts/noto/NotoSansThaana-Thin.ttf', name='Noto Sans Thaana', style='normal', variant='normal', weight=100, stretch='normal', size='scalable')) = 10.335
2025-08-06 14:44:20,004 - DEBUG - findfont: score(FontEntry(fname='/usr/share/fonts/noto/NotoSansInscriptionalParthian-Regular.ttf', name='Noto Sans Inscriptional Parthian', style='normal', variant='normal', weight=400, stretch='normal', size='scalable')) = 10.05
2025-08-06 14:44:20,004 - DEBUG - findfont: score(FontEntry(fname='/usr/share/fonts/noto/NotoSerifTelugu-Bold.ttf', name='Noto Serif Telugu', style='normal', variant='normal', weight=700, stretch='normal', size='scalable')) = 10.335
2025-08-06 14:44:20,004 - DEBUG - findfont: score(FontEntry(fname='/usr/share/fonts/noto/NotoSerif-Black.ttf', name='Noto Serif', style='normal', variant='normal', weight=900, stretch='normal', size='scalable')) = 10.525
2025-08-06 14:44:20,004 - DEBUG - findfont: score(FontEntry(fname='/usr/share/fonts/noto/NotoSerifTibetan-Regular.ttf', name='Noto Serif Tibetan', style='normal', variant='normal', weight=400, stretch='normal', size='scalable')) = 10.05
2025-08-06 14:44:20,004 - DEBUG - findfont: score(FontEntry(fname='/usr/share/fonts/noto/NotoSansSyriac-Regular.ttf', name='Noto Sans Syriac', style='normal', variant='normal', weight=400, stretch='normal', size='scalable')) = 10.05
2025-08-06 14:44:20,005 - DEBUG - findfont: score(FontEntry(fname='/usr/share/fonts/gsfonts/URWBookman-LightItalic.otf', name='URW Bookman', style='italic', variant='normal', weight=300, stretch='normal', size='scalable')) = 11.145
2025-08-06 14:44:20,005 - DEBUG - findfont: score(FontEntry(fname='/usr/share/fonts/noto/NotoSansSinhala-Regular.ttf', name='Noto Sans Sinhala', style='normal', variant='normal', weight=400, stretch='normal', size='scalable')) = 10.05
2025-08-06 14:44:20,005 - DEBUG - findfont: score(FontEntry(fname='/usr/share/fonts/noto/NotoSansJavanese-Regular.ttf', name='Noto Sans Javanese', style='normal', variant='normal', weight=400, stretch='normal', size='scalable')) = 10.05
2025-08-06 14:44:20,005 - DEBUG - findfont: score(FontEntry(fname='/usr/share/fonts/noto/NotoSansSinhalaUI-Light.ttf', name='Noto Sans Sinhala UI', style='normal', variant='normal', weight=300, stretch='normal', size='scalable')) = 10.145
2025-08-06 14:44:20,005 - DEBUG - findfont: score(FontEntry(fname='/usr/share/fonts/noto/NotoSansGurmukhi-Bold.ttf', name='Noto Sans Gurmukhi', style='normal', variant='normal', weight=700, stretch='normal', size='scalable')) = 10.335
2025-08-06 14:44:20,005 - DEBUG - findfont: score(FontEntry(fname='/usr/share/fonts/noto/NotoSansMyanmar-Regular.ttf', name='Noto Sans Myanmar', style='normal', variant='normal', weight=400, stretch='normal', size='scalable')) = 10.05
2025-08-06 14:44:20,005 - DEBUG - findfont: score(FontEntry(fname='/usr/share/fonts/noto/NotoSansShavian-Regular.ttf', name='Noto Sans Shavian', style='normal', variant='normal', weight=400, stretch='normal', size='scalable')) = 10.05
2025-08-06 14:44:20,005 - DEBUG - findfont: score(FontEntry(fname='/usr/share/fonts/gsfonts/P052-Italic.otf', name='P052', style='italic', variant='normal', weight=400, stretch='normal', size='scalable')) = 11.05
2025-08-06 14:44:20,005 - DEBUG - findfont: score(FontEntry(fname='/usr/share/fonts/noto/NotoSerifTamil-MediumItalic.ttf', name='Noto Serif Tamil', style='italic', variant='normal', weight=500, stretch='normal', size='scalable')) = 11.145
2025-08-06 14:44:20,005 - DEBUG - findfont: score(FontEntry(fname='/usr/share/fonts/noto/NotoSansSharada-Regular.ttf', name='Noto Sans Sharada', style='normal', variant='normal', weight=400, stretch='normal', size='scalable')) = 10.05
2025-08-06 14:44:20,005 - DEBUG - findfont: score(FontEntry(fname='/usr/share/fonts/noto/NotoSansHebrew-Black.ttf', name='Noto Sans Hebrew', style='normal', variant='normal', weight=900, stretch='normal', size='scalable')) = 10.525
2025-08-06 14:44:20,005 - DEBUG - findfont: score(FontEntry(fname='/usr/share/fonts/gsfonts/Z003-MediumItalic.otf', name='Z003', style='italic', variant='normal', weight=500, stretch='normal', size='scalable')) = 11.145
2025-08-06 14:44:20,005 - DEBUG - findfont: score(FontEntry(fname='/usr/share/fonts/noto/NotoSansNagMundari-Bold.ttf', name='Noto Sans Nag Mundari', style='normal', variant='normal', weight=700, stretch='normal', size='scalable')) = 10.335
2025-08-06 14:44:20,005 - DEBUG - findfont: score(FontEntry(fname='/usr/share/fonts/noto/NotoSansHanifiRohingya-Bold.ttf', name='Noto Sans Hanifi Rohingya', style='normal', variant='normal', weight=700, stretch='normal', size='scalable')) = 10.335
2025-08-06 14:44:20,005 - DEBUG - findfont: score(FontEntry(fname='/usr/share/fonts/noto/NotoSansSoraSompeng-Regular.ttf', name='Noto Sans Sora Sompeng', style='normal', variant='normal', weight=400, stretch='normal', size='scalable')) = 10.05
2025-08-06 14:44:20,005 - DEBUG - findfont: score(FontEntry(fname='/usr/share/fonts/noto/NotoSansTelugu-Thin.ttf', name='Noto Sans Telugu', style='normal', variant='normal', weight=100, stretch='normal', size='scalable')) = 10.335
2025-08-06 14:44:20,005 - DEBUG - findfont: score(FontEntry(fname='/usr/share/fonts/noto/NotoSerifTibetan-Bold.ttf', name='Noto Serif Tibetan', style='normal', variant='normal', weight=700, stretch='normal', size='scalable')) = 10.335
2025-08-06 14:44:20,005 - DEBUG - findfont: score(FontEntry(fname='/usr/share/fonts/noto/NotoSansGujarati-Black.ttf', name='Noto Sans Gujarati', style='normal', variant='normal', weight=900, stretch='normal', size='scalable')) = 10.525
2025-08-06 14:44:20,005 - DEBUG - findfont: score(FontEntry(fname='/usr/share/fonts/noto/NotoSansMiao-Regular.ttf', name='Noto Sans Miao', style='normal', variant='normal', weight=400, stretch='normal', size='scalable')) = 10.05
2025-08-06 14:44:20,005 - DEBUG - findfont: score(FontEntry(fname='/usr/share/fonts/noto/NotoSansTelugu-Light.ttf', name='Noto Sans Telugu', style='normal', variant='normal', weight=300, stretch='normal', size='scalable')) = 10.145
2025-08-06 14:44:20,005 - DEBUG - findfont: score(FontEntry(fname='/usr/share/fonts/noto/NotoSerifOriya-Bold.ttf', name='Noto Serif Oriya', style='normal', variant='normal', weight=700, stretch='normal', size='scalable')) = 10.335
2025-08-06 14:44:20,005 - DEBUG - findfont: score(FontEntry(fname='/usr/share/fonts/noto/NotoSansOriya-Regular.ttf', name='Noto Sans Oriya', style='normal', variant='normal', weight=400, stretch='normal', size='scalable')) = 10.05
2025-08-06 14:44:20,006 - DEBUG - findfont: score(FontEntry(fname='/usr/share/fonts/noto/NotoSansThaana-Light.ttf', name='Noto Sans Thaana', style='normal', variant='normal', weight=300, stretch='normal', size='scalable')) = 10.145
2025-08-06 14:44:20,006 - DEBUG - findfont: score(FontEntry(fname='/usr/share/fonts/noto/NotoSansGurmukhi-Black.ttf', name='Noto Sans Gurmukhi', style='normal', variant='normal', weight=900, stretch='normal', size='scalable')) = 10.525
2025-08-06 14:44:20,006 - DEBUG - findfont: score(FontEntry(fname='/usr/share/fonts/noto/NotoSerifEthiopic-Light.ttf', name='Noto Serif Ethiopic', style='normal', variant='normal', weight=300, stretch='normal', size='scalable')) = 10.145
2025-08-06 14:44:20,006 - DEBUG - findfont: score(FontEntry(fname='/usr/share/fonts/noto/NotoSansCham-Thin.ttf', name='Noto Sans Cham', style='normal', variant='normal', weight=100, stretch='normal', size='scalable')) = 10.335
2025-08-06 14:44:20,006 - DEBUG - findfont: score(FontEntry(fname='/usr/share/fonts/noto/NotoSerifEthiopic-Medium.ttf', name='Noto Serif Ethiopic', style='normal', variant='normal', weight=500, stretch='normal', size='scalable')) = 10.145
2025-08-06 14:44:20,006 - DEBUG - findfont: score(FontEntry(fname='/usr/share/fonts/noto/NotoZnamennyMusicalNotation-Regular.ttf', name='Noto Znamenny Musical Notation', style='normal', variant='normal', weight=400, stretch='normal', size='scalable')) = 10.05
2025-08-06 14:44:20,006 - DEBUG - findfont: score(FontEntry(fname='/usr/share/fonts/noto/NotoSansSoraSompeng-Medium.ttf', name='Noto Sans Sora Sompeng', style='normal', variant='normal', weight=500, stretch='normal', size='scalable')) = 10.145
2025-08-06 14:44:20,006 - DEBUG - findfont: score(FontEntry(fname='/usr/share/fonts/noto/NotoSerifKhitanSmallScript-Regular.ttf', name='Noto Serif Khitan Small Script', style='normal', variant='normal', weight=400, stretch='normal', size='scalable')) = 10.05
2025-08-06 14:44:20,006 - DEBUG - findfont: score(FontEntry(fname='/usr/share/fonts/noto/NotoSerifDisplay-Bold.ttf', name='Noto Serif Display', style='normal', variant='normal', weight=700, stretch='normal', size='scalable')) = 10.335
2025-08-06 14:44:20,006 - DEBUG - findfont: score(FontEntry(fname='/usr/share/fonts/noto/NotoSerifThai-Medium.ttf', name='Noto Serif Thai', style='normal', variant='normal', weight=500, stretch='normal', size='scalable')) = 10.145
2025-08-06 14:44:20,006 - DEBUG - findfont: score(FontEntry(fname='/usr/share/fonts/TTF/DejaVuSans-BoldOblique.ttf', name='DejaVu Sans', style='oblique', variant='normal', weight=700, stretch='normal', size='scalable')) = 3.335
2025-08-06 14:44:20,006 - DEBUG - findfont: score(FontEntry(fname='/usr/share/fonts/noto/NotoSansMayanNumerals-Regular.ttf', name='Noto Sans Mayan Numerals', style='normal', variant='normal', weight=400, stretch='normal', size='scalable')) = 10.05
2025-08-06 14:44:20,006 - DEBUG - findfont: score(FontEntry(fname='/usr/share/fonts/noto/NotoSansTaiTham-Regular.ttf', name='Noto Sans Tai Tham', style='normal', variant='normal', weight=400, stretch='normal', size='scalable')) = 10.05
2025-08-06 14:44:20,006 - DEBUG - findfont: score(FontEntry(fname='/usr/share/fonts/noto/NotoSansMyanmar-Bold.ttf', name='Noto Sans Myanmar', style='normal', variant='normal', weight=700, stretch='normal', size='scalable')) = 10.335
2025-08-06 14:44:20,006 - DEBUG - findfont: score(FontEntry(fname='/usr/share/fonts/noto/NotoSansMultani-Regular.ttf', name='Noto Sans Multani', style='normal', variant='normal', weight=400, stretch='normal', size='scalable')) = 10.05
2025-08-06 14:44:20,006 - DEBUG - findfont: score(FontEntry(fname='/usr/share/fonts/noto/NotoSerifAhom-Regular.ttf', name='Noto Serif Ahom', style='normal', variant='normal', weight=400, stretch='normal', size='scalable')) = 10.05
2025-08-06 14:44:20,006 - DEBUG - findfont: score(FontEntry(fname='/usr/share/fonts/noto/NotoSerifKannada-Medium.ttf', name='Noto Serif Kannada', style='normal', variant='normal', weight=500, stretch='normal', size='scalable')) = 10.145
2025-08-06 14:44:20,006 - DEBUG - findfont: score(FontEntry(fname='/usr/share/fonts/gnu-free/FreeMonoBoldOblique.otf', name='FreeMono', style='oblique', variant='normal', weight=700, stretch='normal', size='scalable')) = 11.335
2025-08-06 14:44:20,006 - DEBUG - findfont: score(FontEntry(fname='/usr/share/fonts/noto/NotoSansThai-Light.ttf', name='Noto Sans Thai', style='normal', variant='normal', weight=300, stretch='normal', size='scalable')) = 10.145
2025-08-06 14:44:20,006 - DEBUG - findfont: score(FontEntry(fname='/usr/share/fonts/noto/NotoSansOldPersian-Regular.ttf', name='Noto Sans Old Persian', style='normal', variant='normal', weight=400, stretch='normal', size='scalable')) = 10.05
2025-08-06 14:44:20,006 - DEBUG - findfont: score(FontEntry(fname='/usr/share/fonts/noto/NotoSansCherokee-Regular.ttf', name='Noto Sans Cherokee', style='normal', variant='normal', weight=400, stretch='normal', size='scalable')) = 10.05
2025-08-06 14:44:20,007 - DEBUG - findfont: score(FontEntry(fname='/usr/share/fonts/noto/NotoSansSyriacEastern-Black.ttf', name='Noto Sans Syriac Eastern', style='normal', variant='normal', weight=900, stretch='normal', size='scalable')) = 10.525
2025-08-06 14:44:20,007 - DEBUG - findfont: score(FontEntry(fname='/usr/share/fonts/noto/NotoSansWancho-Regular.ttf', name='Noto Sans Wancho', style='normal', variant='normal', weight=400, stretch='normal', size='scalable')) = 10.05
2025-08-06 14:44:20,007 - DEBUG - findfont: score(FontEntry(fname='/usr/share/fonts/noto/NotoSansMalayalamUI-Medium.ttf', name='Noto Sans Malayalam UI', style='normal', variant='normal', weight=500, stretch='normal', size='scalable')) = 10.145
2025-08-06 14:44:20,007 - DEBUG - findfont: score(FontEntry(fname='/usr/share/fonts/noto/NotoSansTamil-Light.ttf', name='Noto Sans Tamil', style='normal', variant='normal', weight=300, stretch='normal', size='scalable')) = 10.145
2025-08-06 14:44:20,007 - DEBUG - findfont: score(FontEntry(fname='/usr/share/fonts/gsfonts/NimbusMonoPS-BoldItalic.otf', name='Nimbus Mono PS', style='italic', variant='normal', weight=700, stretch='normal', size='scalable')) = 11.335
2025-08-06 14:44:20,007 - DEBUG - findfont: score(FontEntry(fname='/usr/share/fonts/noto/NotoSansTamilUI-Black.ttf', name='Noto Sans Tamil UI', style='normal', variant='normal', weight=900, stretch='normal', size='scalable')) = 10.525
2025-08-06 14:44:20,007 - DEBUG - findfont: score(FontEntry(fname='/usr/share/fonts/noto/NotoSansGujarati-Regular.ttf', name='Noto Sans Gujarati', style='normal', variant='normal', weight=400, stretch='normal', size='scalable')) = 10.05
2025-08-06 14:44:20,007 - DEBUG - findfont: score(FontEntry(fname='/usr/share/fonts/noto/NotoSansArabicUI-Regular.ttf', name='Noto Sans Arabic UI', style='normal', variant='normal', weight=400, stretch='normal', size='scalable')) = 10.05
2025-08-06 14:44:20,007 - DEBUG - findfont: score(FontEntry(fname='/usr/share/fonts/noto/NotoSansNKo-Regular.ttf', name='Noto Sans NKo', style='normal', variant='normal', weight=400, stretch='normal', size='scalable')) = 10.05
2025-08-06 14:44:20,007 - DEBUG - findfont: score(FontEntry(fname='/usr/share/fonts/gnu-free/FreeSansBold.otf', name='FreeSans', style='normal', variant='normal', weight=600, stretch='normal', size='scalable')) = 10.24
2025-08-06 14:44:20,007 - DEBUG - findfont: score(FontEntry(fname='/usr/share/fonts/noto/NotoSansTifinaghAdrar-Regular.ttf', name='Noto Sans Tifinagh Adrar', style='normal', variant='normal', weight=400, stretch='normal', size='scalable')) = 10.05
2025-08-06 14:44:20,007 - DEBUG - findfont: score(FontEntry(fname='/usr/share/fonts/noto/NotoSansBamum-Medium.ttf', name='Noto Sans Bamum', style='normal', variant='normal', weight=500, stretch='normal', size='scalable')) = 10.145
2025-08-06 14:44:20,007 - DEBUG - findfont: score(FontEntry(fname='/usr/share/fonts/gnu-free/FreeSerifBold.otf', name='FreeSerif', style='normal', variant='normal', weight=700, stretch='normal', size='scalable')) = 10.335
2025-08-06 14:44:20,007 - DEBUG - findfont: score(FontEntry(fname='/usr/share/fonts/gsfonts/NimbusSansNarrow-Oblique.otf', name='Nimbus Sans Narrow', style='oblique', variant='normal', weight=400, stretch='condensed', size='scalable')) = 11.25
2025-08-06 14:44:20,007 - DEBUG - findfont: score(FontEntry(fname='/usr/share/fonts/noto/NotoSerifGujarati-Thin.ttf', name='Noto Serif Gujarati', style='normal', variant='normal', weight=100, stretch='normal', size='scalable')) = 10.335
2025-08-06 14:44:20,007 - DEBUG - findfont: score(FontEntry(fname='/usr/share/fonts/noto/NotoSansOlChiki-Bold.ttf', name='Noto Sans Ol Chiki', style='normal', variant='normal', weight=700, stretch='normal', size='scalable')) = 10.335
2025-08-06 14:44:20,007 - DEBUG - findfont: score(FontEntry(fname='/usr/share/fonts/noto/NotoSansNewTaiLue-Regular.ttf', name='Noto Sans New Tai Lue', style='normal', variant='normal', weight=400, stretch='normal', size='scalable')) = 10.05
2025-08-06 14:44:20,007 - DEBUG - findfont: Matching sans\-serif:style=normal:variant=normal:weight=normal:stretch=normal:size=11.0 to DejaVu Sans ('/home/simao/.pyenv/versions/.pcadc_venv/lib/python3.10/site-packages/matplotlib/mpl-data/fonts/ttf/DejaVuSans.ttf') with score of 2.050000.
